ObjectID,Mapped,Crash Date,City/Town,Address,AOT Route,Crash Type,Collision Direction,Weather,Road Group,Report Number,Reporting Agency,Road Group ID,AOT Actual Milepoint,Animal,Time of Day,Intersection With,Impairment,Involving,Non Reportable Address,Reporting Agency ID,Road Characteristics,Road Condition,Street Address,Surface Condition,AOT Route ID,Coordinates
4245762,,"September 4, 2019, 11:46 AM",Colchester,156 Roosevelt Highway,US-7,Property Damage Only,"Right Turn and Thru, Angle Broadside -->^--",Rain,"State Highway numbered route, State owned",19CC008659,Colchester PD.,10,0.13,None/Other,Day,Champlain Farms,None,None,,VT0040500,Not at a Junction,None,156 Roosevelt Highway,Wet,70,"44.504369485052266,-73.18163976031289"
4245495,,"September 4, 2019, 12:15 PM",Essex,2 Educational Dr,Unknown,Property Damage Only,Other - Explain in Narrative,Clear,"Other Public Roadway (Rest Areas, Shopping Center - anything open to public)",19ES04928,Essex PD.,9,999.99,None/Other,Day,Brookside Ave,None,None,,VT0040200,Parking Lot,Unknown,2 Educational Dr,Dry,0,"44.49598863481523,-73.1077802778352"
4247643,,"September 4, 2019, 12:44 PM",Colchester,69 Mountain View Drive,MOUNTAIN VIEW DR,Property Damage Only,Opp Direction Sideswipe,Clear,Street or Town Highways in FA Urban Area,19CC008661,Colchester PD.,5,999.99,None/Other,Day,Entrance To CVS Pharmacy Parking Lot,None,None,,VT0040500,Four-way Intersection,None,69 Mountain View Drive,Dry,0,"44.50754038395781,-73.18173399303258"
4249355,,"September 4, 2019, 1:31 PM",Colchester,5866 ROOSEVELT HIGHWAY,US-7,Property Damage Only,Rear End,Cloudy,"State Highway numbered route, State owned",19CC008663,Colchester PD.,10,5.87,None/Other,Day,ROOSEVELT HIGHWAY/GRANDVIEW ROAD,None,None,,VT0040500,Not at a Junction,None,5866 ROOSEVELT HIGHWAY,Dry,70,"44.581163445862785,-73.16182631874997"
4247754,,"September 4, 2019, 6:20 PM",South Burlington,7 Farrell St,Unknown,Property Damage Only,Same Direction Sideswipe,Cloudy,Street or Town Highways in FA Urban Area,19SB009546,So. Burlington PD.,5,999.99,None/Other,Day,Farrell St,None,None,,VT0040300,Parking Lot,None,7 Farrell St,Dry,0,"44.446206569641596,-73.20584435230568"
4247793,,"September 5, 2019, 7:53 AM",South Burlington,I-89 South,I-89,Property Damage Only,Rear End,Clear,"State Highway numbered route, State owned",19A104291,VSP - A1 Williston,10,89.6,None/Other,Day,Mile Marker 89/60SB,None,None,,VTVSP0100,Not at a Junction,None,I-89 South,Dry,890,"44.480633318037015,-73.17536635290966"
4245237,,"September 5, 2019, 8:19 AM",Colchester,Main Street,MAIN ST,Property Damage Only,Rear End,Clear,"Other Public Roadway (Rest Areas, Shopping Center - anything open to public)",19CC008689,Colchester PD.,9,999.99,None/Other,Day,Union Memorial School Parking Lot,None,None,,VT0040500,Not at a Junction,None,Main Street,Dry,0,"44.54847611491972,-73.16071680979051"
4247659,,"September 5, 2019, 8:38 AM",Milton,Causeway,US-2,Property Damage Only,Rear End,Clear,"State Highway numbered route, State owned",19MT006772,Milton PD.,10,999.99,None/Other,Day,Sandbar,None,None,,VT0040600,T - Intersection,None,Causeway,Dry,20,
4248253,,"September 5, 2019, 8:46 AM",South Burlington,75 San Remo Dr,Unknown,Property Damage Only,Rear-to-rear,Clear,"Other Public Roadway (Rest Areas, Shopping Center - anything open to public)",19SB009532,So. Burlington PD.,9,999.99,None/Other,Day,Chittenden Clinic,None,None,,VT0040300,Not at a Junction,None,75 San Remo Dr,Dry,0,"44.45870077203491,-73.1786397584039"
4247756,,"September 5, 2019, 9:40 AM",Williston,329 Harvest Lane,HARVEST LN,Property Damage Only,Other - Explain in Narrative,Clear,Street or Town Highways in FA Urban Area,19WT03820,Williston PD.,5,999.99,None/Other,Day,Marshall Avenue,None,None,,VT0041000,Driveway,None,329 Harvest Lane,Dry,0,"44.44537107360163,-73.12140032243072"
4247941,,"September 5, 2019, 12:18 PM",Burlington,King St,ALTERNATE US-7,Property Damage Only,Rear End,Clear,"State Highway numbered route, State owned",19BU019563,Burlington PD,10,0.91,None/Other,Day,S Winooski Ave,None,None,,VT0040100,Four-way Intersection,None,King St,Dry,9993,"44.47480160034121,-73.21078661838243"
4247755,,"September 5, 2019, 1:08 PM",Williston,Route 2a,VT-2A,Injury,Rear End,Clear,"State Highway numbered route, State owned",19WT03823,Williston PD.,10,4.8,None/Other,Day,Industrial Ave,None,None,,VT0041000,Not at a Junction,None,Route 2a,Dry,21,"44.46512434903511,-73.11290296182682"
4248658,,"September 5, 2019, 2:53 PM",Burlington,Pearl St,US-7,Injury,"Left Turn and Thru, Angle Broadside -->v--",Clear,"State Highway numbered route, State owned",19BU019576,Burlington PD,10,2.43,None/Other,Day,N Willard St,None,Motorcycle,,VT0040100,Four-way Intersection,None,Pearl St,Dry,70,"44.480613837766064,-73.20568407092851"
4253557,,"September 5, 2019, 2:57 PM",Burlington,N Union St,N UNION ST.,Injury,Same Direction Sideswipe,Clear,Federal Aid Urban System (Class 2 TH's and 3 TH's only),19BU019577,Burlington PD,2,0.06,None/Other,Day,Hickok Pl,None,Motorcycle,,VT0040100,T - Intersection,None,N Union St,Dry,U5034,"44.481403153363914,-73.20935884301781"
4246975,,"September 5, 2019, 3:10 PM",Underhill,780 Route 15,VT-15,Injury,Rear End,Clear,"State Highway numbered route, State owned",19A104297,VSP - A1 Williston,10,3.61,None/Other,Day,Warner Creek,None,None,,VTVSP0100,Not at a Junction,None,780 Route 15,Dry,150,"44.57569408362803,-72.94212678460696"
4247943,,"September 5, 2019, 4:20 PM",Williston,521 Shunpike Rd,Unknown,Property Damage Only,Same Direction Sideswipe,Clear,"Other Public Roadway (Rest Areas, Shopping Center - anything open to public)",19WT03826,Williston PD.,9,999.99,None/Other,Day,Ryder Truck,None,Heavy Truck,,VT0041000,Parking Lot,None,521 Shunpike Rd,Dry,0,"44.45336239054489,-73.13511779676537"
4247001,,"September 5, 2019, 5:30 PM",Williston,Essex Road,VT-2A,Injury,Rear End,Clear,"State Highway numbered route, State owned",19WT03839,Williston PD.,10,4.94,None/Other,Day,Sharon Drive,None,None,,VT0041000,Four-way Intersection,None,Essex Road,Dry,21,"44.46714829851114,-73.11297382728073"
4247526,,"September 5, 2019, 5:42 PM",Williston,Chp Alley,CHIP ALY,Property Damage Only,"Left Turn and Thru, Angle Broadside -->v--",Cloudy,"Other Public Roadway (Rest Areas, Shopping Center - anything open to public)",19WT03840,Williston PD.,9,999.99,None/Other,Day,Chip Alley/Global Foundries Parking Lot,None,None,,VT0041000,T - Intersection,None,Chp Alley,Dry,0,"44.473720723405215,-73.08938321247788"
4247739,,"September 5, 2019, 9:20 PM",Burlington,I-189 Ramp,I-189,Property Damage Only,"No Turns, Thru moves only, Broadside ^<",Clear,Ramp or Spur,19BU019613,Burlington PD,7,0.03,None/Other,Night,Shelburne Rd,None,None,,VT0040100,Other - Explain in Narrative,None,I-189 Ramp,Dry,1890,"44.448335364896224,-73.20916211797187"
4248210,,"September 6, 2019, 2:32 AM",Shelburne,5266 Spear St,SPEAR STREET,Injury,Single Vehicle Crash,Clear,Federal Aid Urban System (Class 2 TH's and 3 TH's only),19SH03781,Shelburne PD.,2,2.97,None/Other,Night,Collamer Ct,Alcohol,None,,VT0040700,Not at a Junction,None,5266 Spear St,Dry,U5720,"44.39949201811683,-73.20017676272424"
4247562,,"September 6, 2019, 7:40 AM",Essex,14 Center Rd,VT-15,Property Damage Only,Rear End,Clear,"State Highway numbered route, State owned",19ES04940,Essex PD.,10,4.23,None/Other,Day,Essex Way,None,None,,VT0040200,Not at a Junction,None,14 Center Rd,Dry,150,"44.51021008133344,-73.08127314545412"
4245366,,"September 6, 2019, 7:45 AM",Essex,20 Susie Wilson Rd,SUSIE WILSON RD.,Property Damage Only,Rear End,Cloudy,Federal Aid Urban System (Class 2 TH's and 3 TH's only),19ES04941,Essex PD.,2,0.16,None/Other,Day,Susie Wilson Rd,None,None,,VT0040200,Not at a Junction,None,20 Susie Wilson Rd,Dry,U5410,"44.50610483096714,-73.13592385094437"
4246545,,"September 6, 2019, 10:40 AM",Burlington,Monroe St,MONROE ST,Property Damage Only,Rear End,Clear,Street or Town Highways in FA Urban Area,19BU019662,Burlington PD,5,999.99,None/Other,Day,Johnson St,None,None,,VT0040100,Not at a Junction,None,Monroe St,Dry,0,"44.4814415444596,-73.21609675424943"
4249621,,"September 6, 2019, 1:35 PM",Williston,5399 Williston Rd,Unknown,Property Damage Only,Rear-to-rear,Clear,"Other Public Roadway (Rest Areas, Shopping Center - anything open to public)",19WT03858,Williston PD.,9,999.99,None/Other,Day,Parking Lot Behind Building,None,None,,VT0041000,Parking Lot,None,5399 Williston Rd,Dry,0,"44.45312486241598,-73.11771364756473"
4249401,,"September 6, 2019, 2:10 PM",Burlington,Pearl St,PEARL ST.,Property Damage Only,Rear End,Cloudy,Federal Aid Urban System (Class 2 TH's and 3 TH's only),19BU019693,Burlington PD,2,0.49,None/Other,Day,N Union St,None,None,,VT0040100,T - Intersection,None,Pearl St,Dry,U5038,"44.480555135507394,-73.20940238146534"
4247500,,"September 6, 2019, 2:28 PM",Essex,4 Park St,VT-2A,Property Damage Only,Same Direction Sideswipe,Clear,"State Highway numbered route, State owned",19ES04949,Essex PD.,10,0.64,None/Other,Day,Park Ter,None,None,,VT0040200,Five-point or more,None,4 Park St,Dry,21,"44.49014766205834,-73.11145519569347"
4245994,,"September 6, 2019, 4:28 PM",Williston,Williston Rd,US-2,Injury,Rear End,Clear,"State Highway numbered route, State owned",19WT03861,Williston PD.,10,0.16,None/Other,Day,Miller Ln,None,None,,VT0041000,Not at a Junction,None,Williston Rd,Dry,20,"44.458297809347755,-73.13279251314552"
4246461,,"September 6, 2019, 5:00 PM",Winooski City,E Allen St,VT-15,Property Damage Only,Other - Explain in Narrative,Cloudy,"State Highway numbered route, State owned",19WS006291,Winooski PD.,10,0.2,None/Other,Day,East St,None,None,,VT0040400,Not at a Junction,None,E Allen St,Dry,150,"44.49159624020481,-73.18198770956342"
4248308,,"September 6, 2019, 5:06 PM",Shelburne,6305 US-7,US-7,Injury,Rear End,Clear,"State Highway numbered route, State owned",19SH03792,Shelburne PD.,10,0.93,None/Other,Day,Cynosure Dr,None,None,,VT0040700,Not at a Junction,None,6305 US-7,Dry,70,"44.36628422566875,-73.23300182142083"
4245504,,"September 6, 2019, 5:19 PM",South Burlington,I-189 Westbound,I-189,Property Damage Only,Rear End,Clear,"State Highway numbered route, State owned",19A104316,VSP - A1 Williston,10,0.53,None/Other,Day,U-Turn,None,None,,VTVSP0100,Not at a Junction,None,I-189 Westbound,Dry,1890,"44.449449761444775,-73.19991612241164"
4247548,,"September 6, 2019, 5:48 PM",Shelburne,Shelburne Road,US-7,Property Damage Only,Rear End,Clear,"State Highway numbered route, State owned",19SH03793,Shelburne PD.,10,2.66,None/Other,Day,Webster Road,None,None,,VT0040700,Not at a Junction,None,Shelburne Road,Dry,70,"44.39011292085383,-73.22256736282479"
4247900,,"September 6, 2019, 7:24 PM",Colchester,1407 West Lakeshore Drive,W. LAKESHORE DR.,Property Damage Only,"Left Turn and Thru, Angle Broadside -->v--",Clear,Federal Aid Urban System (Class 2 TH's and 3 TH's only),19CC008752,Colchester PD.,2,0.42,None/Other,Night,Thayer Beach Road,None,None,,VT0040500,Driveway,None,1407 West Lakeshore Drive,Dry,U5606,"44.552877478444366,-73.2416298303912"
4247617,,"September 7, 2019, 11:11 AM",Burlington,Pearl St,PEARL ST.,Property Damage Only,Rear End,Clear,Federal Aid Urban System (Class 2 TH's and 3 TH's only),19BU019800,Burlington PD,2,0.7,None/Other,Day,N Willard St,None,None,,VT0040100,Four-way Intersection,None,Pearl St,Dry,U5038,"44.48066695674515,-73.20526820683251"
4247661,,"September 7, 2019, 2:26 PM",Milton,Southerberry Dr,SOUTHERBERRY DR,Property Damage Only,Other - Explain in Narrative,Cloudy,Street or Town Highways in FA Urban Area,19MT006831,Milton PD.,5,999.99,None/Other,Day,US Rte  7 North,None,None,,VT0040600,T - Intersection,None,Southerberry Dr,Dry,0,"44.623560605191216,-73.13241312416525"
4248519,,"September 7, 2019, 4:12 PM",Colchester,I89 N MM95.2,I-89,Injury,Single Vehicle Crash,Rain,"State Highway numbered route, State owned",19A104333,VSP - A1 Williston,10,95.27,None/Other,Day,Mile Marker 95.2 North,None,None,,VTVSP0100,Not at a Junction,None,I89 N MM95.2,Wet,890,"44.553925276156626,-73.18484172786346"
4248469,,"September 7, 2019, 4:37 PM",Hinesburg,2282 North Road,NORTH RD,Injury,Rear End,Rain,Minor Collector - Non Fed Aid Rural TH,19HB00969,Hinesburg PD.,4,999.99,None/Other,Day,Richmond Road,None,None,,VT0041200,Y - Intersection,"Road Surface Condition(wet, icy, snow, slush, etc)",2282 North Road,Wet,S0706,"44.34553506280026,-73.07811846225698"
4246774,,"September 7, 2019, 4:40 PM",South Burlington,28 Cabot Ct,CABOT CT,Property Damage Only,Head On,Rain,Street or Town Highways in FA Urban Area,19SB009627,So. Burlington PD.,5,999.99,None/Other,Day,,Alcohol,None,,VT0040300,Not at a Junction,"Road Surface Condition(wet, icy, snow, slush, etc)",28 Cabot Ct,Wet,0,"44.41757865077038,-73.17919357482373"
4248389,,"September 8, 2019, 1:20 AM",Burlington,Riverside Ave,ALTERNATE US-7,Property Damage Only,Single Vehicle Crash,Rain,"State Highway numbered route, State owned",19BU019838,Burlington PD,10,2.09,None/Other,Night,N Winooski Ave,None,None,,VT0040100,Y - Intersection,None,Riverside Ave,Wet,9993,"44.48965373682905,-73.2058103411637"
4245524,,"September 8, 2019, 6:33 AM",South Burlington,,I-89,Injury,Single Vehicle Crash,Clear,"State Highway numbered route, State owned",19A104342,VSP - A1 Williston,10,87.9,None/Other,Day,,Alcohol,None,,VTVSP0100,Not at a Junction,None,,Dry,890,"44.45830225295169,-73.18455483783472"
4246881,,"September 8, 2019, 5:00 PM",Milton,I89 S MM 104.6,I-89,Property Damage Only,Rear End,Clear,"State Highway numbered route, State owned",19A104351,VSP - A1 Williston,10,104.6,None/Other,Day,MM 104.6,Alcohol,None,,VTVSP0100,Not at a Junction,None,I89 S MM 104.6,Dry,890,"44.67882754682574,-73.13010081093927"
4247907,,"September 8, 2019, 6:37 PM",Milton,56 Main St,MAIN ST,Property Damage Only,Other - Explain in Narrative,Clear,"Other Public Roadway (Rest Areas, Shopping Center - anything open to public)",19MT006860,Milton PD.,9,999.99,None/Other,Day,Parking Lot,None,None,,VT0040600,Parking Lot,None,56 Main St,,0,"44.639221385659134,-73.10702414346017"
4247849,,"September 9, 2019, 12:00 AM",Williston,5048 St George Rd,VT-2A,Property Damage Only,Single Vehicle Crash,Clear,"State Highway numbered route, State owned",19WT03768,Williston PD.,10,0.93,None/Other,,Laclair Ln,None,None,,VT0041000,Not at a Junction,None,5048 St George Rd,Dry,21,"44.411068637924,-73.12481302909724"
4248287,,"September 9, 2019, 7:30 AM",Essex,Center Road at Essex Way,VT-15,Property Damage Only,Rear End,Rain,"State Highway numbered route, State owned",19ES04891,Essex PD.,10,4.38,None/Other,Day,Center Rd,None,None,,VT0040200,T - Intersection,None,Center Road at Essex Way,Wet,150,"44.510299590026605,-73.07828545509682"
4247764,,"September 9, 2019, 8:41 AM",Burlington,Colchester Ave,COLCHESTER AVE.,Property Damage Only,Rear End,Clear,Federal Aid Urban System (Class 2 TH's and 3 TH's only),19BU019906,Burlington PD,2,1,None/Other,Day,Barrett St,None,None,,VT0040100,Four-way Intersection,Work zone (construction / maintenance / utility),Colchester Ave,Dry,U5014,"44.487890347480764,-73.18674431345502"
4249279,,"September 9, 2019, 9:00 AM",Burlington,N Willard St,US-7,Property Damage Only,Other - Explain in Narrative,Clear,"State Highway numbered route, State owned",19BU019908,Burlington PD,10,2.81,None/Other,Day,Charles St,None,None,,VT0040100,Not at a Junction,None,N Willard St,Dry,70,"44.486138628318905,-73.20594583242416"
4246305,,"September 9, 2019, 11:42 AM",South Burlington,1080 Shelburne Rd,Unknown,Property Damage Only,Rear End,Clear,"Other Public Roadway (Rest Areas, Shopping Center - anything open to public)",19SB009700,So. Burlington PD.,9,999.99,None/Other,Day,Goodwill,None,None,,VT0040300,Not at a Junction,None,1080 Shelburne Rd,Dry,0,"44.43900425316844,-73.20952003158779"
4247867,,"September 9, 2019, 12:54 PM",South Burlington,570 Shelburne Rd,Unknown,Property Damage Only,Other - Explain in Narrative,Clear,"Other Public Roadway (Rest Areas, Shopping Center - anything open to public)",19SB009704,So. Burlington PD.,9,999.99,None/Other,Day,Shaws,None,None,,VT0040300,Not at a Junction,None,570 Shelburne Rd,Dry,0,"44.44967391681321,-73.20710905813029"
4248503,,"September 9, 2019, 3:16 PM",Shelburne,5252 Shelburne Rd,US-7,Property Damage Only,"Left Turn and Thru, Broadside v<--",Clear,"State Highway numbered route, State owned",19SH03835,Shelburne PD.,10,1.98,None/Other,Day,Harbor Rd,None,None,,VT0040700,T - Intersection,None,5252 Shelburne Rd,Dry,70,"44.380951424532306,-73.22742691854603"
4246930,,"September 9, 2019, 3:48 PM",Essex,89 Center Rd,VT-15,Property Damage Only,Rear End,Clear,"State Highway numbered route, State owned",19ES05004,Essex PD.,10,4.94,None/Other,Day,Sunset Rd,None,None,,VT0040200,Not at a Junction,Unknown,89 Center Rd,Dry,150,"44.51080950886837,-73.06713260462372"
4247784,,"September 9, 2019, 6:04 PM",Colchester,College Parkway,VT-15,Property Damage Only,"Left Turn and Thru, Broadside v<--",Clear,"State Highway numbered route, State owned",19CC008822,Colchester PD.,10,0.66,None/Other,Day,Campus Road,None,None,,VT0040500,Not at a Junction,None,College Parkway,Dry,150,"44.49631540414952,-73.16065249264173"
4247993,,"September 9, 2019, 7:29 PM",Winooski City,64 St Peter St,SAINT PETER ST,Property Damage Only,Opp Direction Sideswipe,Cloudy,Street or Town Highways in FA Urban Area,19WS006344,Winooski PD.,5,999.99,None/Other,Night,North St,None,None,,VT0040400,Not at a Junction,None,64 St Peter St,Dry,0,"44.49619178873491,-73.1892841918518"
4246567,,"September 9, 2019, 10:10 PM",Burlington,S Winooski Ave,ALTERNATE US-7,Property Damage Only,Head On,Clear,"State Highway numbered route, State owned",19BU019976,Burlington PD,10,1.24,None/Other,Night,Cherry St,Alcohol,None,,VT0040100,Not at a Junction,None,S Winooski Ave,Dry,9993,"44.47937987604481,-73.21116655925128"
4245398,,"September 10, 2019, 11:39 AM",Essex,331 Autumn Pond Way,THASHA LN,Property Damage Only,Rear-to-rear,Clear,"Other Public Roadway (Rest Areas, Shopping Center - anything open to public)",19ES05017,Essex PD.,9,999.99,None/Other,Day,Old Colchester Rd,None,None,,VT0040200,Parking Lot,Unknown,331 Autumn Pond Way,Dry,0,"44.502624340565006,-73.10549770441384"
4245681,,"September 10, 2019, 2:39 PM",Essex,I289,VT-289,Property Damage Only,Other - Explain in Narrative,Cloudy,Ramp or Spur,19ES05023,Essex PD.,7,0.16,None/Other,Day,Essex Way,None,Bicycle,,VT0040200,Four-way Intersection,None,I289,Dry,2890,"44.504403122502055,-73.07948443849767"
4249591,,"September 10, 2019, 4:04 PM",Burlington,20 Kilburn St,KILBURN ST,Injury,Other - Explain in Narrative,Clear,Street or Town Highways in FA Urban Area,19BU020065,Burlington PD,5,999.99,None/Other,Day,St Paul St,None,None,,VT0040100,Not at a Junction,None,20 Kilburn St,Dry,0,"44.4711367546112,-73.21326823113311"
4245457,,"September 10, 2019, 4:49 PM",Milton,US Rt 7,US-7,Property Damage Only,"Left and Right Turns, Simultaneous Turn Crash --vv--",Clear,"State Highway numbered route, State owned",19MT006909,Milton PD.,10,3.12,None/Other,Day,Southerberry Dr,None,None,,VT0040600,Not at a Junction,None,US Rt 7,Dry,70,"44.62360567894703,-73.13245701030932"
4249499,,"September 10, 2019, 5:30 PM",Jericho,265 VT Rt 15,VT-15,Property Damage Only,"Left Turn and Thru, Same Direction Sideswipe/Angle Crash vv--",Clear,"State Highway numbered route, State owned",19A104395,VSP - A1 Williston,10,2.51,None/Other,Day,"Driveway To Dollar General, # 265",None,None,,VTVSP0100,Driveway,None,265 VT Rt 15,Dry,150,"44.51123539630225,-72.95862120626927"
4249628,,"September 10, 2019, 9:11 PM",Shelburne,6140 VT-116,VT-116,Property Damage Only,"Left Turn and Thru, Angle Broadside -->v--",Cloudy,"State Highway numbered route, State owned",19SH03848,Shelburne PD.,10,0.7,None/Other,Night,Pond Road,None,None,,VT0040700,Not at a Junction,None,6140 VT-116,Dry,1160,"44.38896031693685,-73.14207639070789"
4245406,,"September 11, 2019, 11:04 AM",Essex,310 Ryan St,RYAN ST,Property Damage Only,Other - Explain in Narrative,Cloudy,Street or Town Highways in FA Urban Area,19ES05031,Essex PD.,5,999.99,None/Other,Day,,None,Heavy Truck,,VT0040200,T - Intersection,None,310 Ryan St,Dry,0,"44.50575131488644,-73.14261556075793"
4245448,,"September 11, 2019, 1:30 PM",South Burlington,1200 Airport Dr,Unknown,Property Damage Only,Same Direction Sideswipe,Clear,"Other Public Roadway (Rest Areas, Shopping Center - anything open to public)",19BU020155,Burlington PD,9,999.99,None/Other,Day,Airport Terminal,None,None,,VT0040100,Other - Explain in Narrative,None,1200 Airport Dr,Dry,0,"44.46901996854925,-73.15468386783616"
4248030,,"September 11, 2019, 2:18 PM",Colchester,Vietnam Veterans HWY,I-89,Property Damage Only,Rear End,Clear,"State Highway numbered route, State owned",19A104410,VSP - A1 Williston,10,96.65,None/Other,Day,MM 96/65 NB,None,None,,VTVSP0100,Not at a Junction,None,Vietnam Veterans HWY,Dry,890,"44.573028441111546,-73.17748963765202"
4245623,,"September 11, 2019, 2:45 PM",Jericho,211 Browns Trace Rd,Unknown,Property Damage Only,Other - Explain in Narrative,Cloudy,"Other Public Roadway (Rest Areas, Shopping Center - anything open to public)",19CCSD004579,Chittenden CSD,9,999.99,None/Other,Day,Morgan Rd,None,None,,VT0040000,Parking Lot,None,211 Browns Trace Rd,Dry,0,"44.48620061810593,-72.963082198377"
4245431,,"September 11, 2019, 3:22 PM",Williston,1133 SOUTH ROAD,SOUTH RD,Property Damage Only,Other - Explain in Narrative,Clear,"City, Village or Urban Compact Street not in FA Urban Area (Class 2 and 3 Non-Federal Aid)",19WT03946,Williston PD.,6,999.99,None/Other,Day,,None,None,,VT0041000,Driveway,None,1133 SOUTH ROAD,Dry,0,"44.42359722022503,-73.06744694090773"
4246980,,"September 11, 2019, 3:47 PM",Shelburne,5167 Shelburne Rd,US-7,Property Damage Only,Rear End,Clear,"State Highway numbered route, State owned",19SH03866,Shelburne PD.,10,2.09,None/Other,Day,Falls Rd,None,None,,VT0040700,Not at a Junction,None,5167 Shelburne Rd,Dry,70,"44.38249142896983,-73.22685204139988"
4249268,,"September 11, 2019, 5:26 PM",South Burlington,Williston Road,US-2,Property Damage Only,Same Direction Sideswipe,Clear,"State Highway numbered route, Class 1 TH",19SB009778,So. Burlington PD.,11,0.48,None/Other,Day,Dorset St,None,None,,VT0040300,Not at a Junction,None,Williston Road,Dry,20,"44.4691717245861,-73.18123938105721"
4246135,,"September 11, 2019, 8:37 PM",Essex,Upper Main Street,VT-15,Property Damage Only,"Left Turn and Thru, Angle Broadside -->v--",Cloudy,"State Highway numbered route, State owned",19ES05041,Essex PD.,10,3.86,None/Other,Night,I 289 West Bound Off Ramp - Exit 9,None,None,,VT0040200,Four-way Intersection,None,Upper Main Street,Dry,150,"44.50732973526554,-73.08786663539647"
4245352,,"September 12, 2019, 8:10 AM",Colchester,156 Roosevelt Highway,US-7,Property Damage Only,"Right Turn and Thru, Same Direction Sideswipe/Angle Crash ^^--",Clear,"State Highway numbered route, State owned",19CC008915,Colchester PD.,10,0.15,None/Other,Day,South Park Drive,None,None,,VT0040500,Not at a Junction,None,156 Roosevelt Highway,Dry,70,"44.504659002282516,-73.18152426546355"
4248648,,"September 12, 2019, 10:54 PM",Burlington,North St,NORTH ST.,Property Damage Only,"Left Turn and Thru, Angle Broadside -->v--",Wind,Federal Aid Urban System (Class 2 TH's and 3 TH's only),19BU020270,Burlington PD,2,0.15,None/Other,Night,Park St,None,None,,VT0040100,Four-way Intersection,None,North St,Dry,U5032,"44.48453738728727,-73.2193232867778"
4245415,,"September 12, 2019, 11:42 PM",Williston,St George Rd,VT-2A,Injury,Single Vehicle Crash,Clear,"State Highway numbered route, State owned",19WT03975,Williston PD.,10,1.92,None/Other,Night,Lawes Drive,None,None,,VT0041000,Not at a Junction,None,St George Rd,Dry,21,"44.42526686933686,-73.12305984328471"
4248217,,"September 13, 2019, 8:22 AM",Burlington,Pearl St,PEARL ST.,Property Damage Only,Rear End,Clear,Federal Aid Urban System (Class 2 TH's and 3 TH's only),19BU020294,Burlington PD,2,0.78,None/Other,Day,N Williams St,None,None,,VT0040100,Not at a Junction,None,Pearl St,Dry,U5038,"44.4807081576802,-73.20369310552915"
4247639,,"September 13, 2019, 10:18 AM",Burlington,Main St,MAIN ST.,Property Damage Only,Other - Explain in Narrative,Clear,Federal Aid Urban System (Class 2 TH's and 3 TH's only),19BU020311,Burlington PD,2,0.13,None/Other,Day,Pine St,None,None,,VT0040100,Other - Explain in Narrative,None,Main St,Dry,U5022,"44.475799161317376,-73.2162848842264"
4245947,,"September 13, 2019, 12:44 PM",South Burlington,Kennedy Dr,FAP 121-1 KENNEDY DRIVE,Property Damage Only,Same Direction Sideswipe,Clear,"State Highway numbered route, State owned",19SB009858,So. Burlington PD.,10,0.56,None/Other,Day,Timber Ln,None,None,,VT0040300,Four-way Intersection,None,Kennedy Dr,Dry,9998,"44.45400107288411,-73.1674584169822"
4248277,,"September 13, 2019, 2:13 PM",Williston,552 Michael Ln,MICHAEL LN,Property Damage Only,Other - Explain in Narrative,Clear,Street or Town Highways in FA Urban Area,19WT03990,Williston PD.,5,999.99,None/Other,Day,Ian Pl,None,None,,VT0041000,Not at a Junction,None,552 Michael Ln,Dry,0,"44.44819244620772,-73.0675468228815"
4245604,,"September 13, 2019, 3:40 PM",Williston,St George Rd,VT-2A,Property Damage Only,Rear End,Clear,"State Highway numbered route, State owned",19WT03993,Williston PD.,10,3,None/Other,Day,I89 Overpass,None,None,,VT0041000,Four-way Intersection,None,St George Rd,Dry,21,"44.439879201608036,-73.11477853350053"
4248664,,"September 13, 2019, 4:21 PM",South Burlington,Mile Marker 87,I-89,Injury,Rear End,Clear,"State Highway numbered route, State owned",19A104447,VSP - A1 Williston,10,87,None/Other,Day,Interstate 89S / Mile Marker 87,None,Motorcycle,,VTVSP0100,Not at a Junction,None,Mile Marker 87,Dry,890,"44.449137409713,-73.1741889637419"
4248606,,"September 13, 2019, 4:45 PM",South Burlington,Shelburne Rd,US-7,Property Damage Only,Rear End,Clear,"State Highway numbered route, State owned",19SB009873,So. Burlington PD.,10,0.1,None/Other,Day,Allen Rd,None,Heavy Truck,,VT0040300,Four-way Intersection,None,Shelburne Rd,Dry,70,"44.42225230400825,-73.21191885094267"