ObjectID,Mapped,Crash Date,City/Town,Address,AOT Route,Crash Type,Collision Direction,Weather,Road Group,Report Number,Reporting Agency,Road Group ID,AOT Actual Milepoint,Animal,Time of Day,Intersection With,Impairment,Involving,Non Reportable Address,Reporting Agency ID,Road Characteristics,Road Condition,Street Address,Surface Condition,AOT Route ID,Coordinates
4245583,,"September 13, 2019, 8:56 PM",Winooski City,Main St,US-7,Property Damage Only,Head On,Clear,"State Highway numbered route, Class 1 TH",19WS006451,Winooski PD.,11,0.12,None/Other,Night,Winooski Falls Way,Alcohol,None,,VT0040400,Traffic circle / roundabout,None,Main St,Dry,70,"44.490563655973325,-73.18575446772311"
4247913,,"September 14, 2019, 11:26 AM",Burlington,345 Pine St,PINE ST.,Property Damage Only,Rear End,Clear,Federal Aid Urban System (Class 2 TH's and 3 TH's only),19BU020407,Burlington PD,2,0.97,None/Other,Day,Marble Ave,None,Heavy Truck,,VT0040100,Not at a Junction,None,345 Pine St,Dry,U5040,"44.46941661188403,-73.21514187716635"
4249345,,"September 14, 2019, 1:07 PM",Milton,US Rt 7,US-7,Injury,Single Vehicle Crash,Cloudy,"State Highway numbered route, State owned",19MT007028,Milton PD.,10,5.89,Deer,Day,Lake Rd,None,None,,VT0040600,Not at a Junction,None,US Rt 7,Dry,70,"44.65161707873287,-73.11494843763874"
4247927,,"September 14, 2019, 1:59 PM",Williston,210 Eastview Cir,EASTVIEW CIR,Property Damage Only,Other - Explain in Narrative,Cloudy,Street or Town Highways in FA Urban Area,19ES05093,Essex PD.,5,999.99,None/Other,Day,Northview Ct,None,None,,VT0040200,Not at a Junction,None,210 Eastview Cir,Dry,0,"44.47743885904668,-73.11150937748175"
4247727,,"September 14, 2019, 3:01 PM",Williston,Essex Rd,VT-2A,Property Damage Only,"Left Turn and Thru, Angle Broadside -->v--",Cloudy,"State Highway numbered route, State owned",19WT04013,Williston PD.,10,4.64,None/Other,Day,Meadow Run Rd,None,None,,VT0041000,T - Intersection,None,Essex Rd,Dry,21,"44.46282399456581,-73.1126114700672"
4247642,,"September 14, 2019, 4:31 PM",Burlington,88 S Union St,S UNION ST.,Property Damage Only,"Left Turn and Thru, Same Direction Sideswipe/Angle Crash vv--",Clear,Federal Aid Urban System (Class 2 TH's and 3 TH's only),19BU020426,Burlington PD,2,0.92,None/Other,Day,S Union St,None,None,,VT0040100,Driveway,None,88 S Union St,Dry,U5052,"44.478137114459265,-73.20911003175694"
4248801,,"September 14, 2019, 4:31 PM",Burlington,Shelburne Rd,US-7,Property Damage Only,"No Turns, Thru moves only, Broadside ^<",Clear,"State Highway numbered route, State owned",19BU020425,Burlington PD,10,0.16,None/Other,Day,Intersate 189,None,None,,VT0040100,T - Intersection,None,Shelburne Rd,Dry,70,"44.448250414443805,-73.20923198416106"
4248114,,"September 15, 2019, 7:31 AM",Burlington,Pearl St,PEARL ST.,Property Damage Only,Rear-to-rear,Clear,Federal Aid Urban System (Class 2 TH's and 3 TH's only),19BU020480,Burlington PD,2,0.24,None/Other,Day,St Paul St,None,Heavy Truck,,VT0040100,Not at a Junction,None,Pearl St,Dry,U5038,"44.48039898827315,-73.21432235983742"
4247724,,"September 15, 2019, 9:36 AM",Williston,Merchants Row,MERCHANTS ROW,Property Damage Only,Same Direction Sideswipe,Clear,Street or Town Highways in FA Urban Area,19WT04021,Williston PD.,5,999.99,None/Other,Day,Trader Lane,None,None,,VT0041000,Not at a Junction,None,Merchants Row,Dry,0,"44.44572438124673,-73.11323869548005"
4248723,,"September 15, 2019, 3:25 PM",Charlotte,Dorset Street,DORSET ST,Injury,Single Vehicle Crash,Cloudy,Minor Collector - Non Fed Aid Rural TH,19A104472,VSP - A1 Williston,4,999.99,None/Other,Day,Hinesburg Road (TH# 2 ),None,None,,VTVSP0100,Not at a Junction,None,Dorset Street,Dry,S0840,"44.32457755725704,-73.17292931057231"
4247248,,"September 16, 2019, 5:22 AM",Milton,Lake Rd,LAKE ROAD,Property Damage Only,Other - Explain in Narrative,Clear,Federal Aid Urban System (Class 2 TH's and 3 TH's only),19MT007081,Milton PD.,2,7.58,None/Other,Night,Eagle Mtn Harbor Rd,Alcohol,None,,VT0040600,Not at a Junction,None,Lake Rd,Dry,U5806,"44.705351374503294,-73.20641373683496"
4247596,,"September 16, 2019, 7:49 AM",Richmond,450 East Hill Rd,TOWN ROAD 0017,Property Damage Only,"No Turns, Thru moves only, Broadside ^<",Clear,"City, Village or Urban Compact Street not in FA Urban Area (Class 2 and 3 Non-Federal Aid)",19RM00637,Richmond PD.,6,999.99,None/Other,Day,Christmas Hill Road,None,Heavy Truck,,VT0040800,T - Intersection,None,450 East Hill Rd,Dry,T0017,"44.40281708036064,-73.04994860392884"
4246570,,"September 16, 2019, 7:53 AM",Burlington,Pearl St,PEARL ST.,Injury,"Left Turn and Thru, Angle Broadside -->v--",Clear,Federal Aid Urban System (Class 2 TH's and 3 TH's only),19BU020533,Burlington PD,2,0.08,None/Other,Day,N Champlain St,None,Bicycle,,VT0040100,T - Intersection,None,Pearl St,Dry,U5038,"44.48030422488719,-73.2174347274392"
4248184,,"September 16, 2019, 10:16 AM",Williston,ST. GEORGE ROAD,VT-2A,Property Damage Only,Rear End,Clear,"State Highway numbered route, State owned",19WT04037,Williston PD.,10,2.11,None/Other,Day,OLD CREAMERY ROAD,None,Motorcycle,,VT0041000,T - Intersection,,ST. GEORGE ROAD,,21,"44.42770350777199,-73.1213419253236"
4245429,,"September 16, 2019, 11:11 AM",Burlington,North Ave,NORTH AVE.,Injury,Rear End,Clear,Federal Aid Urban System (Class 2 TH's and 3 TH's only),19BU020551,Burlington PD,2,0.47,None/Other,Day,Berry St,None,None,,VT0040100,Not at a Junction,None,North Ave,Dry,U5026,"44.487803577448425,-73.22500385171033"
4248020,,"September 16, 2019, 1:55 PM",South Burlington,75 Eastwood Dr,EASTWOOD DR,Injury,"Left Turn and Thru, Angle Broadside -->v--",Clear,Street or Town Highways in FA Urban Area,19SB009980,So. Burlington PD.,5,999.99,None/Other,Day,Joy Dr,None,None,,VT0040300,Other - Explain in Narrative,None,75 Eastwood Dr,Dry,0,"44.45118074011039,-73.20334122851465"
4245537,,"September 16, 2019, 4:26 PM",South Burlington,RT 7,US-7,Injury,Rear End,Clear,"State Highway numbered route, State owned",19A104493,VSP - A1 Williston,10,0.26,None/Other,Day,Shaw's Supermarket,None,None,,VTVSP0100,Y - Intersection,Unknown,RT 7,Dry,70,"44.42456431589064,-73.21169723718769"
4247696,,"September 16, 2019, 6:22 PM",Essex,206 Old Stage Rd,OLD STAGE RD.,Injury,Single Vehicle Crash,Clear,Federal Aid Urban System (Class 2 TH's and 3 TH's only),19ES05127,Essex PD.,2,2.07,None/Other,Day,Brigham Hill Rd,None,None,,VT0040200,Not at a Junction,Other - Explain in Narrative,206 Old Stage Rd,Dry,U5409,"44.538295591280615,-73.07401514025271"
4245459,,"September 17, 2019, 5:22 AM",Essex,23 Jericho Rd,VT-15,Property Damage Only,Single Vehicle Crash,Clear,"State Highway numbered route, State owned",19ES05137,Essex PD.,10,5.64,None/Other,Night,Sand Hill Rd,None,None,,VT0040200,Y - Intersection,None,23 Jericho Rd,Dry,150,"44.50888688812733,-73.0549106641238"
4247668,,"September 17, 2019, 7:57 AM",Burlington,North Ave,NORTH AVE.,Property Damage Only,"Left Turn and Thru, Angle Broadside -->v--",Clear,Federal Aid Urban System (Class 2 TH's and 3 TH's only),19BU020612,Burlington PD,2,1.25,None/Other,Day,Insititute Rd,None,None,,VT0040100,Four-way Intersection,None,North Ave,Dry,U5026,"44.49713461895527,-73.23232420692372"
4247997,,"September 17, 2019, 8:01 AM",Williston,ST. GEORGE ROAD,VT-2A,Property Damage Only,Rear End,Clear,"State Highway numbered route, State owned",19WT04049,Williston PD.,10,3.38,None/Other,Day,MAPLE TREE PLACE,None,None,,VT0041000,Not at a Junction,None,ST. GEORGE ROAD,Dry,21,"44.44491519238668,-73.11206166663227"
4247693,,"September 17, 2019, 8:04 AM",Essex,91 Maple St,VT-117,Property Damage Only,Rear End,Clear,"State Highway numbered route, State owned",19ES05140,Essex PD.,10,0.61,None/Other,Day,Maplewood Ln,None,None,,VT0040200,Not at a Junction,None,91 Maple St,Dry,1170,"44.48614247527079,-73.10022651490111"
4245153,,"September 17, 2019, 8:06 AM",South Burlington,MM 89 SB,I-89,Injury,Rear End,Clear,"State Highway numbered route, State owned",19A104500,VSP - A2 St. Albans,10,89,None/Other,Day,,None,None,,VTVSP0700,Off Ramp,Obstruction in roadway,MM 89 SB,Dry,890,"44.473533175808534,-73.18184144784423"
4247767,,"September 17, 2019, 9:52 AM",Burlington,65 Cherry Ln,CHERRY LN,Property Damage Only,Rear End,Clear,Street or Town Highways in FA Urban Area,19BU020625,Burlington PD,5,999.99,None/Other,Day,Bittersweet Ln,None,None,,VT0040100,Not at a Junction,None,65 Cherry Ln,Dry,0,"44.46118046645944,-73.21118134637416"
4247603,,"September 17, 2019, 12:02 PM",Williston,ST. GEORGE ROAD,VT-2A,Property Damage Only,Rear End,Clear,"State Highway numbered route, State owned",19WT04055,Williston PD.,10,3.33,None/Other,Day,MAPLE TREE PLACE,None,None,,VT0041000,Not at a Junction,None,ST. GEORGE ROAD,Dry,21,"44.44425194659628,-73.11242020130248"
4247853,,"September 17, 2019, 1:12 PM",Essex,190 Colchester Rd,VT-2A,Injury,"Left Turn and Thru, Head On ^v--",Clear,"State Highway numbered route, State owned",19ES05149,Essex PD.,10,2.47,None/Other,Day,Susie Wilson Byp,None,None,,VT0040200,Four-way Intersection,None,190 Colchester Rd,Dry,21,"44.515150244293565,-73.1222992553472"
4247790,,"September 17, 2019, 3:36 PM",Essex,Browns River Road,VT-128,Property Damage Only,"Left Turn and Thru, Angle Broadside -->v--",Clear,"State Highway numbered route, State owned",19ES05155,Essex PD.,10,0.1,None/Other,Day,Bixby Hill Rd,None,None,,VT0040200,Four-way Intersection,None,Browns River Road,Dry,1280,"44.51233001838534,-73.05749748970214"
4249059,,"September 17, 2019, 5:03 PM",Williston,Williston Road,US-2,Property Damage Only,Rear End,Clear,"State Highway numbered route, State owned",19WT04059,Williston PD.,10,0.17,None/Other,Day,Engineers Drive,None,None,,VT0041000,Y - Intersection,None,Williston Road,Dry,20,"44.45829898762353,-73.13257752166378"
4248607,,"September 17, 2019, 8:36 PM",Shelburne,Shelburne Road At Bostwick Road,US-7,Property Damage Only,Rear End,Clear,"State Highway numbered route, State owned",19SH03954,Shelburne PD.,10,1.16,None/Other,Night,Shelburne Museum,None,None,,VT0040700,Four-way Intersection,None,Shelburne Road At Bostwick Road,Dry,70,"44.369485782882336,-73.2317184171647"
4248715,,"September 17, 2019, 10:38 PM",Essex,101 Pearl St,Unknown,Property Damage Only,Rear-to-rear,Clear,"Other Public Roadway (Rest Areas, Shopping Center - anything open to public)",19ES05160,Essex PD.,9,999.99,None/Other,Night,Roscoe Ct,None,None,,VT0040200,Parking Lot,None,101 Pearl St,Dry,0,"44.49476297494876,-73.11982529593493"
4245358,,"September 18, 2019, 9:46 AM",Burlington,Pine St,PINE ST,Property Damage Only,Same Direction Sideswipe,Clear,Street or Town Highways in FA Urban Area,19BU020732,Burlington PD,5,999.99,None/Other,Day,Bank St,None,None,,VT0040100,Not at a Junction,None,Pine St,Dry,0,"44.478094117517486,-73.21570836628507"
4248411,,"September 18, 2019, 12:07 PM",South Burlington,Patchen Rd,PATCHEN ROAD,Property Damage Only,"Left Turn and Thru, Angle Broadside -->v--",Clear,Federal Aid Urban System (Class 2 TH's and 3 TH's only),19SB010064,So. Burlington PD.,2,0.06,None/Other,Day,White St,None,None,,VT0040300,Not at a Junction,None,Patchen Rd,Dry,U5216,"44.46782997836444,-73.17150304741499"
4247227,,"September 18, 2019, 2:00 PM",Milton,Rte 7,US ROUTE 7,Property Damage Only,Head On,Clear,"Other Public Roadway (Rest Areas, Shopping Center - anything open to public)",19MT007144,Milton PD.,9,999.99,None/Other,Day,Restore Parking Lot,None,None,,VT0040600,Not at a Junction,None,Rte 7,Dry,0,"44.59883362601128,-73.16391515311938"
4248838,,"September 18, 2019, 5:20 PM",Colchester,Roosevelt Hwy,US-7,Property Damage Only,Rear End,Clear,"State Highway numbered route, State owned",19WS006589,Winooski PD.,10,0.24,None/Other,Day,Exit 16; NB Entrance Turn Lane,None,None,,VT0040400,Other - Explain in Narrative,None,Roosevelt Hwy,Dry,70,"44.505961675125945,-73.1810061557765"
4248078,,"September 19, 2019, 8:39 AM",Colchester,Roosevelt Highway/ Route 2,US-2,Property Damage Only,"Left Turn and Thru, Head On ^v--",Clear,"State Highway numbered route, State owned",19CC009138,Colchester PD.,10,1.69,None/Other,Day,Jaspermine Road,None,Heavy Truck,,VT0040500,Four-way Intersection,None,Roosevelt Highway/ Route 2,Dry,20,"44.591478644920215,-73.17632446920935"
4247579,,"September 19, 2019, 4:50 PM",Williston,Maple Tree Place,MAPLE TREE PL,Injury,Rear End,Clear,Street or Town Highways in FA Urban Area,19WT04098,Williston PD.,5,999.99,None/Other,Day,Williston Road,None,Motorcycle,,VT0041000,Four-way Intersection,None,Maple Tree Place,Dry,0,"44.44758685434697,-73.10634078711117"
4245473,,"September 19, 2019, 4:52 PM",Williston,St George Road,VT-2A,Property Damage Only,Rear End,Cloudy,"State Highway numbered route, State owned",19WT04099,Williston PD.,10,3.72,None/Other,Day,St George Road/Williston Road,None,None,,VT0041000,Four-way Intersection,None,St George Road,Dry,21,"44.449595055814854,-73.11097148468568"
4247623,,"September 19, 2019, 6:06 PM",Williston,Williston Rd,US-2,Property Damage Only,"Left Turn and Thru, Angle Broadside -->v--",Clear,"State Highway numbered route, State owned",19WT04100,Williston PD.,10,3.74,None/Other,Day,Oak Hill Rd,None,None,,VT0041000,Four-way Intersection,None,Williston Rd,Dry,20,"44.437482376077874,-73.06815230146587"
4249479,,"September 20, 2019, 9:49 AM",South Burlington,1125 Shelburne Rd,Unknown,Property Damage Only,Rear-to-rear,Clear,"Other Public Roadway (Rest Areas, Shopping Center - anything open to public)",19SB010159,So. Burlington PD.,9,999.99,None/Other,Day,Parking Lot,None,None,,VT0040300,Parking Lot,None,1125 Shelburne Rd,Dry,0,"44.437639568699105,-73.21084044128223"
4246414,,"September 20, 2019, 4:06 PM",South Burlington,Dorset St,Unknown,Property Damage Only,Rear End,Clear,"Other Public Roadway (Rest Areas, Shopping Center - anything open to public)",19SB010170,So. Burlington PD.,9,999.99,None/Other,Day,500 Dorset St,None,None,,VT0040300,Four-way Intersection,None,Dorset St,Dry,0,"44.45671533981968,-73.1772748241969"
4245359,,"September 20, 2019, 5:26 PM",Milton,191 Middle Rd,MIDDLE ROAD,Injury,Rear End,Clear,Federal Aid Urban System (Class 2 TH's and 3 TH's only),19MT007190,Milton PD.,2,2.05,None/Other,Day,Na,None,None,,VT0040600,Not at a Junction,None,191 Middle Rd,Dry,U5810,"44.61046566448632,-73.12283407928894"
4245467,,"September 20, 2019, 6:44 PM",South Burlington,200 Dorset St,Unknown,Property Damage Only,Other - Explain in Narrative,Clear,"Other Public Roadway (Rest Areas, Shopping Center - anything open to public)",19SB010179,So. Burlington PD.,9,999.99,None/Other,Day,Parking Lot,None,None,,VT0040300,Parking Lot,None,200 Dorset St,Dry,0,"44.46376934846251,-73.18040605291533"
4247942,,"September 20, 2019, 8:37 PM",Williston,244 Retail Way,Unknown,Property Damage Only,Same Direction Sideswipe,Cloudy,"Other Public Roadway (Rest Areas, Shopping Center - anything open to public)",19WT04124,Williston PD.,9,999.99,None/Other,Night,Trader Ln,None,None,,VT0041000,Not at a Junction,None,244 Retail Way,Dry,0,"44.444106198700446,-73.11459106558921"
4247277,,"September 21, 2019, 9:01 AM",Burlington,S Willard St,US-7,Property Damage Only,Opp Direction Sideswipe,Clear,"State Highway numbered route, State owned",19BU020977,Burlington PD,10,1.65,None/Other,Day,Cliff St,None,None,,VT0040100,Four-way Intersection,None,S Willard St,,70,"44.469117864255146,-73.20521623762862"
4247650,,"September 21, 2019, 10:35 AM",Colchester,US Route 2,US-2,Injury,Rear End,Clear,"State Highway numbered route, State owned",19CC009240,Colchester PD.,10,2.03,None/Other,Day,Exit 17 NB Off Ramp,None,None,,VT0040500,Off Ramp,None,US Route 2,Dry,20,"44.58986986751717,-73.16980723547611"
4245374,,"September 21, 2019, 11:12 AM",Burlington,St Paul St,ALTERNATE US-7,Property Damage Only,Other - Explain in Narrative,Clear,"State Highway numbered route, State owned",19BU020987,Burlington PD,10,0.34,None/Other,Day,475 St Paul St Driveway,None,None,,VT0040100,Driveway,Unknown,St Paul St,Dry,9993,"44.46703208441083,-73.2094631049269"
4248582,,"September 21, 2019, 1:01 PM",Essex,VT Route 289,VT-289,Property Damage Only,Other - Explain in Narrative,Clear,Ramp or Spur,19ES05224,Essex PD.,7,0.05,None/Other,Day,East Bound On Ramp At Exit 9,None,None,,VT0040200,On Ramp,Work zone (construction / maintenance / utility),VT Route 289,Dry,2890,"44.506441374695,-73.08799440506284"
4245621,,"September 22, 2019, 1:45 PM",Buels Gore,7903 VT Route 17,VT-17,Injury,Single Vehicle Crash,Clear,"State Highway numbered route, State owned",19A104587,VSP - A1 Williston,10,2.53,None/Other,Day,,None,Motorcycle,,VTVSP0100,Not at a Junction,None,7903 VT Route 17,Dry,170,"44.211062860134085,-72.93143639897978"
4247972,,"September 22, 2019, 2:25 PM",Essex,91 Beech St,BEECH ST,Property Damage Only,Other - Explain in Narrative,Clear,Street or Town Highways in FA Urban Area,19ES05256,Essex PD.,5,999.99,None/Other,Day,Corduroy Rd,None,None,,VT0040200,Not at a Junction,None,91 Beech St,Dry,0,"44.49413611171296,-73.08511684862596"
4248172,,"September 23, 2019, 8:05 AM",Burlington,Shelburne Rd,US-7,Injury,"Left Turn and Thru, Angle Broadside -->v--",Clear,"State Highway numbered route, State owned",19BU021129,Burlington PD,10,0.63,None/Other,Day,Flynn Ave,None,None,,VT0040100,Four-way Intersection,None,Shelburne Rd,Dry,70,"44.454769274369404,-73.20863848503365"
4253914,,"September 23, 2019, 10:50 AM",Colchester,3555 ROOSEVELT HIGHWAY,US-7,Injury,Rear End,Cloudy,"State Highway numbered route, State owned",19CC009298,Colchester PD.,10,3.51,None/Other,Day,BAY ROAD,None,Bicycle,,VT0040500,Not at a Junction,None,3555 ROOSEVELT HIGHWAY,Dry,70,"44.54941893315004,-73.16442071939126"
4245432,,"September 23, 2019, 2:15 PM",South Burlington,1800 Williston Rd,US-2,Injury,Head On,Clear,"State Highway numbered route, Class 1 TH",19SB010281,So. Burlington PD.,11,1.85,None/Other,Day,Airport Dr,None,None,,VT0040300,Other - Explain in Narrative,None,1800 Williston Rd,Dry,20,"44.463281134312986,-73.15497662084474"
4247759,,"September 23, 2019, 5:20 PM",Williston,ESSEX ROAD,VT-2A,Property Damage Only,Rear End,Cloudy,"State Highway numbered route, State owned",19WT04166,Williston PD.,10,3.98,None/Other,Day,PAUL STREET,None,None,,VT0041000,Not at a Junction,None,ESSEX ROAD,Wet,21,"44.45333344987757,-73.11143440888999"
4245378,,"September 24, 2019, 9:05 AM",Colchester,781 College Parkway,COLLEGE PKWY,Property Damage Only,Other - Explain in Narrative,Clear,"Other Public Roadway (Rest Areas, Shopping Center - anything open to public)",19CC009325,Colchester PD.,9,999.99,None/Other,Day,Cumberland Farms,None,None,,VT0040500,Parking Lot,None,781 College Parkway,Dry,0,"44.497480612228166,-73.15845576114164"
4245212,,"September 24, 2019, 9:47 AM",Burlington,Riverside Ave,US-7,Property Damage Only,"No Turns, Thru moves only, Broadside ^<",Clear,"State Highway numbered route, State owned",19BU021222,Burlington PD,10,3.22,None/Other,Day,N Prospect St,None,None,,VT0040100,Four-way Intersection,None,Riverside Ave,Wet,70,"44.48897927059889,-73.20241753425802"
4245490,,"September 24, 2019, 3:24 PM",South Burlington,Airport Dr,FAP 121-1 KENNEDY DRIVE,Property Damage Only,Same Direction Sideswipe,Clear,"State Highway numbered route, State owned",19SB010319,So. Burlington PD.,10,1.48,None/Other,Day,Williston Rd,None,None,,VT0040300,Four-way Intersection,None,Airport Dr,Dry,9998,"44.46252981745292,-73.1541662546976"
4246214,,"September 24, 2019, 3:44 PM",Winooski City,Elm St,ELM ST,Property Damage Only,Opp Direction Sideswipe,Clear,Street or Town Highways in FA Urban Area,19WS006729,Winooski PD.,5,999.99,None/Other,Day,Hickok St,None,Heavy Truck,,VT0040400,Four-way Intersection,Work zone (construction / maintenance / utility),Elm St,Dry,0,"44.49562626931766,-73.19498586893147"
4245160,,"September 24, 2019, 4:07 PM",Winooski City,6 George St,GEORGE ST,Property Damage Only,Other - Explain in Narrative,Clear,Street or Town Highways in FA Urban Area,19WS006730,Winooski PD.,5,999.99,None/Other,Day,Franklin St,None,None,,VT0040400,Not at a Junction,None,6 George St,Dry,0,"44.49856728426971,-73.17882540691201"
4247539,,"September 24, 2019, 8:52 PM",Colchester,College Parkway,VT-15,Property Damage Only,Rear End,Rain,"State Highway numbered route, State owned",19CC009353,Colchester PD.,10,0.23,None/Other,Night,220 College Parkway,None,None,,VT0040500,Y - Intersection,None,College Parkway,Wet,150,"44.492988471624294,-73.16648931631813"
4249178,,"September 25, 2019, 10:00 AM",Essex,79 Center Rd,VT-15,Property Damage Only,"Left Turn and Thru, Angle Broadside -->v--",Cloudy,"State Highway numbered route, State owned",19ES05307,Essex PD.,10,4.86,None/Other,Day,Sunset Rd,None,None,,VT0040200,Not at a Junction,None,79 Center Rd,Dry,150,"44.510729991385546,-73.06872480062353"
4248466,,"September 25, 2019, 1:06 PM",South Burlington,1800 Williston Rd,US-2,Property Damage Only,Same Direction Sideswipe,Clear,"State Highway numbered route, Class 1 TH",19SB010345,So. Burlington PD.,11,1.84,None/Other,Day,,None,None,,VT0040300,Not at a Junction,None,1800 Williston Rd,Dry,20,"44.46332908372349,-73.15516802447074"
4245367,,"September 25, 2019, 2:57 PM",Shelburne,3164 Shelburne Rd,SHELBURNE RD,Property Damage Only,Rear End,Clear,"Other Public Roadway (Rest Areas, Shopping Center - anything open to public)",19SH04054,Shelburne PD.,9,999.99,None/Other,Day,Hedgerow Dr,None,None,,VT0040700,Not at a Junction,,3164 Shelburne Rd,,0,"44.40985078990151,-73.21558908133711"
4247225,,"September 25, 2019, 4:00 PM",Milton,US RT 7,MIDDLE ROAD,Property Damage Only,"Left Turn and Thru, Same Direction Sideswipe/Angle Crash vv--",Clear,Federal Aid Urban System (Class 2 TH's and 3 TH's only),19MT007319,Milton PD.,2,2.99,None/Other,Day,Railroad St,None,None,,VT0040600,Four-way Intersection,None,US RT 7,Dry,U5810,"44.623683003091266,-73.11836169700904"
4247709,,"September 25, 2019, 5:05 PM",Essex,72 Center Rd,VT-15,Property Damage Only,Rear End,Clear,"State Highway numbered route, State owned",19ES05321,Essex PD.,10,4.81,None/Other,Day,Sunset Rd,None,Heavy Truck,,VT0040200,T - Intersection,None,72 Center Rd,Dry,150,"44.51068630011674,-73.06972057830899"
4248346,,"September 25, 2019, 5:08 PM",Richmond,E Main St,US-2,Injury,"Left Turn and Thru, Angle Broadside -->v--",Clear,"State Highway numbered route, State owned",19RM00653,Richmond PD.,10,2.71,None/Other,Day,Bridge St,None,Motorcycle,,VT0040800,Four-way Intersection,None,E Main St,Dry,20,"44.405415078426515,-72.99315064051028"
4247469,,"September 26, 2019, 8:30 AM",Colchester,ROOSEVELT HIGHWAY,US-7,Injury,Rear End,Clear,"State Highway numbered route, State owned",19CC009410,Colchester PD.,10,5.24,None/Other,Day,COLLINS FARM ROAD,None,None,,VT0040500,Not at a Junction,None,ROOSEVELT HIGHWAY,Dry,70,"44.57278555339311,-73.15730263799024"
4248155,,"September 26, 2019, 8:40 AM",Colchester,Middle Rd,TOWN ROAD 0012,Property Damage Only,Single Vehicle Crash,Cloudy,"City, Village or Urban Compact Street not in FA Urban Area (Class 2 and 3 Non-Federal Aid)",19BU021411,Burlington PD,6,999.99,None/Other,Day,2453 Middle Rd,None,None,,VT0040100,Not at a Junction,"Shoulders (none, low, soft, high)",Middle Rd,Dry,T0012,"44.5800337236607,-73.14017627519362"
4245440,,"September 26, 2019, 8:51 AM",South Burlington,Williston Rd,US-2,Property Damage Only,Same Direction Sideswipe,Cloudy,"State Highway numbered route, Class 1 TH",19SB010374,So. Burlington PD.,11,0.32,None/Other,Day,I-89 Overpass,None,None,,VT0040300,Not at a Junction,None,Williston Rd,Dry,20,"44.47001981115148,-73.18423768939532"
4245338,,"September 26, 2019, 9:55 AM",Winooski City,120 Main St,US-7,Property Damage Only,Rear End,Clear,"State Highway numbered route, Class 1 TH",19WS006785,Winooski PD.,11,0.32,None/Other,Day,Winooski Fire Department,None,None,,VT0040400,Not at a Junction,None,120 Main St,Dry,70,"44.493119782301285,-73.18653090897632"
4248595,,"September 26, 2019, 10:25 AM",Burlington,Penney Lane,PENNY LN,Property Damage Only,"Left Turn and Thru, Same Direction Sideswipe/Angle Crash vv--",Rain,Street or Town Highways in FA Urban Area,19BU021415,Burlington PD,5,999.99,None/Other,Day,Lake St,None,None,,VT0040100,Not at a Junction,None,Penney Lane,Wet,0,"44.4809599594179,-73.22190967238757"
4249483,,"September 26, 2019, 12:14 PM",Burlington,North Ave,NORTH AVE.,Injury,Other - Explain in Narrative,Rain,Federal Aid Urban System (Class 2 TH's and 3 TH's only),19BU021423,Burlington PD,2,1.62,None/Other,Day,Beltline,None,Bicycle,,VT0040100,T - Intersection,None,North Ave,Wet,U5026,"44.50098206638876,-73.23677528155406"
4249512,,"September 26, 2019, 12:44 PM",South Burlington,370 Shelburne Rd,Unknown,Property Damage Only,Rear-to-rear,Rain,"Other Public Roadway (Rest Areas, Shopping Center - anything open to public)",19SB010381,So. Burlington PD.,9,999.99,None/Other,Day,Union Jack's Parking Lot,None,None,,VT0040300,Parking Lot,None,370 Shelburne Rd,Wet,0,"44.45505719998831,-73.20808696571692"
4248720,,"September 26, 2019, 4:35 PM",Williston,51 Hawthorne St,HAWTHORNE ST,Property Damage Only,Other - Explain in Narrative,Cloudy,"Other Public Roadway (Rest Areas, Shopping Center - anything open to public)",19WT04202,Williston PD.,9,999.99,None/Other,Day,Ulta Beauty,None,None,,VT0041000,Parking Lot,None,51 Hawthorne St,Wet,0,"44.44602668458699,-73.11056598346653"
4245599,,"September 27, 2019, 1:29 PM",Shelburne,3972 Shelburne Rd,US-7,Injury,"Right Turn and Thru, Broadside ^<--",Clear,"State Highway numbered route, State owned",19SH04077,Shelburne PD.,10,3.31,None/Other,Day,Winter Haven Rd,None,Bicycle,,VT0040700,T - Intersection,None,3972 Shelburne Rd,Dry,70,"44.39907862161739,-73.2190112278806"
4248093,,"September 27, 2019, 5:35 PM",South Burlington,I-89 NB MM88,I-89,Property Damage Only,Rear End,Clear,"State Highway numbered route, State owned",19A104699,VSP - A1 Williston,10,88.96,None/Other,Day,Exit 14,None,None,,VTVSP0100,Not at a Junction,None,I-89 NB MM88,Dry,890,"44.47289473972248,-73.18209784148598"