ObjectID,Mapped,Crash Date,City/Town,Address,AOT Route,Crash Type,Collision Direction,Weather,Road Group,Report Number,Reporting Agency,Road Group ID,AOT Actual Milepoint,Animal,Time of Day,Intersection With,Impairment,Involving,Non Reportable Address,Reporting Agency ID,Road Characteristics,Road Condition,Street Address,Surface Condition,AOT Route ID,Coordinates
4246388,,"September 27, 2019, 9:46 PM",Charlotte,33 Monkton Rd.,SPEAR ST,Injury,Single Vehicle Crash,Cloudy,Minor Collector - Non Fed Aid Rural TH,19A104709,VSP - A1 Williston,4,999.99,None/Other,Night,Quinlans Covered Bridge,None,None,,VTVSP0100,T - Intersection,None,33 Monkton Rd.,Dry,S0676,"44.276532130967304,-73.18434364636022"
4248428,,"September 28, 2019, 12:00 AM",Essex,1 Juniper Ridge Rd,FAIRVIEW DR,Property Damage Only,Single Vehicle Crash,Clear,Street or Town Highways in FA Urban Area,19ES05384,Essex PD.,5,999.99,None/Other,,Juniper Ridge Rd,None,None,,VT0040200,T - Intersection,Unknown,1 Juniper Ridge Rd,Dry,0,"44.49706620307363,-73.09455131457383"
4253749,,"September 28, 2019, 2:50 AM",Burlington,S Willard St,US-7,Injury,"No Turns, Thru moves only, Broadside ^<",Clear,"State Highway numbered route, State owned",19BU021596,Burlington PD,10,2.43,None/Other,Night,Pearl St,None,None,,VT0040100,Four-way Intersection,Unknown,S Willard St,Dry,70,"44.480613837766064,-73.20568407092851"
4249411,,"September 28, 2019, 9:13 AM",Burlington,S Prospect St,S PROSPECT ST.,Property Damage Only,"Right Turn and Thru, Angle Broadside -->^--",Clear,Federal Aid Urban System (Class 2 TH's and 3 TH's only),19BU021605,Burlington PD,2,0.09,None/Other,Day,College St,None,None,,VT0040100,T - Intersection,None,S Prospect St,Dry,U5050,"44.47767945385184,-73.20059568329958"
4246945,,"September 28, 2019, 9:41 AM",Williston,St George Rd,VT-2A,Property Damage Only,Rear End,Cloudy,"State Highway numbered route, State owned",19WT04226,Williston PD.,10,3.33,None/Other,Day,Maple Tree Place,None,None,,VT0041000,Four-way Intersection,None,St George Rd,Dry,21,"44.44425194659628,-73.11242020130248"
4246003,,"September 28, 2019, 10:45 AM",Williston,194 Marshall Ave,Unknown,Property Damage Only,Other - Explain in Narrative,Cloudy,"Other Public Roadway (Rest Areas, Shopping Center - anything open to public)",19WT04227,Williston PD.,9,999.99,None/Other,Day,Marshalls Parking Lot,None,None,,VT0041000,Parking Lot,None,194 Marshall Ave,Dry,0,"44.44358229531226,-73.11494987837142"
4247616,,"September 28, 2019, 11:13 AM",Burlington,Maple St,MAPLE ST. BURLINGTON,Property Damage Only,"No Turns, Thru moves only, Broadside ^<",Cloudy,Federal Aid Urban System (Class 2 TH's and 3 TH's only),19BU021611,Burlington PD,2,0.15,None/Other,Day,Pine St,None,None,,VT0040100,Four-way Intersection,None,Maple St,Dry,U5066,"44.47359383111585,-73.21541278141594"
4246798,,"September 29, 2019, 8:32 AM",Burlington,Pearl St,PEARL ST.,Property Damage Only,Other - Explain in Narrative,Clear,Federal Aid Urban System (Class 2 TH's and 3 TH's only),19BU021666,Burlington PD,2,0.65,None/Other,Day,S Willard St,None,None,,VT0040100,Not at a Junction,None,Pearl St,Dry,U5038,"44.48063682871503,-73.20625231942365"
4245453,,"September 29, 2019, 10:05 AM",South Burlington,155 Dorset St,Unknown,Property Damage Only,Other - Explain in Narrative,Clear,"Other Public Roadway (Rest Areas, Shopping Center - anything open to public)",19SB010485,So. Burlington PD.,9,999.99,None/Other,Day,Dorset St,None,None,,VT0040300,Not at a Junction,,155 Dorset St,,0,"44.46536303962533,-73.18272579753875"
4247697,,"September 29, 2019, 7:15 PM",Burlington,Beltline,VT. 127 BELTLINE,Property Damage Only,Single Vehicle Crash,Clear,Federal Aid Urban System (Class 2 TH's and 3 TH's only),19BU021699,Burlington PD,2,1.64,None/Other,Night,North Of North Ave Exit,None,None,,VT0040100,Other - Explain in Narrative,None,Beltline,Dry,U5009,"44.50802810380491,-73.23388760789685"
4248159,,"September 29, 2019, 8:46 PM",Colchester,33 South Park Drive,S PARK DR,Property Damage Only,Rear End,Clear,"Other Public Roadway (Rest Areas, Shopping Center - anything open to public)",19CC009562,Colchester PD.,9,999.99,None/Other,Night,Burger King,Alcohol,None,,VT0040500,Parking Lot,None,33 South Park Drive,Dry,0,"44.50372819646324,-73.18113625348218"
4246435,,"September 29, 2019, 11:59 PM",Colchester,Interstate 89 MM95,I-89,Property Damage Only,Single Vehicle Crash,Clear,"State Highway numbered route, State owned",19A104736,VSP - A1 Williston,10,95.02,None/Other,Night,MM 95 Northbound,None,Heavy Truck,,VTVSP0100,Not at a Junction,None,Interstate 89 MM95,Dry,890,"44.550687113895414,-73.18710356749597"
4249752,,"September 30, 2019, 11:50 AM",South Burlington,550 Dorset St,Unknown,Property Damage Only,"Right Turn, Same Direciton, Rear End ^--^--",Cloudy,"Other Public Roadway (Rest Areas, Shopping Center - anything open to public)",19SB010529,So. Burlington PD.,9,999.99,None/Other,Day,South Burlington High School,None,None,,VT0040300,Parking Lot,,550 Dorset St,Dry,0,"44.45493254975814,-73.17789242516166"
4248142,,"September 30, 2019, 5:00 PM",Burlington,N Willard St,US-7,Property Damage Only,Other - Explain in Narrative,Clear,"State Highway numbered route, State owned",19BU021784,Burlington PD,10,2.81,None/Other,Day,Charles St,None,None,,VT0040100,T - Intersection,None,N Willard St,Dry,70,"44.486138628318905,-73.20594583242416"
4249220,,"September 30, 2019, 6:13 PM",South Burlington,1203 Williston Rd,Unknown,Property Damage Only,Other - Explain in Narrative,Clear,"Other Public Roadway (Rest Areas, Shopping Center - anything open to public)",19SB010548,So. Burlington PD.,9,999.99,None/Other,Day,Parking Lot,None,None,,VT0040300,Parking Lot,None,1203 Williston Rd,Dry,0,"44.46763062761945,-73.17599607210504"
4245711,,"October 1, 2019, 3:58 AM",Charlotte,Rt. 7 Near Root Rd,US-7,Injury,Opp Direction Sideswipe,Rain,"State Highway numbered route, State owned",19A104756,VSP - A1 Williston,10,3.07,None/Other,Night,Root Rd.,None,None,,VTVSP0100,Not at a Junction,None,Rt. 7 Near Root Rd,Wet,70,"44.306345003778816,-73.24475072767655"
4246383,,"October 1, 2019, 4:35 AM",Colchester,I-89 North,I-89,Injury,Single Vehicle Crash,Rain,"State Highway numbered route, State owned",19A104757,VSP - A1 Williston,10,95.2,None/Other,Night,Near Mile Marker 95.2,None,Heavy Truck,,VTVSP0100,Other - Explain in Narrative,Unknown,I-89 North,Wet,890,"44.552942916557456,-73.18548739223375"
4245391,,"October 1, 2019, 8:41 AM",Burlington,82 S Winooski Ave,ALTERNATE US-7,Property Damage Only,Other - Explain in Narrative,Cloudy,"State Highway numbered route, State owned",19BU021826,Burlington PD,10,1.15,None/Other,Day,S Union St,None,None,,VT0040100,Not at a Junction,None,82 S Winooski Ave,Dry,9993,"44.478130083429534,-73.2111023559675"
4248266,,"October 1, 2019, 3:15 PM",Burlington,Main St,US-2,Injury,"Left and Right Turns, Simultaneous Turn Crash --vv--",Cloudy,"State Highway numbered route, Class 1 TH",19BU021869,Burlington PD,11,999.99,None/Other,Day,Jughandle,None,Bicycle,,VT0040100,Four-way Intersection,None,Main St,Dry,20,"44.47571506997402,-73.21897173221244"
4248688,,"October 2, 2019, 12:00 AM",Essex,2 Corporate Dr,Unknown,Property Damage Only,Other - Explain in Narrative,Clear,"Other Public Roadway (Rest Areas, Shopping Center - anything open to public)",19ES05487,Essex PD.,9,999.99,None/Other,,,None,None,,VT0040200,Parking Lot,None,2 Corporate Dr,Dry,0,"44.501140184519436,-73.04268466488932"
4248226,,"October 2, 2019, 4:06 AM",Colchester,Route 2,US-2,Property Damage Only,Single Vehicle Crash,Rain,"State Highway numbered route, State owned",19CC009668,Colchester PD.,10,1.14,Deer,Night,Raymond Road,None,None,,VT0040500,Not at a Junction,None,Route 2,Wet,20,"44.594281069732574,-73.18674522314753"
4248185,,"October 2, 2019, 5:44 AM",Burlington,Pine St,PINE ST.,Property Damage Only,Single Vehicle Crash,Clear,Federal Aid Urban System (Class 2 TH's and 3 TH's only),19BU021914,Burlington PD,2,0.94,None/Other,Night,Marble Ave,None,None,,VT0040100,Not at a Junction,None,Pine St,Dry,U5040,"44.46900026864681,-73.21511034005329"
4245250,,"October 2, 2019, 8:15 AM",Winooski City,Main St,US-7,Property Damage Only,Rear End,Rain,"State Highway numbered route, Class 1 TH",19WS006943,Winooski PD.,11,0.79,None/Other,Day,Bellevue St,None,None,,VT0040400,Not at a Junction,None,Main St,Wet,70,"44.49948647033706,-73.18376440617602"
4246295,,"October 2, 2019, 11:28 AM",Essex,12 Jericho Rd,VT-15,Property Damage Only,Rear End,Cloudy,"State Highway numbered route, State owned",19ES05457,Essex PD.,10,5.48,None/Other,Day,Alder Ln,None,None,,VT0040200,Not at a Junction,None,12 Jericho Rd,Wet,150,"44.5103689914044,-73.05736028993189"
4245503,,"October 2, 2019, 4:39 PM",South Burlington,University Mall at Dorset Street,UNIVERSITY MALL,Property Damage Only,Rear End,Cloudy,"Other Public Roadway (Rest Areas, Shopping Center - anything open to public)",19SB010628,So. Burlington PD.,9,999.99,None/Other,Day,Garden St,None,None,,VT0040300,Four-way Intersection,None,University Mall at Dorset Street,Dry,0,"44.46331482545187,-73.18060331972234"
4245340,,"October 2, 2019, 5:56 PM",South Burlington,Shelburne Rd,US-7,Property Damage Only,Rear End,Clear,"State Highway numbered route, State owned",19SB010630,So. Burlington PD.,10,0.9,None/Other,Day,IDX Drive,None,None,,VT0040300,Not at a Junction,None,Shelburne Rd,Dry,70,"44.43381412526439,-73.21072660307203"
4248394,,"October 3, 2019, 7:25 AM",South Burlington,Interstate 89S,I-89,Property Damage Only,Rear End,Cloudy,"State Highway numbered route, State owned",19A104786,VSP - A1 Williston,10,999.99,None/Other,Day,Winooski River Bridge,None,None,,VTVSP0100,Not at a Junction,None,Interstate 89S,Dry,890,"44.48890651488833,-73.17348339312812"
4247226,,"October 3, 2019, 8:08 AM",Milton,378 Sanderson Rd,SANDERSON ROAD,Property Damage Only,Single Vehicle Crash,Clear,Federal Aid Urban System (Class 2 TH's and 3 TH's only),19MT007488,Milton PD.,2,0.77,None/Other,Day,Lamphere Rd,None,None,,VT0040600,T - Intersection,None,378 Sanderson Rd,Dry,U5814,"44.63953733481553,-73.17024977595135"
4249430,,"October 3, 2019, 8:25 AM",Colchester,77 US ROUTE 7,US-7,Property Damage Only,"Right Turn and Thru, Same Direction Sideswipe/Angle Crash ^^--",Clear,"State Highway numbered route, State owned",19CC009711,Colchester PD.,10,6.59,None/Other,Day,ENTRANCE TO MAPLEFIELDS STORE,None,None,,VT0040500,T - Intersection,None,77 US ROUTE 7,Dry,70,"44.590610533394155,-73.16631435514088"
4254019,,"October 3, 2019, 8:45 AM",Colchester,EAST ROAD,EAST ROAD,Property Damage Only,Other - Explain in Narrative,Clear,Federal Aid Urban System (Class 2 TH's and 3 TH's only),19CC010357,Colchester PD.,2,1.02,None/Other,Day,COTTONWOOD CROSSING,None,None,,VT0040500,Not at a Junction,None,EAST ROAD,Dry,U5610,"44.556088293843985,-73.13758980649071"
4247241,,"October 3, 2019, 9:00 AM",Colchester,EAST ROAD,EAST ROAD,Property Damage Only,Other - Explain in Narrative,Clear,Federal Aid Urban System (Class 2 TH's and 3 TH's only),19CC009715,Colchester PD.,2,0.82,None/Other,Day,COTTONWOOD CROSSING,None,None,,VT0040500,Four-way Intersection,None,EAST ROAD,Dry,U5610,"44.5534978119924,-73.13943182123177"
4245243,,"October 3, 2019, 9:45 AM",Williston,St George Rd,VT-2A,Property Damage Only,Rear End,Clear,"State Highway numbered route, State owned",19WT04301,Williston PD.,10,3.55,None/Other,Day,Connor Way,None,None,,VT0041000,Four-way Intersection,None,St George Rd,Dry,21,"44.44719096248146,-73.1109439596334"
4247198,,"October 3, 2019, 9:59 AM",Williston,Williston Rd,US-2,Property Damage Only,Rear End,Clear,"State Highway numbered route, State owned",19WT04302,Williston PD.,10,1.43,None/Other,Day,Essex Rd,None,None,,VT0041000,Four-way Intersection,None,Williston Rd,Dry,20,"44.44957795922108,-73.11090188299882"
4249047,,"October 3, 2019, 10:59 AM",South Burlington,Williston Rd,US-2,Property Damage Only,Rear End,Cloudy,"State Highway numbered route, Class 1 TH",19SB010649,So. Burlington PD.,11,0.88,None/Other,Day,Midas Dr,None,None,,VT0040300,Y - Intersection,,Williston Rd,Dry,20,"44.46745244814621,-73.17377144604453"
4248021,,"October 3, 2019, 11:53 AM",South Burlington,Unnamed Road,Unknown,Property Damage Only,Rear-to-rear,Cloudy,"Other Public Roadway (Rest Areas, Shopping Center - anything open to public)",19SB010652,So. Burlington PD.,9,999.99,None/Other,Day,Shelburne Rd,None,None,,VT0040300,Not at a Junction,None,Unnamed Road,Dry,0,"44.449381897984345,-73.2075409780252"
4245592,,"October 3, 2019, 3:21 PM",Essex,2 Park St,VT-2A,Property Damage Only,Rear End,Cloudy,"State Highway numbered route, State owned",19ES05489,Essex PD.,10,0.66,None/Other,Day,Main St,None,None,,VT0040200,Five-point or more,None,2 Park St,Dry,21,"44.49041621036347,-73.11130298291985"
4245263,,"October 3, 2019, 5:37 PM",South Burlington,200 Dorset Street,Unknown,Property Damage Only,Other - Explain in Narrative,Rain,"Other Public Roadway (Rest Areas, Shopping Center - anything open to public)",19SB010662,So. Burlington PD.,9,999.99,None/Other,Day,,None,None,,VT0040300,Parking Lot,None,200 Dorset Street,Wet,0,"44.46406502441228,-73.18005910351685"
4245195,,"October 3, 2019, 7:00 PM",Williston,863 Harvest Lane,HARVEST LN,Property Damage Only,Head On,Cloudy,"Other Public Roadway (Rest Areas, Shopping Center - anything open to public)",19WT04310,Williston PD.,9,999.99,None/Other,Night,Marshall Ave,Alcohol,None,,VT0041000,Not at a Junction,None,863 Harvest Lane,Dry,0,"44.44300203077929,-73.12073493948536"
4245235,,"October 3, 2019, 7:14 PM",South Burlington,550 Dorset Street,Unknown,Property Damage Only,Rear-to-rear,Rain,"Other Public Roadway (Rest Areas, Shopping Center - anything open to public)",19SB010668,So. Burlington PD.,9,999.99,None/Other,Night,,None,None,,VT0040300,Parking Lot,None,550 Dorset Street,Wet,0,"44.4538256938061,-73.17819379628085"
4245325,,"October 3, 2019, 7:24 PM",Richmond,201 Bridge Street,BRIDGE ST,Fatal,Single Vehicle Crash,Rain,Federal Aid Secondary System (Class 2 TH),19RM00687,Richmond PD.,3,4.97,None/Other,Night,Church Street,None,Pedestrian,,VT0040800,Not at a Junction,None,201 Bridge Street,Wet,S0209,"44.40320915546887,-72.99513167009187"
4248278,,"October 3, 2019, 8:48 PM",Shelburne,3689 Shelburne Rd,Unknown,Property Damage Only,"Right Turn and Thru, Angle Broadside -->^--",Rain,Private Property (Driveways),19SB010672,So. Burlington PD.,8,999.99,None/Other,Night,Driveway,None,None,,VT0040300,Driveway,None,3689 Shelburne Rd,Wet,0,"44.402220457765836,-73.21724316050354"
4248127,,"October 3, 2019, 11:15 PM",Williston,I-89 NB @ Exit 12,I-89,Property Damage Only,Single Vehicle Crash,Rain,"State Highway numbered route, State owned",19A104812,VSP - A1 Williston,10,84.17,None/Other,Night,Exit 12,Alcohol,None,,VTVSP0100,On Ramp,None,I-89 NB @ Exit 12,Wet,890,"44.439921382268444,-73.11918543061154"
4247312,,"October 4, 2019, 2:10 AM",Colchester,College Parkway,VT-15,Property Damage Only,Single Vehicle Crash,Cloudy,"State Highway numbered route, State owned",19CC009731,Colchester PD.,10,0.38,None/Other,Night,Lime Kiln Road,Alcohol,None,,VT0040500,T - Intersection,None,College Parkway,Wet,150,"44.49278079935701,-73.16345981956114"
4245252,,"October 4, 2019, 7:40 AM",Essex,30 Susie Wilson,Unknown,Property Damage Only,Other - Explain in Narrative,Rain,"Other Public Roadway (Rest Areas, Shopping Center - anything open to public)",19ES05500,Essex PD.,9,999.99,None/Other,Day,,None,None,,VT0040200,Parking Lot,None,30 Susie Wilson,Wet,0,"44.50716253503388,-73.1348717252396"
4252458,,"October 4, 2019, 9:38 AM",Winooski City,Main St,US-7,Property Damage Only,Same Direction Sideswipe,Clear,"State Highway numbered route, Class 1 TH",19WS007000,Winooski PD.,11,0.69,None/Other,Day,Burling St,None,Heavy Truck,,VT0040400,Not at a Junction,None,Main St,Dry,70,"44.49814164850928,-73.18444011791337"
4245236,,"October 4, 2019, 10:16 AM",Essex,72 Upper Main St,VT-15,Property Damage Only,"No Turns, Thru moves only, Broadside ^<",Cloudy,"State Highway numbered route, State owned",19ES05499,Essex PD.,10,3.93,None/Other,Day,Billie Butler Dr,None,None,,VT0040200,Four-way Intersection,None,72 Upper Main St,Dry,150,"44.50814041255575,-73.08670063316389"
4247889,,"October 4, 2019, 1:38 PM",Burlington,Lake St,LAKE ST,Property Damage Only,"Left Turn and Thru, Angle Broadside -->v--",Clear,Street or Town Highways in FA Urban Area,19BU022074,Burlington PD,5,999.99,None/Other,Day,College St,None,Heavy Truck,,VT0040100,Not at a Junction,None,Lake St,Dry,0,"44.476848228282854,-73.21969344179914"
4247991,,"October 4, 2019, 6:40 PM",Burlington,317 Riverside Ave,US-7,Injury,"No Turns, Thru moves only, Broadside ^<",Clear,"State Highway numbered route, State owned",19BU022147,Burlington PD,10,3.57,None/Other,Night,Blue Bird BBQ,None,Bicycle,,VT0040100,Driveway,None,317 Riverside Ave,Dry,70,"44.48769574806478,-73.1955476845457"
4247519,,"October 4, 2019, 7:25 PM",Burlington,454 Riverside Ave,RIVERSIDE AVE,Property Damage Only,Other - Explain in Narrative,Clear,"Other Public Roadway (Rest Areas, Shopping Center - anything open to public)",19BU022098,Burlington PD,9,999.99,None/Other,Night,N Prospect St,None,Heavy Truck,,VT0040100,Parking Lot,None,454 Riverside Ave,Dry,0,"44.48898512346148,-73.20241037953019"
4246232,,"October 5, 2019, 6:25 AM",Burlington,174 S Willard St,US-7,Property Damage Only,"No Turns, Thru moves only, Broadside ^<",Clear,"State Highway numbered route, State owned",19BU022127,Burlington PD,10,2.06,None/Other,Night,S Willard St,None,None,,VT0040100,Not at a Junction,None,174 S Willard St,Dry,70,"44.475275411837025,-73.20540978511912"
4248718,,"October 5, 2019, 12:03 PM",Colchester,169 Bay Road,BAY RD.,Injury,Single Vehicle Crash,Clear,Federal Aid Urban System (Class 2 TH's and 3 TH's only),19CC009790,Colchester PD.,2,0.17,None/Other,Day,Sunset View Road,None,None,,VT0040500,Not at a Junction,None,169 Bay Road,Dry,U5617,"44.55441352121654,-73.18756708184745"
4246357,,"October 5, 2019, 12:09 PM",Bolton,509 Theodore Roosevelt Hwy,US-2,Injury,Rear End,Clear,"State Highway numbered route, State owned",19A304835,VSP - A3 Middlesex,10,5.16,None/Other,Day,Camels Hump Rd,None,None,,VTVSP1200,Not at a Junction,Unknown,509 Theodore Roosevelt Hwy,Dry,20,"44.36213365019932,-72.83482104305486"
4245233,,"October 5, 2019, 12:30 PM",Williston,St George Rd,VT-2A,Property Damage Only,"Left Turn and Thru, Angle Broadside -->v--",Clear,"State Highway numbered route, State owned",19WT04341,Williston PD.,10,2.32,None/Other,Day,Walker Hill Rd,None,None,,VT0041000,T - Intersection,None,St George Rd,Dry,21,"44.43057414836511,-73.11979929750883"
4249687,,"October 5, 2019, 3:50 PM",Essex,Pearl Street at Susie Wilson Road,VT-15,Property Damage Only,Same Direction Sideswipe,Clear,"State Highway numbered route, State owned",19ES05552,Essex PD.,10,0.49,None/Other,Day,Susie Wilson Rd,None,None,,VT0040200,Not at a Junction,Unknown,Pearl Street at Susie Wilson Road,Dry,150,"44.50415525312593,-73.1397461511267"
4253548,,"October 5, 2019, 4:51 PM",Milton,259 US RT 7 S,Unknown,Property Damage Only,Rear-to-rear,Clear,"Other Public Roadway (Rest Areas, Shopping Center - anything open to public)",19MT007550,Milton PD.,9,999.99,None/Other,Day,Hannaford Parking Lot,None,None,,VT0040600,Parking Lot,None,259 US RT 7 S,Dry,0,"44.62378864111445,-73.12229850964718"
4245231,,"October 5, 2019, 7:58 PM",Burlington,90 University Hgts,UNIVERSITY HEIGHTS RD,Property Damage Only,Rear End,Clear,"Other Public Roadway (Rest Areas, Shopping Center - anything open to public)",19UV005686,UVM Police,9,999.99,None/Other,Night,Main St,None,None,,VT0041100,Not at a Junction,None,90 University Hgts,Dry,0,"44.47473810966384,-73.19509024133406"
4245232,,"October 5, 2019, 9:32 PM",Shelburne,6845 Dorset St,DORSET ST,Property Damage Only,"Left Turn and Thru, Head On ^v--",Clear,Federal Aid Secondary System (Class 2 TH),19SH04182,Shelburne PD.,3,0,None/Other,Night,Dorset St,Alcohol,None,,VT0040700,Four-way Intersection,None,6845 Dorset St,Dry,S0331,"44.37162950154747,-73.18125183519426"
4246666,,"October 7, 2019, 5:45 AM",South Burlington,I-89,I-89,Property Damage Only,Head On,Rain,"State Highway numbered route, State owned",19WT04360,Williston PD.,10,87.18,None/Other,Night,,Alcohol,None,,VT0041000,Not at a Junction,"Road Surface Condition(wet, icy, snow, slush, etc)",I-89,Water (standing / moving),890,"44.44953916417021,-73.17781145188499"
4249654,,"October 7, 2019, 5:56 AM",South Burlington,I 89 S,I-89,Property Damage Only,Single Vehicle Crash,Rain,"State Highway numbered route, State owned",19WT04361,Williston PD.,10,86.17,None/Other,Night,Mile Marker 86,None,None,,VT0041000,Not at a Junction,"Road Surface Condition(wet, icy, snow, slush, etc)",I 89 S,Wet,890,"44.447848816997436,-73.15776183889412"
4248254,,"October 7, 2019, 6:50 AM",Hinesburg,,VT-116,Property Damage Only,Head On,Rain,"State Highway numbered route, State owned",19HB01075,Hinesburg PD.,10,5.47,None/Other,Night,VT Rt. 116 And CVU Road,None,None,,VT0041200,Not at a Junction,"Road Surface Condition(wet, icy, snow, slush, etc)",,Wet,1160,"44.34123371295209,-73.11651643718479"
4245187,,"October 7, 2019, 12:31 PM",Winooski City,Main St,US-7,Property Damage Only,"No Turns, Thru moves only, Broadside ^<",Rain,"State Highway numbered route, Class 1 TH",19WS007062,Winooski PD.,11,0.93,None/Other,Day,Tigan St,None,None,,VT0040400,Not at a Junction,None,Main St,Wet,70,"44.50138457835847,-73.18288104063465"
4247789,,"October 7, 2019, 12:44 PM",Bolton,3588 Theodore Roosevelt Hwy,I-89,Property Damage Only,"Left Turn and Thru, Same Direction Sideswipe/Angle Crash vv--",Rain,"State Highway numbered route, State owned",19A104871,VSP - A1 Williston,10,71.6,None/Other,Day,Fern Hollow Rd,None,None,,VTVSP0100,Not at a Junction,"Road Surface Condition(wet, icy, snow, slush, etc)",3588 Theodore Roosevelt Hwy,Wet,890,"44.37824299626803,-72.89783146794302"
4247253,,"October 7, 2019, 1:13 PM",Burlington,Riverside Ave,MANHATTAN DR.,Property Damage Only,Rear End,Rain,Federal Aid Urban System (Class 2 TH's and 3 TH's only),19BU022243,Burlington PD,2,0.53,None/Other,Day,Intervale Ave,None,None,,VT0040100,Four-way Intersection,None,Riverside Ave,Wet,U5056,"44.489447071238004,-73.20980992714311"
4252293,,"October 7, 2019, 3:55 PM",Hinesburg,9759 RTE 116,VT-116,Injury,Single Vehicle Crash,Rain,"State Highway numbered route, State owned",19HB01079,Hinesburg PD.,10,5.46,None/Other,Day,CVU ROAD,None,Pedestrian,,VT0041200,Four-way Intersection,"Road Surface Condition(wet, icy, snow, slush, etc)",9759 RTE 116,Wet,1160,"44.341121920435896,-73.11640823945261"
4248119,,"October 7, 2019, 5:25 PM",South Burlington,Williston Rd,US-2,Property Damage Only,Same Direction Sideswipe,Cloudy,"State Highway numbered route, Class 1 TH",19SB010843,So. Burlington PD.,11,0.29,None/Other,Day,Exit 14 E,None,None,,VT0040300,Not at a Junction,,Williston Rd,Wet,20,"44.47019762094767,-73.18479001634415"
4248262,,"October 7, 2019, 6:12 PM",Milton,US Rt 7,US-7,Injury,Single Vehicle Crash,Cloudy,"State Highway numbered route, State owned",19MT007590,Milton PD.,10,3.12,None/Other,Night,Southerberry Dr,None,Bicycle,,VT0040600,Four-way Intersection,None,US Rt 7,Wet,70,"44.62360567894703,-73.13245701030932"
4248136,,"October 8, 2019, 8:23 AM",South Burlington,1210 Shelburne Rd,US-7,Injury,Same Direction Sideswipe,Clear,"State Highway numbered route, State owned",19SB010874,So. Burlington PD.,10,1.08,None/Other,Day,Inn Rd,None,Motorcycle,,VT0040300,Not at a Junction,None,1210 Shelburne Rd,Dry,70,"44.43641707235041,-73.21047310295671"
4247543,,"October 8, 2019, 11:19 AM",Burlington,85 S Prospect St,S PROSPECT ST.,Property Damage Only,Rear End,Clear,Federal Aid Urban System (Class 2 TH's and 3 TH's only),19BU022299,Burlington PD,2,0.13,None/Other,Day,College St,None,None,,VT0040100,T - Intersection,None,85 S Prospect St,Dry,U5050,"44.47826433450519,-73.20055258613318"
4248182,,"October 8, 2019, 11:58 AM",Williston,863 HARVEST LANE,Unknown,Property Damage Only,Rear-to-rear,Clear,"Other Public Roadway (Rest Areas, Shopping Center - anything open to public)",19WT04380,Williston PD.,9,999.99,None/Other,Day,WALMART,None,None,,VT0041000,Parking Lot,None,863 HARVEST LANE,Dry,0,"44.44164411474895,-73.1221480110334"
4249206,,"October 8, 2019, 12:02 PM",Williston,863 HARVEST LANE,Unknown,Property Damage Only,Other - Explain in Narrative,Clear,"Other Public Roadway (Rest Areas, Shopping Center - anything open to public)",19WT04381,Williston PD.,9,999.99,None/Other,Day,WALMART,None,None,,VT0041000,Parking Lot,None,863 HARVEST LANE,Dry,0,"44.44164411474895,-73.1221480110334"
4248163,,"October 8, 2019, 1:27 PM",Williston,ST. GEORGE ROAD,VT-2A,Property Damage Only,"Left Turn and Thru, Angle Broadside -->v--",Clear,"State Highway numbered route, State owned",19WT04382,Williston PD.,10,3.54,None/Other,Day,WRIGHT AVE,None,None,,VT0041000,Four-way Intersection,None,ST. GEORGE ROAD,Dry,21,"44.44705339508315,-73.11099337838093"
4247389,,"October 8, 2019, 1:40 PM",South Burlington,20 Kimball Ave,KIMBALL AVE.,Property Damage Only,Rear End,Clear,Federal Aid Urban System (Class 2 TH's and 3 TH's only),19SB010889,So. Burlington PD.,2,0.04,None/Other,Day,Old Farm,None,None,,VT0040300,Not at a Junction,,20 Kimball Ave,Dry,U5211,"44.4597516999867,-73.1540027644189"
4247746,,"October 8, 2019, 1:52 PM",Burlington,595 Shelburne Rd,Unknown,Property Damage Only,"Left Turn and Thru, Same Direction Sideswipe/Angle Crash vv--",Clear,"Other Public Roadway (Rest Areas, Shopping Center - anything open to public)",19BU022317,Burlington PD,9,999.99,None/Other,Day,Market 32,None,None,,VT0040100,Parking Lot,None,595 Shelburne Rd,Dry,0,"44.449591474310004,-73.2108590040762"
4248105,,"October 8, 2019, 3:16 PM",Shelburne,6025 Shelburne Rd,US-7,Property Damage Only,Rear End,Cloudy,"State Highway numbered route, State owned",19SH04210,Shelburne PD.,10,1.21,None/Other,Day,Shelburne Museum,None,None,,VT0040700,Four-way Intersection,None,6025 Shelburne Rd,Dry,70,"44.37018525936686,-73.23145540504609"