ObjectID,Mapped,Crash Date,City/Town,Address,AOT Route,Crash Type,Collision Direction,Weather,Road Group,Report Number,Reporting Agency,Road Group ID,AOT Actual Milepoint,Animal,Time of Day,Intersection With,Impairment,Involving,Non Reportable Address,Reporting Agency ID,Road Characteristics,Road Condition,Street Address,Surface Condition,AOT Route ID,Coordinates
4253729,,"October 8, 2019, 3:28 PM",St. George,VT RTE 116,VT-116,Property Damage Only,Opp Direction Sideswipe,Cloudy,"State Highway numbered route, State owned",19A104894,VSP - A1 Williston,10,1.51,None/Other,Day,South Brownell Road,None,None,,VTVSP0100,Y - Intersection,None,VT RTE 116,Dry,1160,"44.399593674599544,-73.14003165218583"
4245393,,"October 8, 2019, 3:46 PM",South Burlington,1702 Shelburne Road,Unknown,Property Damage Only,Other - Explain in Narrative,Clear,"Other Public Roadway (Rest Areas, Shopping Center - anything open to public)",19SB010905,So. Burlington PD.,9,999.99,None/Other,Day,Smart Suites Parking Lot,None,None,,VT0040300,Parking Lot,None,1702 Shelburne Road,Dry,0,"44.42588641008804,-73.20862636350263"
4246225,,"October 9, 2019, 1:00 AM",South Burlington,380 Lime Kiln Rd,AIRPORT PARKWAY,Property Damage Only,Single Vehicle Crash,Clear,Federal Aid Urban System (Class 2 TH's and 3 TH's only),19SB010930,So. Burlington PD.,2,1.51,None/Other,Night,Airport Parkway,None,None,,VT0040300,T - Intersection,None,380 Lime Kiln Rd,,U5206,"44.48707297141042,-73.16197267085609"
4254092,,"October 9, 2019, 8:17 AM",Colchester,5857 ROOSEVELT HIGHWAY,US-7,Property Damage Only,Rear End,Clear,"State Highway numbered route, State owned",19CC009906,Colchester PD.,10,5.52,None/Other,Day,GRANDVIEW ROAD,None,None,,VT0040500,Not at a Junction,None,5857 ROOSEVELT HIGHWAY,Dry,70,"44.576647233906975,-73.15899659997905"
4248332,,"October 9, 2019, 12:57 PM",Essex,4 Morse Drive,MORSE DR,Property Damage Only,Single Vehicle Crash,Clear,Street or Town Highways in FA Urban Area,19ES05599,Essex PD.,5,999.99,None/Other,Day,,None,Heavy Truck,,VT0040200,Four-way Intersection,None,4 Morse Drive,Dry,0,"44.51045654202102,-73.13483202463037"
4247455,,"October 9, 2019, 2:35 PM",South Burlington,193 Tilley Drive,Unknown,Property Damage Only,Same Direction Sideswipe,Clear,"Other Public Roadway (Rest Areas, Shopping Center - anything open to public)",19SB010974,So. Burlington PD.,9,999.99,None/Other,Day,Parking Lot,None,None,,VT0040300,Parking Lot,,193 Tilley Drive,Dry,0,"44.44806089254954,-73.14965881379408"
4245327,,"October 9, 2019, 4:14 PM",Milton,42 Herrick Ave,Unknown,Property Damage Only,Opp Direction Sideswipe,Clear,"Other Public Roadway (Rest Areas, Shopping Center - anything open to public)",19MT007638,Milton PD.,9,999.99,None/Other,Day,"Milton Elementary School, Parking Lot C",None,None,,VT0040600,Parking Lot,None,42 Herrick Ave,Dry,0,"44.632535471015046,-73.10986912870435"
4247216,,"October 9, 2019, 4:45 PM",Burlington,108 Ferguson Ave,FERGUSON AVE,Property Damage Only,Opp Direction Sideswipe,Clear,Street or Town Highways in FA Urban Area,19BU022435,Burlington PD,5,999.99,None/Other,Day,Richardson St,None,None,,VT0040100,Not at a Junction,None,108 Ferguson Ave,Dry,0,"44.45425403110493,-73.21268975775597"
4248156,,"October 9, 2019, 6:07 PM",Milton,259 US Rt 7 South,Unknown,Property Damage Only,Same Direction Sideswipe,Clear,"Other Public Roadway (Rest Areas, Shopping Center - anything open to public)",19MT007642,Milton PD.,9,999.99,None/Other,Night,Hannaford Parking Lot,None,None,,VT0040600,Parking Lot,Non-highway work,259 US Rt 7 South,,0,"44.62378864111445,-73.12229850964718"
4245471,,"October 9, 2019, 8:51 PM",South Burlington,825 Williston Rd,US-2,Injury,Rear End,Clear,"State Highway numbered route, Class 1 TH",19SB010982,So. Burlington PD.,11,0.09,None/Other,Night,Main Street,None,Motorcycle,,VT0040300,Not at a Junction,None,825 Williston Rd,Dry,20,"44.47172022327545,-73.18845298773635"
4248192,,"October 10, 2019, 12:00 AM",Essex,112 Center Rd,Unknown,Property Damage Only,Same Direction Sideswipe,Clear,"Other Public Roadway (Rest Areas, Shopping Center - anything open to public)",19ES05616,Essex PD.,9,999.99,None/Other,,Towers Rd,None,None,,VT0040200,Parking Lot,None,112 Center Rd,Dry,0,"44.51167434974858,-73.0621508256399"
4245376,,"October 10, 2019, 8:36 AM",Burlington,67 Spear St,SPEAR ST.,Property Damage Only,Same Direction Sideswipe,Clear,Federal Aid Urban System (Class 2 TH's and 3 TH's only),19UV005791,UVM Police,2,3.78,None/Other,Day,Harris Millis Halls,None,None,,VT0041100,Other - Explain in Narrative,None,67 Spear St,Dry,U5222,"44.47113860035506,-73.192326623179"
4244797,,"October 10, 2019, 11:47 AM",Burlington,North Ave,NORTH AVE.,Property Damage Only,"No Turns, Thru moves only, Broadside ^<",Clear,Federal Aid Urban System (Class 2 TH's and 3 TH's only),19BU022489,Burlington PD,2,1.25,None/Other,Day,Institute Rd,None,None,,VT0040100,Four-way Intersection,None,North Ave,Dry,U5026,"44.49713461895527,-73.23232420692372"
4245930,,"October 10, 2019, 1:36 PM",South Burlington,550 Dorset St #sbhs,DORSET ST.,Property Damage Only,Other - Explain in Narrative,Cloudy,Federal Aid Urban System (Class 2 TH's and 3 TH's only),19SB011027,So. Burlington PD.,2,3.11,None/Other,Day,,None,None,,VT0040300,Four-way Intersection,,550 Dorset St #sbhs,,U5208,"44.45487475839837,-73.17905241750299"
4249583,,"October 10, 2019, 1:57 PM",Colchester,ROOSEVELT HIGHWAY,US-7,Property Damage Only,"Left Turn and Thru, Broadside v<--",Clear,"State Highway numbered route, State owned",19CC009947,Colchester PD.,10,0.22,None/Other,Day,"I-89 EXIT 16, SB ON RAMP",None,None,,VT0040500,T - Intersection,None,ROOSEVELT HIGHWAY,Dry,70,"44.505669783640215,-73.18110889131725"
4245034,,"October 10, 2019, 8:31 PM",Colchester,ROUTE 7,US-7,Injury,Rear-to-rear,Clear,"State Highway numbered route, State owned",19CC009963,Colchester PD.,10,0.25,None/Other,Night,I89 SB ON RAMP,None,None,,VT0040500,Four-way Intersection,None,ROUTE 7,Dry,70,"44.50610219742692,-73.18095322915832"
4248616,,"October 11, 2019, 7:32 AM",Essex,24 Maple St,VT-117,Property Damage Only,Rear End,Clear,"State Highway numbered route, State owned",19ES05625,Essex PD.,10,0.16,None/Other,Day,Elm St,None,None,,VT0040200,Not at a Junction,None,24 Maple St,Dry,1170,"44.48970619731973,-73.10810920391316"
4245050,,"October 11, 2019, 8:55 AM",Burlington,Hillside Ter,HILLSIDE TER,Injury,Other - Explain in Narrative,Cloudy,Street or Town Highways in FA Urban Area,19BU022575,Burlington PD,5,999.99,None/Other,Day,Riverside Ave,None,Pedestrian,,VT0040100,T - Intersection,None,Hillside Ter,Dry,0,"44.4881080291761,-73.19764484134932"
4245372,,"October 11, 2019, 11:59 AM",South Burlington,695 Dorset St,DORSET ST.,Property Damage Only,Rear End,Clear,Federal Aid Urban System (Class 2 TH's and 3 TH's only),19SB011059,So. Burlington PD.,2,2.92,None/Other,Day,Kennedy Dr,None,None,,VT0040300,Four-way Intersection,None,695 Dorset St,Dry,U5208,"44.4521469573267,-73.17854543243841"
4247678,,"October 11, 2019, 12:03 PM",South Burlington,3 Timber Ln,Unknown,Property Damage Only,Other - Explain in Narrative,Clear,"Other Public Roadway (Rest Areas, Shopping Center - anything open to public)",19SB011060,So. Burlington PD.,9,999.99,None/Other,Day,Parking Lot,None,None,,VT0040300,Parking Lot,None,3 Timber Ln,Dry,0,"44.45334922337031,-73.16824337707786"
4245155,,"October 11, 2019, 12:39 PM",Burlington,1127 North Ave,NORTH AVE.,Property Damage Only,"Right Turn and Thru, Broadside ^<--",Clear,Federal Aid Urban System (Class 2 TH's and 3 TH's only),19BU022584,Burlington PD,2,2.24,None/Other,Day,Leddy Park Rd,None,Bicycle,,VT0040100,T - Intersection,None,1127 North Ave,Dry,U5026,"44.50718442055111,-73.2451945269319"
4245375,,"October 11, 2019, 12:52 PM",Essex,112 Center Road,VT-15,Property Damage Only,Rear End,Clear,"State Highway numbered route, State owned",19ES05632,Essex PD.,10,5.19,None/Other,Day,,None,None,,VT0040200,Other - Explain in Narrative,None,112 Center Road,Dry,150,"44.511317008206284,-73.06220055707657"
4245031,,"October 11, 2019, 1:51 PM",Burlington,Cherry St,CHERRY ST,Property Damage Only,Same Direction Sideswipe,Clear,Street or Town Highways in FA Urban Area,19BU022593,Burlington PD,5,999.99,None/Other,Day,S Winooski Ave,None,Heavy Truck,,VT0040100,T - Intersection,None,Cherry St,Dry,0,"44.47935107493323,-73.21116091822775"
4249070,,"October 11, 2019, 2:25 PM",South Burlington,Market St,MARKET ST,Property Damage Only,Other - Explain in Narrative,Clear,"Other Public Roadway (Rest Areas, Shopping Center - anything open to public)",19SB011066,So. Burlington PD.,9,999.99,None/Other,Day,Blue Mall Overflow Parking Lot,None,None,,VT0040300,Parking Lot,None,Market St,Dry,0,"44.465660259316074,-73.1797637406016"
4245687,,"October 11, 2019, 2:53 PM",Richmond,East Main Street,US-2,Property Damage Only,Opp Direction Sideswipe,Clear,"State Highway numbered route, State owned",19RM00708,Richmond PD.,10,3.53,None/Other,Day,837 East Main Street,None,None,,VT0040800,Not at a Junction,None,East Main Street,Dry,20,"44.40246577725622,-72.97936375882044"
4245371,,"October 11, 2019, 3:04 PM",South Burlington,105 Dorset St,DORSET ST,Property Damage Only,Other - Explain in Narrative,Clear,"Other Public Roadway (Rest Areas, Shopping Center - anything open to public)",19SB011071,So. Burlington PD.,9,999.99,None/Other,Day,DMV Parking Garage Near Barnes & Noble,None,None,,VT0040300,Parking Lot,None,105 Dorset St,Dry,0,"44.46624401729019,-73.18128695131264"
4248157,,"October 11, 2019, 3:43 PM",Burlington,394 Pearl St,PEARL ST.,Property Damage Only,Rear End,Clear,Federal Aid Urban System (Class 2 TH's and 3 TH's only),19BU022598,Burlington PD,2,0.82,None/Other,Day,S Williams St,None,None,,VT0040100,Not at a Junction,None,394 Pearl St,Dry,U5038,"44.48072440861963,-73.20288907900458"
4245385,,"October 11, 2019, 4:48 PM",South Burlington,2000 Hinesburg Rd,VT-116,Property Damage Only,Rear End,Clear,"State Highway numbered route, State owned",19SB011076,So. Burlington PD.,10,2.16,None/Other,Day,Meadowland DR,None,None,,VT0040300,T - Intersection,None,2000 Hinesburg Rd,Dry,1160,"44.44090731118155,-73.15780515150307"
4245373,,"October 11, 2019, 5:34 PM",Shelburne,4772 Shelburne Rd,US-7,Property Damage Only,Rear End,Clear,"State Highway numbered route, State owned",19SH04249,Shelburne PD.,10,2.42,None/Other,Day,Webster Rd,None,Motorcycle,,VT0040700,Not at a Junction,None,4772 Shelburne Rd,Dry,70,"44.38712199523386,-73.22505282622006"
4246420,,"October 11, 2019, 6:04 PM",Essex,52 Pinecrest Dr,PINECREST DR.,Property Damage Only,Single Vehicle Crash,Clear,Federal Aid Urban System (Class 2 TH's and 3 TH's only),19ES05641,Essex PD.,2,0.49,Deer,Night,Jackson Hts,None,None,,VT0040200,Not at a Junction,Other - Explain in Narrative,52 Pinecrest Dr,Dry,U5412,"44.50503205938904,-73.12675262388619"
4245370,,"October 11, 2019, 6:55 PM",Winooski City,Malletts Bay Ave,MALLETTS BAY AVE.,Property Damage Only,Rear End,Clear,Federal Aid Urban System (Class 2 TH's and 3 TH's only),19WS007165,Winooski PD.,2,0.41,None/Other,Night,St Peter St,None,None,,VT0040400,Four-way Intersection,None,Malletts Bay Ave,Dry,U5108,"44.49623964748627,-73.19370900858151"
4248126,,"October 11, 2019, 10:49 PM",Milton,20 Trayah Dr,TRAYAH DR,Property Damage Only,Other - Explain in Narrative,Clear,Street or Town Highways in FA Urban Area,19MT007699,Milton PD.,5,999.99,None/Other,Night,Barnum Street,None,None,,VT0040600,Not at a Junction,,20 Trayah Dr,Dry,0,"44.62887897455493,-73.11180324072326"
4249228,,"October 12, 2019, 9:54 AM",South Burlington,Dorset Street,DORSET ST.,Injury,Rear End,Clear,Federal Aid Urban System (Class 2 TH's and 3 TH's only),19SB011115,So. Burlington PD.,2,3.7,None/Other,Day,Garden Street,None,None,,VT0040300,Four-way Intersection,None,Dorset Street,Dry,U5208,"44.46332098554462,-73.1806614229919"
4247234,,"October 12, 2019, 4:43 PM",Colchester,ROOSEVELT HIGHWAY,US-7,Property Damage Only,Same Direction Sideswipe,Clear,"State Highway numbered route, State owned",19CC010031,Colchester PD.,10,0.24,None/Other,Day,"I-89 EXIT 16, NB OFF RAMP",None,None,,VT0040500,Off Ramp,None,ROOSEVELT HIGHWAY,Dry,70,"44.505961675125945,-73.1810061557765"
4247291,,"October 12, 2019, 5:17 PM",Essex,36 River Road,VT-117,Property Damage Only,Single Vehicle Crash,Clear,"State Highway numbered route, State owned",19ES05659,Essex PD.,10,1.36,Deer,Day,Maple St,None,None,,VT0040200,Not at a Junction,Unknown,36 River Road,Dry,1170,"44.48344886791476,-73.08568394614964"
4245130,,"October 12, 2019, 5:20 PM",Colchester,26 EAST ROAD,EAST ROAD,Property Damage Only,Single Vehicle Crash,Clear,Federal Aid Urban System (Class 2 TH's and 3 TH's only),19CC009953,Colchester PD.,2,0.02,None/Other,Day,,None,None,,VT0040500,Four-way Intersection,None,26 EAST ROAD,Dry,U5610,"44.543932368888804,-73.14787995442498"
4245057,,"October 12, 2019, 5:36 PM",Winooski City,Winooski River Bridge,US-7,Property Damage Only,Same Direction Sideswipe,Cloudy,"State Highway numbered route, Class 1 TH",19WS007183,Winooski PD.,11,0.11,None/Other,Day,W Canal St,None,None,,VT0040400,Not at a Junction,None,Winooski River Bridge,Dry,70,"44.49014353104273,-73.186499037812"
4253824,,"October 12, 2019, 11:40 PM",Shelburne,40 Henry St,HENRY ST,Property Damage Only,Other - Explain in Narrative,Cloudy,"Other Public Roadway (Rest Areas, Shopping Center - anything open to public)",19SH04265,Shelburne PD.,9,999.99,None/Other,Night,Shelburnwood Dr,Alcohol,None,,VT0040700,Parking Lot,None,40 Henry St,Dry,0,"44.38329248655561,-73.22565633839338"
4247256,,"October 13, 2019, 9:02 AM",Burlington,Pine St,PINE ST.,Injury,Rear End,Clear,Federal Aid Urban System (Class 2 TH's and 3 TH's only),19BU022725,Burlington PD,2,1.14,None/Other,Day,Kilburn St,None,None,,VT0040100,Not at a Junction,None,Pine St,Dry,U5040,"44.471838329872085,-73.21530165526589"
4253443,,"October 14, 2019, 10:17 AM",Burlington,136 S Winooski Ave,Unknown,Property Damage Only,"Left Turn and Thru, Same Direction Sideswipe/Angle Crash vv--",Clear,"Other Public Roadway (Rest Areas, Shopping Center - anything open to public)",19BU022789,Burlington PD,9,999.99,None/Other,Day,Firestation,None,Heavy Truck,,VT0040100,Parking Lot,None,136 S Winooski Ave,Dry,0,"44.47658711321541,-73.21055667549294"
4249076,,"October 14, 2019, 12:03 PM",Milton,Duffy Rd,TOWN ROAD 0064,Property Damage Only,Rear End,Clear,"City, Village or Urban Compact Street not in FA Urban Area (Class 2 and 3 Non-Federal Aid)",19MT007758,Milton PD.,6,999.99,None/Other,Day,Marrs Hollow Rd,None,None,,VT0040600,Not at a Junction,None,Duffy Rd,Dry,T0064,"44.58656828845707,-73.10720202734186"
4245436,,"October 14, 2019, 12:14 PM",Burlington,96 Brierwood Ln,Unknown,Property Damage Only,Rear End,Clear,Street or Town Highways in FA Urban Area,19BU022797,Burlington PD,5,999.99,None/Other,Day,96 Breirwood Ln,None,None,,VT0040100,Not at a Junction,None,96 Brierwood Ln,Dry,0,"44.5072967642042,-73.2555881043087"
4247273,,"October 14, 2019, 3:57 PM",South Burlington,340 Dorset St,DORSET ST.,Property Damage Only,Rear End,Rain,Federal Aid Urban System (Class 2 TH's and 3 TH's only),19SB011225,So. Burlington PD.,2,3.55,None/Other,Day,Dorset St,None,None,,VT0040300,Not at a Junction,"Road Surface Condition(wet, icy, snow, slush, etc)",340 Dorset St,Wet,U5208,"44.46117153884199,-73.18023103213093"
4247280,,"October 15, 2019, 7:12 AM",South Burlington,Shelburne Road,US-7,Property Damage Only,Rear End,Clear,"State Highway numbered route, State owned",19SB011244,So. Burlington PD.,10,1.73,None/Other,Day,Swift Street,None,Heavy Truck,,VT0040300,T - Intersection,None,Shelburne Road,Dry,70,"44.44580913894239,-73.20942912410831"
4247675,,"October 15, 2019, 8:57 AM",Milton,16 Cherry St,Unknown,Property Damage Only,Single Vehicle Crash,Clear,Street or Town Highways in FA Urban Area,19MT007770,Milton PD.,5,999.99,None/Other,Day,Main Street,None,None,,VT0040600,Not at a Junction,None,16 Cherry St,Dry,0,"44.637101007840506,-73.11193649391289"
4245317,,"October 15, 2019, 1:33 PM",Burlington,Riverside Ave,ALTERNATE US-7,Property Damage Only,Rear End,Cloudy,"State Highway numbered route, State owned",19BU022880,Burlington PD,10,2.09,None/Other,Day,N Winooski Ave,None,None,,VT0040100,Five-point or more,None,Riverside Ave,Dry,9993,"44.48965373682905,-73.2058103411637"
4245056,,"October 15, 2019, 4:19 PM",Colchester,SEVERANCE ROAD,KELLOGG ROAD,Property Damage Only,Rear End,Clear,Federal Aid Urban System (Class 2 TH's and 3 TH's only),19CC010135,Colchester PD.,2,0.3,None/Other,Day,COVENTRY ROAD,None,None,,VT0040500,Not at a Junction,None,SEVERANCE ROAD,Dry,U5612,"44.51506295085029,-73.14595438994371"
4247828,,"October 15, 2019, 5:00 PM",Winooski City,Weaver St,WEAVER ST,Property Damage Only,"No Turns, Thru moves only, Broadside ^<",Clear,Street or Town Highways in FA Urban Area,19WS007241,Winooski PD.,5,999.99,None/Other,Day,St Peter St,None,None,,VT0040400,T - Intersection,None,Weaver St,Dry,0,"44.49620512180837,-73.18707140253298"
4249130,,"October 15, 2019, 5:35 PM",Burlington,East Ave,EAST AVE.,Injury,Other - Explain in Narrative,Clear,Federal Aid Urban System (Class 2 TH's and 3 TH's only),19BU022902,Burlington PD,2,0.57,None/Other,Day,Colchester Ave,None,Bicycle,,VT0040100,Not at a Junction,None,East Ave,Dry,U5016,"44.4807754847484,-73.1922793793063"
4252624,,"October 16, 2019, 4:15 AM",Burlington,500 S Union St,S UNION ST.,Property Damage Only,Head On,Clear,Federal Aid Urban System (Class 2 TH's and 3 TH's only),19BU022923,Burlington PD,2,0.06,None/Other,Night,Beech St,None,None,,VT0040100,Not at a Junction,None,500 S Union St,Dry,U5052,"44.465928695992226,-73.20765460635117"
4253996,,"October 16, 2019, 4:53 AM",Burlington,Colchester Ave,COLCHESTER AVE.,Property Damage Only,Same Direction Sideswipe,Clear,Federal Aid Urban System (Class 2 TH's and 3 TH's only),19BU022924,Burlington PD,2,0.83,None/Other,Night,Calarco Ct,None,None,,VT0040100,Not at a Junction,None,Colchester Ave,Dry,U5014,"44.485567211950254,-73.18719309825454"
4247232,,"October 16, 2019, 6:50 AM",South Burlington,699 Spear St,SPEAR ST.,Property Damage Only,Head On,Clear,Federal Aid Urban System (Class 2 TH's and 3 TH's only),19SB011308,So. Burlington PD.,2,3.26,None/Other,Night,Quarry Hill Rd,None,None,,VT0040300,T - Intersection,None,699 Spear St,Dry,U5222,"44.46347945943349,-73.19085609032936"
4245157,,"October 16, 2019, 7:24 AM",Burlington,College St,US-7,Property Damage Only,"No Turns, Thru moves only, Broadside ^<",Clear,"State Highway numbered route, State owned",19BU022927,Burlington PD,10,2.22,None/Other,Day,S Willard St,None,None,,VT0040100,Four-way Intersection,None,College St,Dry,70,"44.4775987132308,-73.20554596357165"
4247224,,"October 16, 2019, 7:40 AM",South Burlington,Williston Rd,US-2,Property Damage Only,Rear End,Cloudy,"State Highway numbered route, Class 1 TH",19SB011309,So. Burlington PD.,11,1,None/Other,Day,Patchen Rd,None,None,,VT0040300,Four-way Intersection,None,Williston Rd,Dry,20,"44.4669930712364,-73.17141416038737"
4253886,,"October 16, 2019, 8:02 AM",Westford,1095 VT-128,VT-128,Property Damage Only,"Left Turn and Thru, Angle Broadside -->v--",Clear,"State Highway numbered route, State owned",19A105024,VSP - A1 Williston,10,1,None/Other,Day,Castle Hill Ln,None,None,,VTVSP0100,Not at a Junction,None,1095 VT-128,Dry,1280,"44.5725750772882,-73.02112323487856"
4247229,,"October 16, 2019, 9:15 AM",South Burlington,Proctor Ave,Unknown,Property Damage Only,Rear End,Clear,Street or Town Highways in FA Urban Area,19SB011314,So. Burlington PD.,5,999.99,None/Other,Day,Shelburne Rd,None,None,,VT0040300,T - Intersection,None,Proctor Ave,Dry,0,"44.45452556833288,-73.20819362266357"
4249504,,"October 16, 2019, 1:22 PM",Milton,,I-89,Injury,Same Direction Sideswipe,Cloudy,"State Highway numbered route, State owned",19A104696,VSP - A1 Williston,10,101.16,None/Other,Day,Mile Marker 101 U-turn,None,None,,VTVSP0100,,None,,,890,"44.63134733864126,-73.1452724073212"
4247236,,"October 16, 2019, 1:29 PM",Burlington,Pine St,PINE ST.,Injury,Same Direction Sideswipe,Cloudy,Federal Aid Urban System (Class 2 TH's and 3 TH's only),19BU022951,Burlington PD,2,0.81,None/Other,Day,Howard St,None,Bicycle,,VT0040100,T - Intersection,Work zone (construction / maintenance / utility),Pine St,Dry,U5040,"44.46713954418588,-73.21498316070422"
4245828,,"October 16, 2019, 5:01 PM",South Burlington,1515 Dorset St,DORSET ST.,Injury,Other - Explain in Narrative,Cloudy,Federal Aid Urban System (Class 2 TH's and 3 TH's only),19SB011334,So. Burlington PD.,2,0.98,None/Other,Day,Cider Mill Dr,None,Bicycle,,VT0040300,T - Intersection,None,1515 Dorset St,Dry,U5208,"44.42443343879703,-73.17390067799732"
4245210,,"October 16, 2019, 6:50 PM",Williston,Oak Hill Road,OAK HILL ROAD,Injury,Rear End,Cloudy,Federal Aid Urban System (Class 2 TH's and 3 TH's only),19WT04510,Williston PD.,2,999.99,None/Other,Night,South Road,None,None,,VT0041000,T - Intersection,None,Oak Hill Road,Dry,U5510,"44.388528259486094,-73.09585707147635"
4245198,,"October 16, 2019, 11:18 PM",South Burlington,20 Karen Dr,Unknown,Property Damage Only,Other - Explain in Narrative,Cloudy,Street or Town Highways in FA Urban Area,19SB011350,So. Burlington PD.,5,999.99,None/Other,Night,Allen Rd,None,Heavy Truck,,VT0040300,Not at a Junction,"Road Surface Condition(wet, icy, snow, slush, etc)",20 Karen Dr,Wet,0,"44.421510620827874,-73.2089502290762"
4248274,,"October 17, 2019, 6:39 AM",Essex,3 Kellogg Rd #2,SUSIE WILSON RD.,Property Damage Only,"Right Turn and Thru, Broadside ^<--",Rain,Federal Aid Urban System (Class 2 TH's and 3 TH's only),19ES05767,Essex PD.,2,0.44,None/Other,Night,Kellogg Rd,None,Heavy Truck,,VT0040200,T - Intersection,,3 Kellogg Rd #2,Wet,U5410,"44.50908502938087,-73.13217404400467"
4247318,,"October 17, 2019, 9:00 AM",Williston,2939 St George Road,Unknown,Property Damage Only,Rear-to-rear,Rain,"Other Public Roadway (Rest Areas, Shopping Center - anything open to public)",19WT04514,Williston PD.,9,999.99,None/Other,Day,Interstate 89 On Ramp,None,Heavy Truck,,VT0041000,Parking Lot,None,2939 St George Road,Wet,0,"44.44043838391437,-73.11384916318782"
4245030,,"October 17, 2019, 10:25 AM",Burlington,Archibald St,ARCHIBALD ST,Property Damage Only,"No Turns, Thru moves only, Broadside ^<",Rain,Street or Town Highways in FA Urban Area,19BU023011,Burlington PD,5,999.99,None/Other,Day,St Louis St,None,None,,VT0040100,Driveway,"Road Surface Condition(wet, icy, snow, slush, etc)",Archibald St,Wet,0,"44.48777664642812,-73.21249954520074"
4246854,,"October 17, 2019, 11:54 AM",Essex,41 Kellogg Rd,KELLOGG ROAD,Injury,Rear End,Rain,Federal Aid Urban System (Class 2 TH's and 3 TH's only),19ES05773,Essex PD.,2,0.43,None/Other,Day,New England Dr,None,None,,VT0040200,Not at a Junction,"Road Surface Condition(wet, icy, snow, slush, etc)",41 Kellogg Rd,Wet,U5406,"44.51197879864817,-73.13904475610566"
4249473,,"October 17, 2019, 1:58 PM",Essex,3 Kellogg Rd,KELLOGG ROAD,Property Damage Only,"Left Turn and Thru, Broadside v<--",Rain,Federal Aid Urban System (Class 2 TH's and 3 TH's only),19ES05777,Essex PD.,2,0.04,None/Other,Day,Susie Wilson Rd,None,None,,VT0040200,Four-way Intersection,None,3 Kellogg Rd,Wet,U5406,"44.50961749205855,-73.13251088644571"
4245184,,"October 17, 2019, 3:20 PM",Essex,84 Pearl St,VT-15,Property Damage Only,Rear End,Rain,"State Highway numbered route, Class 1 TH",19ES05778,Essex PD.,11,1.69,None/Other,Day,Roscoe Ct,None,None,,VT0040200,Not at a Junction,Unknown,84 Pearl St,Wet,150,"44.494358903219336,-73.11989623853812"
4245203,,"October 17, 2019, 3:59 PM",Essex,19 River View Dr,VT-117,Injury,Rear End,Rain,"State Highway numbered route, State owned",19ES05779,Essex PD.,10,2.07,None/Other,Day,State Rte 289,None,None,,VT0040200,Y - Intersection,"Road Surface Condition(wet, icy, snow, slush, etc)",19 River View Dr,Wet,1170,"44.48266602023648,-73.0721180192808"
4245441,,"October 17, 2019, 4:45 PM",Williston,Essex Rd,VT-2A,Property Damage Only,Other - Explain in Narrative,Rain,"State Highway numbered route, State owned",19WT04519,Williston PD.,10,3.79,None/Other,Day,Taft Corners Shopping Plaza,None,None,,VT0041000,,,Essex Rd,,21,"44.45060087117155,-73.11110329558562"
4248982,,"October 17, 2019, 7:48 PM",Colchester,ROUTE 7,US-7,Property Damage Only,Rear End,Rain,"State Highway numbered route, State owned",19CC010200,Colchester PD.,10,6.52,None/Other,Night,ROUTE 2,None,None,,VT0040500,T - Intersection,None,ROUTE 7,Wet,70,"44.589590994996776,-73.16644266539477"
4245183,,"October 18, 2019, 7:40 AM",Colchester,I-89 SB MM95,I-89,Property Damage Only,Rear End,Cloudy,"State Highway numbered route, State owned",19A105059,VSP - A1 Williston,10,95.3,None/Other,Day,Bay Road Overpass,None,None,,VTVSP0100,Not at a Junction,None,I-89 SB MM95,Dry,890,"44.55440548703816,-73.18484215064352"
4248002,,"October 18, 2019, 7:40 AM",Colchester,I89 SB MM 95,I-89,Property Damage Only,Rear End,Cloudy,"State Highway numbered route, State owned",19A105058,VSP - A1 Williston,10,95.3,None/Other,Day,Bay Rd Overpass,None,None,,VTVSP0100,Not at a Junction,None,I89 SB MM 95,Dry,890,"44.55440548703816,-73.18484215064352"
4247254,,"October 18, 2019, 3:54 PM",Williston,Essex Rd,VT-2A,Property Damage Only,Rear End,Cloudy,"State Highway numbered route, State owned",19WT04535,Williston PD.,10,4.79,None/Other,Day,Industrial Ave,None,None,,VT0041000,Four-way Intersection,None,Essex Rd,Dry,21,"44.46498009544894,-73.11289331731189"
4248894,,"October 18, 2019, 7:44 PM",Burlington,Park St,PARK ST.,Injury,"Left Turn and Thru, Angle Broadside -->v--",Clear,Federal Aid Urban System (Class 2 TH's and 3 TH's only),19BU023118,Burlington PD,2,0,None/Other,Night,Pearl St,None,Bicycle,,VT0040100,T - Intersection,None,Park St,Dry,U5036,"44.480262366915966,-73.21901082725766"
4245499,,"October 19, 2019, 2:00 AM",Williston,St George Road,VT-2A,Property Damage Only,"No Turns, Thru moves only, Broadside ^<",Clear,"State Highway numbered route, State owned",19WT4553,Williston PD.,10,3,None/Other,Night,Interstate 89 Northbound Off Ramp,None,None,,VT0041000,Off Ramp,None,St George Road,Dry,21,"44.439879201608036,-73.11477853350053"