ObjectID,Mapped,Crash Date,City/Town,Address,AOT Route,Crash Type,Collision Direction,Weather,Road Group,Report Number,Reporting Agency,Road Group ID,AOT Actual Milepoint,Animal,Time of Day,Intersection With,Impairment,Involving,Non Reportable Address,Reporting Agency ID,Road Characteristics,Road Condition,Street Address,Surface Condition,AOT Route ID,Coordinates
4245176,,"October 19, 2019, 11:44 AM",South Burlington,1030 Shelburne Rd,Unknown,Property Damage Only,Other - Explain in Narrative,Clear,"Other Public Roadway (Rest Areas, Shopping Center - anything open to public)",19SB011440,So. Burlington PD.,9,999.99,None/Other,Day,,None,None,,VT0040300,Parking Lot,None,1030 Shelburne Rd,Dry,0,"44.44023584342483,-73.20940274660842"
4245175,,"October 19, 2019, 1:45 PM",Essex,3 Kellogg Rd,SUSIE WILSON RD.,Property Damage Only,Rear End,Clear,Federal Aid Urban System (Class 2 TH's and 3 TH's only),19ES05813,Essex PD.,2,0.48,None/Other,Day,Susie Wilson Rd,None,None,,VT0040200,Four-way Intersection,Unknown,3 Kellogg Rd,Dry,U5410,"44.509580662520165,-73.13178012134283"
4248281,,"October 19, 2019, 1:47 PM",Burlington,Overlake Pk,OVERLAKE PARK,Property Damage Only,"Left Turn and Thru, Angle Broadside -->v--",Clear,Street or Town Highways in FA Urban Area,19BU023180,Burlington PD,5,999.99,None/Other,Day,Deforest Rd,None,None,,VT0040100,Driveway,None,Overlake Pk,Dry,0,"44.46887207788276,-73.2018583925655"
4252264,,"October 19, 2019, 11:30 PM",Burlington,281 St Paul St,ST. PAUL ST.,Injury,Rear End,Clear,Federal Aid Urban System (Class 2 TH's and 3 TH's only),19BU023209,Burlington PD,2,0.3,None/Other,Night,Kilburn St,Alcohol,None,,VT0040100,Not at a Junction,None,281 St Paul St,Dry,U5046,"44.47092738059594,-73.21306305916536"
4253577,,"October 20, 2019, 12:51 AM",Burlington,Main St,MAIN ST.,Injury,Single Vehicle Crash,Clear,Federal Aid Urban System (Class 2 TH's and 3 TH's only),19BU023213,Burlington PD,2,0.33,None/Other,Night,Church St,None,Pedestrian,,VT0040100,T - Intersection,None,Main St,Dry,U5022,"44.47594703718269,-73.2126105736484"
4248592,,"October 20, 2019, 9:50 AM",South Burlington,Shelburne Rd,US-7,Injury,Rear End,Cloudy,"State Highway numbered route, State owned",19SB011476,So. Burlington PD.,10,0.54,None/Other,Day,Bartlett Bay Rd,None,None,,VT0040300,Not at a Junction,None,Shelburne Rd,Dry,70,"44.42861155436856,-73.21127130674125"
4245191,,"October 20, 2019, 6:25 PM",South Burlington,Dorset Street at Williston Road,DORSET ST.,Property Damage Only,Same Direction Sideswipe,Clear,Federal Aid Urban System (Class 2 TH's and 3 TH's only),19SB011491,So. Burlington PD.,2,4.05,None/Other,Night,Dorset St,None,None,,VT0040300,Not at a Junction,None,Dorset Street at Williston Road,Dry,U5208,"44.4683370731196,-73.18153952594089"
4253975,,"October 20, 2019, 9:55 PM",Essex,35 Brickyard Rd,BRICKYARD RD,Property Damage Only,Single Vehicle Crash,Clear,Street or Town Highways in FA Urban Area,19ES05842,Essex PD.,5,999.99,None/Other,Night,35 Brickyard,None,None,,VT0040200,Not at a Junction,,35 Brickyard Rd,Dry,0,"44.492478655038866,-73.09586256051486"
4245323,,"October 21, 2019, 10:23 AM",South Burlington,Dorset St,DORSET ST.,Property Damage Only,Rear End,Clear,Federal Aid Urban System (Class 2 TH's and 3 TH's only),19SB011507,So. Burlington PD.,2,3.84,None/Other,Day,Market St,None,None,,VT0040300,Four-way Intersection,None,Dorset St,Dry,U5208,"44.465331148364754,-73.18103245622129"
4246759,,"October 21, 2019, 1:32 PM",Colchester,PORTERS POINT ROAD,PORTER POINT RD.,Property Damage Only,Single Vehicle Crash,Clear,Federal Aid Urban System (Class 2 TH's and 3 TH's only),19CC010350,Colchester PD.,2,0.17,None/Other,Day,CHURCH ROAD,None,None,,VT0040500,T - Intersection,None,PORTERS POINT ROAD,Dry,U5605,"44.538027306742926,-73.25054661981528"
4248833,,"October 21, 2019, 4:35 PM",South Burlington,Kimball Avenue At Opposite #30,KIMBALL AVE.,Property Damage Only,Rear End,Clear,Federal Aid Urban System (Class 2 TH's and 3 TH's only),19SB011521,So. Burlington PD.,2,0.08,None/Other,Day,Old Farm Rd,None,None,,VT0040300,T - Intersection,None,Kimball Avenue At Opposite #30,Dry,U5211,"44.459410596720794,-73.1533533957481"
4245280,,"October 22, 2019, 7:05 AM",South Burlington,3017 Williston Rd,US-2,Injury,Same Direction Sideswipe,Clear,"State Highway numbered route, Class 1 TH",19SB011538,So. Burlington PD.,11,2.54,None/Other,Day,Gregory Dr,None,Bicycle,,VT0040300,T - Intersection,None,3017 Williston Rd,Dry,20,"44.4584861341911,-73.14315665047506"
4249012,,"October 22, 2019, 10:30 AM",South Burlington,Tilley Dr,TILLEY DR,Property Damage Only,Rear End,Clear,"Other Public Roadway (Rest Areas, Shopping Center - anything open to public)",19SB011588,So. Burlington PD.,9,999.99,None/Other,Day,Hinesburg Rd (Parking Lot),None,None,,VT0040300,Parking Lot,None,Tilley Dr,Dry,0,"44.44889578687419,-73.15424824860926"
4249721,,"October 22, 2019, 10:43 AM",South Burlington,376 Quarry Hill Rd,QUARRY HILL RD,Property Damage Only,Same Direction Sideswipe,Cloudy,Street or Town Highways in FA Urban Area,19SB011545,So. Burlington PD.,5,999.99,None/Other,Day,,None,Heavy Truck,,VT0040300,Driveway,None,376 Quarry Hill Rd,Dry,0,"44.467803860021796,-73.18690151146109"
4245283,,"October 22, 2019, 12:40 PM",South Burlington,Williston Rd,US-2,Property Damage Only,Rear End,Cloudy,"State Highway numbered route, Class 1 TH",19SB011550,So. Burlington PD.,11,0.35,None/Other,Day,I-89 Overpass,None,None,,VT0040300,Not at a Junction,None,Williston Rd,Dry,20,"44.46985526264027,-73.18367744574645"
4245044,,"October 22, 2019, 1:17 PM",Milton,Allen Dr,ALLEN DR,Property Damage Only,Rear End,Clear,Street or Town Highways in FA Urban Area,19MT007919,Milton PD.,5,999.99,None/Other,Day,US Rt 7,None,None,,VT0040600,T - Intersection,None,Allen Dr,Dry,0,"44.60323145656034,-73.16036291725558"
4246342,,"October 22, 2019, 2:32 PM",Williston,188 DUNMORE LANE,DUNMORE LN,Property Damage Only,Other - Explain in Narrative,Clear,Street or Town Highways in FA Urban Area,19WT04592,Williston PD.,5,999.99,None/Other,Day,,None,None,,VT0041000,Driveway,None,188 DUNMORE LANE,Dry,0,"44.45472674078542,-73.10426122097581"
4245848,,"October 22, 2019, 4:25 PM",Williston,29 TAFTS CORNERS,TAFT CORNERS SHOPPING CTR,Property Damage Only,Other - Explain in Narrative,Cloudy,"Other Public Roadway (Rest Areas, Shopping Center - anything open to public)",19WT04596,Williston PD.,9,999.99,None/Other,Day,,None,None,,VT0041000,Parking Lot,None,29 TAFTS CORNERS,Dry,0,"44.45052188887962,-73.10973335231078"
4254044,,"October 22, 2019, 6:54 PM",Burlington,384 St Paul St,ST. PAUL ST.,Property Damage Only,Same Direction Sideswipe,Rain,Federal Aid Urban System (Class 2 TH's and 3 TH's only),19BU023402,Burlington PD,2,0.14,None/Other,Night,Marble Ave,None,None,,VT0040100,Not at a Junction,"Road Surface Condition(wet, icy, snow, slush, etc)",384 St Paul St,Wet,U5046,"44.46899213001146,-73.21127060398166"
4253592,,"October 22, 2019, 7:20 PM",Winooski City,Main St,US-7,Injury,Single Vehicle Crash,Cloudy,"State Highway numbered route, Class 1 TH",19WS007402,Winooski PD.,11,0.56,None/Other,Night,Stevens St,None,Pedestrian,,VT0040400,Not at a Junction,None,Main St,Dry,70,"44.49639756108441,-73.18533450550329"
4245272,,"October 22, 2019, 8:19 PM",South Burlington,155 Dorset St,Unknown,Property Damage Only,Head On,Cloudy,"Other Public Roadway (Rest Areas, Shopping Center - anything open to public)",19SB011564,So. Burlington PD.,9,999.99,None/Other,Night,Dorset St,None,None,,VT0040300,Parking Lot,None,155 Dorset St,Dry,0,"44.465643055619694,-73.18255312350374"
4245165,,"October 23, 2019, 12:00 AM",Essex,27 Susie Wilson Road,SUSIE WILSON RD.,Property Damage Only,Rear-to-rear,Clear,Federal Aid Urban System (Class 2 TH's and 3 TH's only),19ES05903,Essex PD.,2,0.24,None/Other,,,None,None,,VT0040200,Driveway,None,27 Susie Wilson Road,Unknown,U5410,"44.50695370405849,-73.13484759604718"
4253243,,"October 23, 2019, 4:54 AM",Burlington,Main St,US-2,Property Damage Only,"No Turns, Thru moves only, Broadside ^<",Rain,"State Highway numbered route, Class 1 TH",19BU023415,Burlington PD,11,0.75,None/Other,Night,East Ave,None,None,,VT0040100,Four-way Intersection,Unknown,Main St,Wet,20,"44.47309801846329,-73.19143530425055"
4249459,,"October 23, 2019, 6:39 AM",Burlington,East Ave,EAST AVE.,Injury,Single Vehicle Crash,Rain,Federal Aid Urban System (Class 2 TH's and 3 TH's only),19BU023417,Burlington PD,2,0.41,None/Other,Night,Bilodeau Ct,None,Pedestrian,,VT0040100,T - Intersection,None,East Ave,Wet,U5016,"44.478462210966136,-73.1916765114097"
4248188,,"October 23, 2019, 8:33 AM",Williston,WILLISTON ROAD,US-2,Property Damage Only,"No Turns, Thru moves only, Broadside ^<",Cloudy,"State Highway numbered route, State owned",19WT04604,Williston PD.,10,3.74,None/Other,Day,OAK HILL ROAD,Alcohol,None,,VT0041000,Four-way Intersection,,WILLISTON ROAD,Wet,20,"44.437482376077874,-73.06815230146587"
4245271,,"October 23, 2019, 9:55 AM",South Burlington,977 Shelburne Rd,US-7,Property Damage Only,"Left Turn and Thru, Angle Broadside -->v--",Clear,"State Highway numbered route, State owned",19SB011578,So. Burlington PD.,10,1.48,None/Other,Day,,None,None,,VT0040300,Driveway,None,977 Shelburne Rd,Wet,70,"44.44219896682328,-73.20986998796455"
4247656,,"October 23, 2019, 12:01 PM",South Burlington,977 Shelburne Rd,US-7,Property Damage Only,"Left Turn and Thru, Angle Broadside -->v--",Clear,"State Highway numbered route, State owned",19SB011589,So. Burlington PD.,10,1.5,None/Other,Day,,None,None,,VT0040300,Driveway,None,977 Shelburne Rd,Dry,70,"44.442487775497455,-73.20983444887773"
4247910,,"October 23, 2019, 12:20 PM",South Burlington,793 Shelburne Rd,US-7,Property Damage Only,Rear-to-rear,Cloudy,"State Highway numbered route, State owned",19SB011590,So. Burlington PD.,10,1.63,None/Other,Day,Shelburne Gulf Station,None,None,,VT0040300,Not at a Junction,None,793 Shelburne Rd,Dry,70,"44.44436463298716,-73.2095977257975"
4245525,,"October 23, 2019, 1:19 PM",Essex,75 Pearl St,PEARL ST,Property Damage Only,Other - Explain in Narrative,Clear,"Other Public Roadway (Rest Areas, Shopping Center - anything open to public)",19ES05889,Essex PD.,9,999.99,None/Other,Day,Roscoe Ct,None,None,,VT0040200,Parking Lot,None,75 Pearl St,Dry,0,"44.49389457956888,-73.11898627488105"
4245163,,"October 23, 2019, 3:53 PM",Essex,Pearl Street at Merchants Bank,VT-15,Property Damage Only,"No Turns, Thru moves only, Broadside ^<",Clear,"State Highway numbered route, Class 1 TH",19ES05899,Essex PD.,11,1.87,None/Other,Day,Hillcrest Rd,None,None,,VT0040200,Other - Explain in Narrative,None,Pearl Street at Merchants Bank,Dry,150,"44.492894800997846,-73.11686670947242"
4245164,,"October 23, 2019, 7:42 PM",Essex,2 Corporate Dr,Unknown,Property Damage Only,Same Direction Sideswipe,Clear,"Other Public Roadway (Rest Areas, Shopping Center - anything open to public)",19ES05904,Essex PD.,9,999.99,None/Other,Night,Thompson Dr,None,None,,VT0040200,Not at a Junction,None,2 Corporate Dr,Dry,0,"44.501041673060776,-73.04258315419452"
4247577,,"October 24, 2019, 6:07 AM",Essex,23 Jericho Rd,VT-15,Property Damage Only,"Left Turn and Thru, Angle Broadside -->v--",Clear,"State Highway numbered route, State owned",19ES05912,Essex PD.,10,5.62,None/Other,Night,Sand Hill Rd,None,None,,VT0040200,Y - Intersection,None,23 Jericho Rd,Dry,150,"44.509002574829694,-73.05527856184455"
4245158,,"October 24, 2019, 7:09 AM",Essex,176 Browns River Rd,VT-128,Property Damage Only,Other - Explain in Narrative,Clear,"State Highway numbered route, State owned",19ES05913,Essex PD.,10,1.75,Deer,Day,W Sleepy Hollow Rd,None,None,,VT0040200,Not at a Junction,None,176 Browns River Rd,Dry,1280,"44.5231291334329,-73.03252098202789"
4245993,,"October 24, 2019, 10:51 AM",South Burlington,8 Berard Dr,Unknown,Property Damage Only,Single Vehicle Crash,Cloudy,"Other Public Roadway (Rest Areas, Shopping Center - anything open to public)",19SB011627,So. Burlington PD.,9,999.99,None/Other,Day,Glenns Automotive,None,None,,VT0040300,Parking Lot,None,8 Berard Dr,Dry,0,"44.484370033540685,-73.16901876757417"
4245054,,"October 24, 2019, 11:16 AM",Burlington,East Ave,US-2,Property Damage Only,Same Direction Sideswipe,Clear,"State Highway numbered route, unknown ownership",19BU023525,Burlington PD,12,0.75,None/Other,Day,Main St,None,None,,VT0040100,,,East Ave,,20,"44.47309801846329,-73.19143530425055"
4245827,,"October 24, 2019, 2:57 PM",Milton,Interstate 89,I-89,Injury,Rear End,Clear,Ramp or Spur,19A105155,VSP - A1 Williston,7,0.13,None/Other,Day,Exit 17,None,None,,VTVSP0100,Off Ramp,None,Interstate 89,Dry,890,"44.59169369698689,-73.16900785138674"
4245682,,"October 24, 2019, 3:14 PM",Colchester,BLAKELY ROAD,VT. 127 TH,Injury,Rear End,Cloudy,Federal Aid Urban System (Class 2 TH's and 3 TH's only),19CC010456,Colchester PD.,2,4.12,None/Other,Day,THOMAS DRIVE,None,None,,VT0040500,Not at a Junction,None,BLAKELY ROAD,Dry,U5600,"44.53458444896635,-73.20489312054069"
4245154,,"October 24, 2019, 3:58 PM",South Burlington,Interstate 89,I-89,Property Damage Only,Other - Explain in Narrative,Clear,"State Highway numbered route, State owned",19A105156,VSP - A1 Williston,10,85,None/Other,Day,,None,Heavy Truck,,VTVSP0100,Not at a Junction,None,Interstate 89,Dry,890,"44.44215743027287,-73.13545889150785"
4244836,,"October 25, 2019, 12:00 AM",Essex,12 Railroad Ave,RAILROAD AVE./CENTRAL ST. ESSEX JCT.,Property Damage Only,Other - Explain in Narrative,Clear,Federal Aid Urban System (Class 2 TH's and 3 TH's only),19ES05966,Essex PD.,2,0.03,None/Other,,Lincoln Ave,None,None,,VT0040200,Not at a Junction,None,12 Railroad Ave,Dry,U5312,"44.49172724545152,-73.10991261922464"
4245098,,"October 25, 2019, 5:59 AM",Essex,VT 289 Exit 12,VT-289,Property Damage Only,Single Vehicle Crash,Clear,Ramp or Spur,19ES05949,Essex PD.,7,0.17,None/Other,Night,River Rd,None,None,,VT0040200,Off Ramp,None,VT 289 Exit 12,Dry,2890,"44.48310411082792,-73.0704115653204"
4247194,,"October 25, 2019, 8:22 AM",South Burlington,Shelburne Rd,US-7,Property Damage Only,Same Direction Sideswipe,Cloudy,"State Highway numbered route, State owned",19SB011679,So. Burlington PD.,10,1.66,None/Other,Day,Lindenwood Dr,None,None,,VT0040300,T - Intersection,None,Shelburne Rd,Dry,70,"44.444811961232205,-73.20955511113854"
4247875,,"October 25, 2019, 9:23 AM",Milton,East Rd,TOWN ROAD 0037,Property Damage Only,Head On,Clear,Minor Collector - Non Fed Aid Rural TH,19MT007981,Milton PD.,4,999.99,None/Other,Day,Main Street,None,Heavy Truck,,VT0040600,Not at a Junction,,East Rd,Dry,T0037,"44.6388105860964,-73.10106036794213"
4253578,,"October 25, 2019, 11:55 AM",Burlington,Carrigan Dr,EAST AVE.,Property Damage Only,"Right Turn and Thru, Same Direction Sideswipe/Angle Crash ^^--",Clear,Federal Aid Urban System (Class 2 TH's and 3 TH's only),19BU023604,Burlington PD,2,0.17,None/Other,Day,East Ave,None,Heavy Truck,,VT0040100,Four-way Intersection,None,Carrigan Dr,Dry,U5016,"44.474991857641754,-73.19077634733658"
4252852,,"October 25, 2019, 1:59 PM",Williston,I89 S Exit 12,I-89,Injury,Rear End,Cloudy,"State Highway numbered route, State owned",19A105169,VSP - A1 Williston,10,84.17,None/Other,Day,Exit 12 Off Ramp,None,None,,VTVSP0100,Not at a Junction,Obstruction in roadway,I89 S Exit 12,,890,"44.43954163595773,-73.11933821168172"
4247162,,"October 25, 2019, 2:23 PM",Winooski City,Main St,US-7,Property Damage Only,Rear End,Cloudy,"State Highway numbered route, Class 1 TH",19WS007482,Winooski PD.,11,0.58,None/Other,Day,Stevens St,None,None,,VT0040400,Four-way Intersection,None,Main St,Dry,70,"44.49666516433005,-73.18519421194401"
4247599,,"October 25, 2019, 3:04 PM",Burlington,356 Northgate Rd,NORTHGATE RD,Property Damage Only,Opp Direction Sideswipe,Clear,Street or Town Highways in FA Urban Area,19BU023626,Burlington PD,5,999.99,None/Other,Day,North Ave,None,None,,VT0040100,Not at a Junction,None,356 Northgate Rd,Dry,0,"44.520850946705835,-73.26367390659854"
4249597,,"October 25, 2019, 3:15 PM",Winooski City,E Allen St,VT-15,Property Damage Only,Rear End,Cloudy,"State Highway numbered route, State owned",19WS007484,Winooski PD.,10,0.2,None/Other,Day,East St,None,None,,VT0040400,Four-way Intersection,None,E Allen St,Dry,150,"44.49159624020481,-73.18198770956342"
4245897,,"October 25, 2019, 4:04 PM",South Burlington,Spear St,SPEAR ST.,Property Damage Only,Rear End,Cloudy,Federal Aid Urban System (Class 2 TH's and 3 TH's only),19SB011707,So. Burlington PD.,2,1.49,None/Other,Day,Cedar Glen Drive,None,None,,VT0040300,Not at a Junction,None,Spear St,Dry,U5222,"44.43771268949821,-73.19089426529771"
4252658,,"October 25, 2019, 6:00 PM",Westford,Westford Milton Road,WESTFORD MILTON RD,Property Damage Only,Head On,Clear,Federal Aid Secondary System (Class 2 TH),19A105175,VSP - A1 Williston,3,1.81,None/Other,Night,Route 128,None,None,,VTVSP0100,Not at a Junction,None,Westford Milton Road,Dry,S0276,"44.63581151679855,-73.01804169905785"
4253580,,"October 25, 2019, 6:32 PM",Milton,Bombardier Rd,TOWN ROAD 0049,Property Damage Only,Rear End,Clear,"City, Village or Urban Compact Street not in FA Urban Area (Class 2 and 3 Non-Federal Aid)",19MT007996,Milton PD.,6,999.99,None/Other,Night,Middle Rd,None,None,,VT0040600,Four-way Intersection,None,Bombardier Rd,Dry,T0049,"44.61827224277103,-73.1202101390335"
4245143,,"October 25, 2019, 7:35 PM",Essex,100 Pearl St,Unknown,Property Damage Only,Other - Explain in Narrative,Cloudy,"Other Public Roadway (Rest Areas, Shopping Center - anything open to public)",19ES05965,Essex PD.,9,999.99,None/Other,Night,Roscoe Ct,None,None,,VT0040200,Not at a Junction,None,100 Pearl St,Dry,0,"44.49475368282678,-73.12153515955613"
4245028,,"October 26, 2019, 12:00 AM",South Burlington,155 Dorset St,Unknown,Property Damage Only,Same Direction Sideswipe,Clear,"Other Public Roadway (Rest Areas, Shopping Center - anything open to public)",19SB011742,So. Burlington PD.,9,999.99,None/Other,,University Mall Parking Lot,None,None,,VT0040300,Parking Lot,None,155 Dorset St,Dry,0,"44.463557272734576,-73.18220208842432"
4245774,,"October 26, 2019, 8:38 AM",Essex,71 Lincoln Street,VT-2A,Property Damage Only,Rear End,Cloudy,"State Highway numbered route, State owned",19ES05974,Essex PD.,10,1.13,None/Other,Day,,None,None,,VT0040200,T - Intersection,"Road Surface Condition(wet, icy, snow, slush, etc)",71 Lincoln Street,Wet,21,"44.49705758935867,-73.11266471447188"
4248267,,"October 26, 2019, 9:56 AM",Williston,78 CYPRESS STREET,Unknown,Property Damage Only,Single Vehicle Crash,Clear,"Other Public Roadway (Rest Areas, Shopping Center - anything open to public)",19WT04659,Williston PD.,9,999.99,None/Other,Day,CHRISTMAS TREE SHOPS,None,None,,VT0041000,Parking Lot,None,78 CYPRESS STREET,Dry,0,"44.444865072916876,-73.11069207136416"
4248792,,"October 26, 2019, 11:25 AM",South Burlington,Kennedy Dr,FAP 121-1 KENNEDY DRIVE,Injury,Rear End,Clear,"State Highway numbered route, State owned",19SB011744,So. Burlington PD.,10,0.12,None/Other,Day,Dorset St,None,None,,VT0040300,Not at a Junction,None,Kennedy Dr,Dry,9998,"44.45308543801852,-73.1762755744409"
4254061,,"October 26, 2019, 12:41 PM",Burlington,Main St,ALTERNATE US-7,Property Damage Only,"Left Turn and Thru, Angle Broadside -->v--",Clear,"State Highway numbered route, State owned",19BU023685,Burlington PD,10,0.99,None/Other,Day,S Winooski Ave,None,None,,VT0040100,Four-way Intersection,None,Main St,Dry,9993,"44.475907701937416,-73.21099223882852"
4246148,,"October 26, 2019, 1:08 PM",Winooski City,Main St,US-7,Injury,"No Turns, Thru moves only, Broadside ^<",Cloudy,"State Highway numbered route, Class 1 TH",19WS007502,Winooski PD.,11,0.45,None/Other,Day,W Spring St,None,None,,VT0040400,Not at a Junction,None,Main St,Dry,70,"44.49492299296254,-73.18609582677097"
4249323,,"October 26, 2019, 1:57 PM",Shelburne,Spear Street,SPEAR STREET,Injury,Single Vehicle Crash,Clear,Federal Aid Urban System (Class 2 TH's and 3 TH's only),19SH04469,Shelburne PD.,2,3.28,None/Other,Day,Morse Drive,None,None,,VT0040700,Not at a Junction,None,Spear Street,Dry,U5720,"44.40370635740409,-73.19866186132714"
4251619,,"October 27, 2019, 3:41 AM",Burlington,640 Riverside Ave,MANHATTAN DR.,Property Damage Only,Same Direction Sideswipe,Clear,Federal Aid Urban System (Class 2 TH's and 3 TH's only),19BU023744,Burlington PD,2,0.66,None/Other,Night,N Winooski Ave,Alcohol,None,,VT0040100,Not at a Junction,None,640 Riverside Ave,Unknown,U5056,"44.489585584242256,-73.2072160642137"
4245699,,"October 27, 2019, 9:57 AM",South Burlington,1160 Williston Rd,Unknown,Property Damage Only,Other - Explain in Narrative,Rain,"Other Public Roadway (Rest Areas, Shopping Center - anything open to public)",19SB011778,So. Burlington PD.,9,999.99,None/Other,Day,Starbucks Parking Lot,None,None,,VT0040300,Parking Lot,"Road Surface Condition(wet, icy, snow, slush, etc)",1160 Williston Rd,,0,"44.46867718686953,-73.17780021009536"
4245095,,"October 27, 2019, 9:58 AM",Williston,I-89 North,I-89,Property Damage Only,Single Vehicle Crash,Rain,"State Highway numbered route, State owned",19A105206,VSP - A1 Williston,10,81.8,None/Other,Day,Mile Marker 81.8,None,None,,VTVSP0100,Not at a Junction,"Road Surface Condition(wet, icy, snow, slush, etc)",I-89 North,Wet,890,"44.43414344827015,-73.07233200260701"
4245650,,"October 27, 2019, 11:10 AM",Burlington,Main St,US-2,Property Damage Only,Rear End,Rain,"State Highway numbered route, Class 1 TH",19BU023752,Burlington PD,11,0.15,None/Other,Day,Summit St,None,None,,VT0040100,T - Intersection,None,Main St,Wet,20,"44.4762936241016,-73.20241338879642"
4253566,,"October 27, 2019, 5:05 PM",Milton,Bombardier Rd,MIDDLE ROAD,Property Damage Only,"No Turns, Thru moves only, Broadside ^<",Cloudy,Federal Aid Urban System (Class 2 TH's and 3 TH's only),19MT008044,Milton PD.,2,2.61,None/Other,Day,Middle Rd,None,None,,VT0040600,Four-way Intersection,None,Bombardier Rd,Wet,U5810,"44.61828304603416,-73.1202135142596"
4253404,,"October 28, 2019, 9:09 AM",Hinesburg,1177 Pond Road,POND RD,Property Damage Only,Rear End,Clear,Federal Aid Secondary System (Class 2 TH),19HB01159,Hinesburg PD.,3,1.21,None/Other,Day,Pond Road,None,None,,VT0041200,Not at a Junction,None,1177 Pond Road,Dry,S0327,"44.35630050968422,-73.09369613250564"
4253542,,"October 28, 2019, 11:49 AM",Milton,259 US Route 7 S,Unknown,Property Damage Only,Same Direction Sideswipe,Clear,"Other Public Roadway (Rest Areas, Shopping Center - anything open to public)",19MT008055,Milton PD.,9,999.99,None/Other,Day,Hannaford Parking Lot,None,None,,VT0040600,Parking Lot,None,259 US Route 7 S,Dry,0,"44.62378864111445,-73.12229850964718"
4253442,,"October 28, 2019, 2:38 PM",Williston,I-89,I-89,Property Damage Only,Single Vehicle Crash,Clear,"Other Public Roadway (Rest Areas, Shopping Center - anything open to public)",19A105221,VSP - A1 Williston,9,999.99,None/Other,Day,Central School Dr,None,None,,VTVSP0100,Not at a Junction,None,I-89,Dry,890,"44.43577797126592,-73.07734951671546"
4245119,,"October 28, 2019, 4:00 PM",Essex,4 Park Street,VT-2A,Property Damage Only,Rear End,Cloudy,"State Highway numbered route, State owned",19ES06009,Essex PD.,10,0.64,None/Other,Day,Pearl Street,None,None,,VT0040200,Not at a Junction,None,4 Park Street,Dry,21,"44.49014766205834,-73.11145519569347"
4246333,,"October 28, 2019, 4:22 PM",Burlington,Pine St,PINE ST,Property Damage Only,Other - Explain in Narrative,Cloudy,Street or Town Highways in FA Urban Area,19BU023844,Burlington PD,5,999.99,None/Other,Day,Lyman Ave,None,None,,VT0040100,Four-way Intersection,None,Pine St,Dry,0,"44.45324259280295,-73.21441273389904"
4245109,,"October 28, 2019, 6:00 PM",Shelburne,Mount Philo Road,MOUNT PHILO RD,Property Damage Only,Single Vehicle Crash,Cloudy,Minor Collector - Non Fed Aid Rural TH,19SH04501,Shelburne PD.,4,999.99,None/Other,Night,South Of Air Park Road,None,None,,VT0040700,Not at a Junction,None,Mount Philo Road,Dry,S0832,"44.362882117341904,-73.22269461168518"
4245112,,"October 29, 2019, 1:12 AM",Essex,3 Main St,VT-15,Property Damage Only,Single Vehicle Crash,Clear,"State Highway numbered route, Class 1 TH",19ES06016,Essex PD.,11,2.23,None/Other,Night,Lincoln St,None,None,,VT0040200,Five-point or more,None,3 Main St,Dry,150,"44.49080922416897,-73.11058909208845"
4253286,,"October 29, 2019, 6:30 AM",Richmond,I-89,I-89,Property Damage Only,Rear End,Freezing Precipitation,"State Highway numbered route, State owned",19A105726,VSP - A1 Williston,10,78,None/Other,Night,W Main St,None,None,,VTVSP0100,Not at a Junction,"Road Surface Condition(wet, icy, snow, slush, etc)",I-89,Ice,890,"44.42173702192298,-73.00329397865366"
4246989,,"October 29, 2019, 3:55 PM",Essex,10 Susie Wilson Rd,SUSIE WILSON RD.,Property Damage Only,"Left Turns, Opposite Directions, Head On/Angle Crash --^v--",Clear,Federal Aid Urban System (Class 2 TH's and 3 TH's only),19ES06041,Essex PD.,2,0.07,None/Other,Day,Joshua Dr,None,None,,VT0040200,Four-way Intersection,None,10 Susie Wilson Rd,Dry,U5410,"44.50513486999192,-73.13710225027069"
4245577,,"October 29, 2019, 9:47 PM",Colchester,Bay Road,BAY RD.,Property Damage Only,Single Vehicle Crash,Clear,Federal Aid Urban System (Class 2 TH's and 3 TH's only),19CC010608,Colchester PD.,2,0,None/Other,Night,East Lakeshore Drive,Alcohol,None,,VT0040500,Not at a Junction,None,Bay Road,Dry,U5617,"44.55478666475121,-73.19096065960869"
4253099,,"October 30, 2019, 12:15 AM",Winooski City,Main St,US-7,Injury,Single Vehicle Crash,Clear,"State Highway numbered route, Class 1 TH",19WS007591,Winooski PD.,11,0.18,None/Other,Night,E Allen St,None,Motorcycle,,VT0040400,Traffic circle / roundabout,None,Main St,Dry,70,"44.491305991316565,-73.18609428916655"
4244798,,"October 30, 2019, 6:44 AM",Burlington,Main St,MAIN ST.,Property Damage Only,Rear End,Clear,Federal Aid Urban System (Class 2 TH's and 3 TH's only),19BU023973,Burlington PD,2,0.35,None/Other,Night,Church St,None,None,,VT0040100,Four-way Intersection,None,Main St,Dry,U5022,"44.47595893036999,-73.2122429256752"
4252510,,"October 30, 2019, 8:47 AM",Burlington,467 Shelburne Rd,US-7,Property Damage Only,"Left Turn and Thru, Angle Broadside -->v--",Cloudy,"State Highway numbered route, State owned",19BU023982,Burlington PD,10,0.46,None/Other,Day,Lyman Ave,None,None,,VT0040100,Driveway,None,467 Shelburne Rd,Dry,70,"44.45241204853003,-73.20883896016964"