ObjectID,Mapped,Crash Date,City/Town,Address,AOT Route,Crash Type,Collision Direction,Weather,Road Group,Report Number,Reporting Agency,Road Group ID,AOT Actual Milepoint,Animal,Time of Day,Intersection With,Impairment,Involving,Non Reportable Address,Reporting Agency ID,Road Characteristics,Road Condition,Street Address,Surface Condition,AOT Route ID,Coordinates
4249158,,"October 30, 2019, 12:00 PM",Williston,759 Harvest Lane,Unknown,Property Damage Only,Same Direction Sideswipe,Clear,"Other Public Roadway (Rest Areas, Shopping Center - anything open to public)",19WT04726,Williston PD.,9,999.99,None/Other,Day,Home Depot Parking Lot,None,None,,VT0041000,Parking Lot,None,759 Harvest Lane,Dry,0,"44.441118173841964,-73.11962212025762"
4253401,,"October 31, 2019, 7:35 AM",Hinesburg,2075 Richmond Road,RICHMOND RD,Property Damage Only,Rear End,Clear,Federal Aid Secondary System (Class 2 TH),19HB01167,Hinesburg PD.,3,2.98,None/Other,Day,Strawberry Hill,None,None,,VT0041200,Not at a Junction,None,2075 Richmond Road,Dry,S0209,"44.35418693943427,-73.07519568861123"
4248560,,"October 31, 2019, 8:14 AM",Hinesburg,37 HAYSTACK RD,Unknown,Property Damage Only,Other - Explain in Narrative,Clear,Private Property (Driveways),19HB01168,Hinesburg PD.,8,999.99,None/Other,Day,SHELBURN FALLS RD / HAYSTACK,None,None,,VT0041200,Not at a Junction,None,37 HAYSTACK RD,Dry,0,"44.340040017325215,-73.11863180668675"
4245055,,"October 31, 2019, 12:22 PM",South Burlington,Williston Rd,US-2,Property Damage Only,Rear End,Cloudy,"State Highway numbered route, State owned",19SB011936,So. Burlington PD.,10,0.47,None/Other,Day,I89 E Ramp,None,None,,VT0040300,On Ramp,"Road Surface Condition(wet, icy, snow, slush, etc)",Williston Rd,Wet,20,"44.46922296045411,-73.18142194256667"
4253512,,"October 31, 2019, 12:41 PM",Colchester,MILL POND ROAD,MILL POND ROAD,Injury,Rear End,Clear,Federal Aid Urban System (Class 2 TH's and 3 TH's only),19CC010656,Colchester PD.,2,0.26,None/Other,Day,270 MILL POND ROAD,None,None,,VT0040500,Driveway,None,MILL POND ROAD,Dry,U5614,"44.52678482068544,-73.15207809679579"
4253447,,"October 31, 2019, 3:22 PM",Burlington,Archibald St,ARCHIBALD ST,Property Damage Only,Same Direction Sideswipe,Cloudy,Street or Town Highways in FA Urban Area,19BU024125,Burlington PD,5,999.99,None/Other,Day,Intervale Ave,None,Heavy Truck,,VT0040100,Not at a Junction,None,Archibald St,Dry,0,"44.487840086239856,-73.21119833101064"
4245039,,"October 31, 2019, 4:55 PM",Essex,50 Susie Wilson Rd,SUSIE WILSON RD.,Property Damage Only,Rear End,Rain,Federal Aid Urban System (Class 2 TH's and 3 TH's only),19ES06084,Essex PD.,2,0.42,None/Other,Day,Kellogg Rd,None,None,,VT0040200,Four-way Intersection,None,50 Susie Wilson Rd,Wet,U5410,"44.508869958455364,-73.1324382578414"
4252274,,"October 31, 2019, 6:18 PM",Burlington,Battery St,BATTERY ST.,Property Damage Only,Other - Explain in Narrative,Rain,Federal Aid Urban System (Class 2 TH's and 3 TH's only),19BU024143,Burlington PD,2,0.31,None/Other,Night,College St,None,Pedestrian,,VT0040100,Four-way Intersection,None,Battery St,Wet,U5008,"44.476859973277584,-73.21876553420681"
4253709,,"October 31, 2019, 7:02 PM",Burlington,Main St,ALTERNATE US-7,Property Damage Only,"Left Turn and Thru, Angle Broadside -->v--",Rain,"State Highway numbered route, State owned",19BU024149,Burlington PD,10,0.99,None/Other,Night,S Winooski Ave,None,Pedestrian,,VT0040100,Four-way Intersection,None,Main St,Wet,9993,"44.475907701937416,-73.21099223882852"
4253838,,"October 31, 2019, 7:10 PM",Williston,3063 St George Rd,VT-2A,Injury,Single Vehicle Crash,Rain,"State Highway numbered route, State owned",19WT04750,Williston PD.,10,2.96,None/Other,Night,I- 89,None,None,,VT0041000,Four-way Intersection,"Road Surface Condition(wet, icy, snow, slush, etc)",3063 St George Rd,Wet,21,"44.43933833485682,-73.11506966311109"
4252659,,"November 1, 2019, 7:52 AM",Winooski City,287 Weaver St,WEAVER ST,Property Damage Only,Opp Direction Sideswipe,Cloudy,Street or Town Highways in FA Urban Area,19WS007659,Winooski PD.,5,999.99,None/Other,Day,Stevens St,None,None,,VT0040400,Not at a Junction,None,287 Weaver St,Dry,0,"44.497956784035075,-73.18611120618601"
4245029,,"November 1, 2019, 1:24 PM",South Burlington,907 Shelburne Rd,US-7,Property Damage Only,Rear End,Clear,"State Highway numbered route, State owned",19SB011989,So. Burlington PD.,10,1.59,None/Other,Day,Davis Studio,None,None,,VT0040300,Four-way Intersection,None,907 Shelburne Rd,Dry,70,"44.443787095960474,-73.20966973152919"
4246137,,"November 1, 2019, 2:29 PM",Essex,76 Center Rd,Unknown,Property Damage Only,Other - Explain in Narrative,Clear,"Other Public Roadway (Rest Areas, Shopping Center - anything open to public)",19ES06100,Essex PD.,9,999.99,None/Other,Day,Sunset Rd,None,None,,VT0040200,Parking Lot,None,76 Center Rd,Dry,0,"44.51098354576688,-73.06898593271463"
4254042,,"November 1, 2019, 2:30 PM",Burlington,5 Murray St,Unknown,Property Damage Only,Other - Explain in Narrative,Clear,Street or Town Highways in FA Urban Area,19BU024246,Burlington PD,5,999.99,None/Other,Day,5 Murray St,None,None,,VT0040100,Driveway,None,5 Murray St,Dry,0,"44.48280571229404,-73.21607238339804"
4253587,,"November 1, 2019, 2:35 PM",Burlington,274 N Winooski Ave,Unknown,Property Damage Only,Other - Explain in Narrative,Clear,"Other Public Roadway (Rest Areas, Shopping Center - anything open to public)",19BU024248,Burlington PD,9,999.99,None/Other,Day,274 N Winooski Ave,None,None,,VT0040100,Parking Lot,None,274 N Winooski Ave,Dry,0,"44.487256804731565,-73.20819369393132"
4244794,,"November 1, 2019, 3:00 PM",Burlington,Main St,US-2,Property Damage Only,Same Direction Sideswipe,Clear,"State Highway numbered route, Class 1 TH",19BU024250,Burlington PD,11,0.23,None/Other,Day,S Prospect St,None,Heavy Truck,,VT0040100,Four-way Intersection,None,Main St,Dry,20,"44.47635681851825,-73.2007787638444"
4244832,,"November 1, 2019, 3:12 PM",Williston,1 Munson Way,US-2,Property Damage Only,Rear End,Cloudy,"State Highway numbered route, State owned",19WT04776,Williston PD.,10,0.42,None/Other,Day,Williston Road/Munson Way,None,None,,VT0041000,Y - Intersection,None,1 Munson Way,Dry,20,"44.45721664945924,-73.1279790423446"
4253899,,"November 1, 2019, 3:28 PM",Williston,ST. GEORGE ROAD,VT-2A,Property Damage Only,Same Direction Sideswipe,Clear,"State Highway numbered route, State owned",19WT04777,Williston PD.,10,3.72,None/Other,Day,WILLISTON ROAD,None,None,,VT0041000,Not at a Junction,None,ST. GEORGE ROAD,Dry,21,"44.449595055814854,-73.11097148468568"
4249462,,"November 1, 2019, 5:45 PM",Williston,7900 WILLISTON RD,US-2,Property Damage Only,Rear End,Cloudy,"State Highway numbered route, State owned",19WT04781,Williston PD.,10,3.44,None/Other,Day,Library Lane,None,None,,VT0041000,Not at a Junction,None,7900 WILLISTON RD,Dry,20,"44.43872096223356,-73.0739926968538"
4245027,,"November 1, 2019, 9:28 PM",Burlington,95 Spear St #garage,SPEAR ST,Property Damage Only,"No Turns, Thru moves only, Broadside ^<",Clear,"Other Public Roadway (Rest Areas, Shopping Center - anything open to public)",19UV006284,UVM Police,9,999.99,None/Other,Night,Gutterson Garage Level 1,None,None,,VT0041100,Not at a Junction,None,95 Spear St #garage,Dry,0,"44.470898931972165,-73.19235326002801"
4245949,,"November 2, 2019, 7:43 AM",Essex,VT-289,VT-289,Property Damage Only,Single Vehicle Crash,Clear,"State Highway numbered route, State owned",19ES06112,Essex PD.,10,11,None/Other,Day,Evergreen Dr,None,None,,VT0040200,Not at a Junction,None,VT-289,Dry,2890,"44.49385228982058,-73.06632886289886"
4244790,,"November 2, 2019, 10:07 AM",Essex,67 Center Road,VT-15,Property Damage Only,Rear End,Clear,"State Highway numbered route, State owned",19ES06114,Essex PD.,10,4.75,None/Other,Day,,None,None,,VT0040200,Not at a Junction,None,67 Center Road,Dry,150,"44.51063210702116,-73.0709153504662"
4253862,,"November 2, 2019, 12:17 PM",Burlington,Barrett St,BARRETT ST.,Property Damage Only,Rear End,Clear,Federal Aid Urban System (Class 2 TH's and 3 TH's only),19BU024315,Burlington PD,2,0,None/Other,Day,Chase St,None,None,,VT0040100,Not at a Junction,None,Barrett St,Dry,U5004,"44.487670034870405,-73.18410585005923"
4245026,,"November 2, 2019, 12:18 PM",South Burlington,1205 US-2,US-2,Property Damage Only,Rear End,Clear,"State Highway numbered route, Class 1 TH",19SB012039,So. Burlington PD.,11,0.79,None/Other,Day,Dunkin Donuts,None,None,,VT0040300,Not at a Junction,None,1205 US-2,Dry,20,"44.4677800664581,-73.1754820442983"
4254071,,"November 2, 2019, 9:10 PM",Essex,482 Susie Wilson Bypass,SUSIE WILSON RD.,Property Damage Only,Single Vehicle Crash,Clear,Federal Aid Urban System (Class 2 TH's and 3 TH's only),19ES06125,Essex PD.,2,0.77,Deer,Night,Andrew Ave,None,None,,VT0040200,Not at a Junction,None,482 Susie Wilson Bypass,Dry,U5410,"44.51366442455353,-73.13133400641426"
4254023,,"November 3, 2019, 10:32 AM",Essex,90 Center Road,SHOPPING CENTER,Property Damage Only,Other - Explain in Narrative,Rain,"Other Public Roadway (Rest Areas, Shopping Center - anything open to public)",19ES06136,Essex PD.,9,999.99,None/Other,Day,,None,None,,VT0040200,Parking Lot,None,90 Center Road,Wet,0,"44.51148585816954,-73.06569568540478"
4244802,,"November 3, 2019, 11:44 AM",Essex,58 Main St,VT-15,Injury,"Left Turn and Thru, Angle Broadside -->v--",Cloudy,"State Highway numbered route, Class 1 TH",19ES06137,Essex PD.,11,2.46,None/Other,Day,Grove St,None,None,,VT0040200,T - Intersection,None,58 Main St,Wet,150,"44.49293455049316,-73.10708163040441"
4246821,,"November 3, 2019, 4:15 PM",Williston,St George Road,VT-2A,Property Damage Only,Rear End,Clear,"State Highway numbered route, State owned",19WT04813,Williston PD.,10,3.23,None/Other,Day,Marshall Avenue,None,None,,VT0041000,Four-way Intersection,None,St George Road,Wet,21,"44.44291859175215,-73.11310328057169"
4254085,,"November 4, 2019, 6:24 AM",Essex,16 Main St,VT-15,Property Damage Only,"Right Turn and Thru, Broadside ^<--",Clear,"State Highway numbered route, Class 1 TH",19ES06150,Essex PD.,11,2.27,None/Other,Day,Railroad Ave,None,None,,VT0040200,Not at a Junction,None,16 Main St,Dry,150,"44.49117885372017,-73.10996147417593"
4245305,,"November 4, 2019, 7:15 AM",Williston,Marshall Avenue,MARSHALL AVE.,Property Damage Only,"No Turns, Thru moves only, Broadside ^<",Clear,Federal Aid Urban System (Class 2 TH's and 3 TH's only),19WT04817,Williston PD.,2,0.29,None/Other,Day,Leroy Road,Alcohol,None,,VT0041000,Four-way Intersection,None,Marshall Avenue,Dry,U5505,"44.44900882470704,-73.13498727660951"
4253569,,"November 4, 2019, 7:38 AM",Milton,US Rt 7,US-7,Property Damage Only,Rear End,Clear,"State Highway numbered route, State owned",19MT008221,Milton PD.,10,4.79,None/Other,Day,Main St,None,None,,VT0040600,Not at a Junction,None,US Rt 7,Dry,70,"44.63629380113444,-73.1136586369534"
4253562,,"November 4, 2019, 8:33 AM",Burlington,Shelburne Rd,ALTERNATE US-7,Property Damage Only,Rear End,Clear,"State Highway numbered route, State owned",19BU024451,Burlington PD,10,0.03,None/Other,Day,Locust St,None,None,,VT0040100,Not at a Junction,None,Shelburne Rd,Dry,9993,"44.46360718688818,-73.20779028620282"
4252633,,"November 4, 2019, 8:40 AM",Colchester,835 Blakely Road,VT. 127 TH,Injury,Single Vehicle Crash,Clear,Federal Aid Urban System (Class 2 TH's and 3 TH's only),19CC010801,Colchester PD.,2,4.04,None/Other,Day,Colchester Police Department,None,None,,VT0040500,Not at a Junction,None,835 Blakely Road,Dry,U5600,"44.535500447360924,-73.20586209091934"
4254077,,"November 4, 2019, 9:11 AM",Essex,15 Essex Way,ESSEX WAY,Property Damage Only,Same Direction Sideswipe,Clear,Federal Aid Urban System (Class 2 TH's and 3 TH's only),19ES06154,Essex PD.,2,0.2,None/Other,Day,Carmichael St,None,None,,VT0040200,Four-way Intersection,Unknown,15 Essex Way,Dry,U5414,"44.50735392942608,-73.07899500207358"
4253991,,"November 4, 2019, 10:07 AM",Burlington,300 Pearl St,PEARL ST.,Property Damage Only,"No Turns, Thru moves only, Broadside ^<",Clear,Federal Aid Urban System (Class 2 TH's and 3 TH's only),19BU024459,Burlington PD,2,0.63,None/Other,Day,N Willard St,None,None,,VT0040100,Driveway,None,300 Pearl St,Dry,U5038,"44.480625693429715,-73.20664604318915"
4253565,,"November 4, 2019, 10:43 AM",Burlington,Bright St,BRIGHT ST,Property Damage Only,Other - Explain in Narrative,Clear,Street or Town Highways in FA Urban Area,19BU024465,Burlington PD,5,999.99,None/Other,Day,Archibald St,None,Heavy Truck,,VT0040100,T - Intersection,None,Bright St,Dry,0,"44.48796803288471,-73.20837546665611"
4253345,,"November 5, 2019, 3:33 PM",Milton,I89 MM 102,I-89,Injury,Single Vehicle Crash,Cloudy,"State Highway numbered route, State owned",19A105352,VSP - A1 Williston,10,102,None/Other,Day,Lamoille River Bridge,None,None,,VTVSP0100,Not at a Junction,None,I89 MM 102,Dry,890,"44.642234735683566,-73.1393601964033"
4245276,,"November 5, 2019, 3:40 PM",South Burlington,Kennedy Dr,FAP 121-1 KENNEDY DRIVE,Property Damage Only,Rear End,Clear,"State Highway numbered route, State owned",19SB012140,So. Burlington PD.,10,1.49,None/Other,Day,Williston Rd,None,None,,VT0040300,Four-way Intersection,None,Kennedy Dr,Dry,9998,"44.46270037781819,-73.15414482720273"
4254036,,"November 5, 2019, 3:47 PM",Shelburne,5404 Shelburne Rd,Unknown,Property Damage Only,Rear-to-rear,Rain,"Other Public Roadway (Rest Areas, Shopping Center - anything open to public)",19SH04622,Shelburne PD.,9,999.99,None/Other,Day,Church St,None,None,,VT0040700,Parking Lot,None,5404 Shelburne Rd,Wet,0,"44.37900695445736,-73.22875306259242"
4252632,,"November 5, 2019, 4:03 PM",Colchester,ROOSEVELT HIGHWAY,US-7,Injury,"Left Turn and Thru, Angle Broadside -->v--",Rain,"State Highway numbered route, State owned",19CC010858,Colchester PD.,10,0.61,None/Other,Day,HERCULES ROAD,None,None,,VT0040500,Four-way Intersection,None,ROOSEVELT HIGHWAY,Wet,70,"44.51110778113952,-73.17927061661243"
4254012,,"November 5, 2019, 4:17 PM",South Burlington,Kennedy Dr,FAP 121-1 KENNEDY DRIVE,Property Damage Only,Rear End,Clear,"State Highway numbered route, State owned",19SB012142,So. Burlington PD.,10,1.33,None/Other,Day,Kimball Ave,None,None,,VT0040300,Four-way Intersection,None,Kennedy Dr,Dry,9998,"44.46034955906119,-73.1557062286337"
4254049,,"November 5, 2019, 4:29 PM",Essex,Pearl Street at Susie Wilson Road,VT-15,Property Damage Only,Same Direction Sideswipe,Rain,"State Highway numbered route, State owned",19ES06186,Essex PD.,10,0.57,None/Other,Day,Susie Wilson Rd,None,None,,VT0040200,Not at a Junction,None,Pearl Street at Susie Wilson Road,Wet,150,"44.50378993581433,-73.13821797756334"
4254009,,"November 5, 2019, 7:17 PM",Milton,,I-89,Property Damage Only,Single Vehicle Crash,Clear,"State Highway numbered route, State owned",19A105355,VSP - A2 St. Albans,10,102,Deer,Night,Mile Marker 102 Northbound,None,None,,VTVSP0700,Not at a Junction,,,,890,"44.642234735683566,-73.1393601964033"
4254046,,"November 5, 2019, 10:52 PM",Westford,1674 Old Stage Road,TOWN ROAD 0006,Injury,Single Vehicle Crash,Clear,"City, Village or Urban Compact Street not in FA Urban Area (Class 2 and 3 Non-Federal Aid)",19A105356,VSP - A2 St. Albans,6,999.99,None/Other,Night,Westford Milton Road,None,None,,VTVSP0700,Not at a Junction,None,1674 Old Stage Road,Dry,T0006,"44.62616651921628,-73.04297876888842"
4253995,,"November 6, 2019, 8:21 AM",Essex,Susie Wilson Road,VT-2A,Property Damage Only,Rear End,Clear,"State Highway numbered route, State owned",19ES06197,Essex PD.,10,2.48,None/Other,Day,Colchester Rd,None,Heavy Truck,,VT0040200,Four-way Intersection,None,Susie Wilson Road,Dry,21,"44.51528503522825,-73.12238218139335"
4253953,,"November 6, 2019, 3:00 PM",Williston,Industrial Avenue,INDUSTRIAL AVE.,Property Damage Only,"Left Turn and Thru, Angle Broadside -->v--",Clear,Federal Aid Urban System (Class 2 TH's and 3 TH's only),19WT04849,Williston PD.,2,0.7,None/Other,Day,North Brownell Road,None,None,,VT0041000,T - Intersection,None,Industrial Avenue,Dry,U5504,"44.46318420656891,-73.11890068608527"
4253951,,"November 6, 2019, 3:58 PM",South Burlington,2 San Remo Dr,DORSET ST.,Injury,"Left Turn and Thru, Broadside v<--",Clear,Federal Aid Urban System (Class 2 TH's and 3 TH's only),19SB012178,So. Burlington PD.,2,3.6,None/Other,Day,Dorset St,None,None,,VT0040300,T - Intersection,None,2 San Remo Dr,Dry,U5208,"44.461887290424855,-73.18037342468503"
4254025,,"November 6, 2019, 4:24 PM",Colchester,I-89,I-89,Property Damage Only,Single Vehicle Crash,Clear,"State Highway numbered route, State owned",19A105367,VSP - A1 Williston,10,92.2,Deer,Day,Water Tower Cir,None,None,,VTVSP0100,Not at a Junction,None,I-89,Dry,890,"44.512553310558296,-73.19107956673452"
4253481,,"November 6, 2019, 4:43 PM",Burlington,flynn ave,FLYNN AVE.,Injury,Rear End,Clear,Federal Aid Urban System (Class 2 TH's and 3 TH's only),19BU024647,Burlington PD,2,0.24,None/Other,Day,shelburne rd,None,Bicycle,,VT0040100,Other - Explain in Narrative,"Rut, holes, bumps",flynn ave,Dry,U5017,"44.45516600138856,-73.20940144781387"
4253982,,"November 6, 2019, 5:05 PM",Essex,101 Susie Wilson Rd,SUSIE WILSON RD.,Injury,Rear End,Clear,Federal Aid Urban System (Class 2 TH's and 3 TH's only),19ES06205,Essex PD.,2,1.11,None/Other,Night,Colchester Rd,None,None,,VT0040200,Not at a Junction,None,101 Susie Wilson Rd,Dry,U5410,"44.51487497327822,-73.12531841468038"
4253976,,"November 6, 2019, 5:25 PM",Essex,21 Essex Way,Unknown,Injury,Head On,Clear,"Other Public Roadway (Rest Areas, Shopping Center - anything open to public)",19ES06206,Essex PD.,9,999.99,None/Other,Night,Billie Butler Dr,None,None,,VT0040200,Parking Lot,Unknown,21 Essex Way,Dry,0,"44.506615634860516,-73.08388349246205"
4248823,,"November 6, 2019, 6:18 PM",Colchester,I-89,I-89,Property Damage Only,Single Vehicle Crash,Clear,"State Highway numbered route, State owned",19A105370,VSP - A1 Williston,10,97.64,Deer,Night,I- 89,None,None,,VTVSP0100,On Ramp,None,I-89,Dry,890,"44.58681400103114,-73.17162473563424"
4253974,,"November 7, 2019, 6:41 AM",South Burlington,3017 Williston Rd,US-2,Property Damage Only,Head On,Clear,"State Highway numbered route, State owned",19SB012194,So. Burlington PD.,10,2.54,None/Other,Day,Williston Rd,None,None,,VT0040300,T - Intersection,None,3017 Williston Rd,Dry,20,"44.4584861341911,-73.14315665047506"
4253981,,"November 7, 2019, 7:02 AM",South Burlington,I-89 South,I-89,Injury,Rear End,Cloudy,"State Highway numbered route, State owned",19A105377,VSP - A1 Williston,10,90,None/Other,Day,Winooski River Bridge,None,None,,VTVSP0100,Not at a Junction,Not reported,I-89 South,Other - Explain in Narrative,890,"44.486419238394745,-73.17387137438958"
4253970,,"November 7, 2019, 7:18 AM",Essex,50 Susie Wilson Road,SUSIE WILSON RD.,Property Damage Only,Rear End,Cloudy,Federal Aid Urban System (Class 2 TH's and 3 TH's only),19ES06215,Essex PD.,2,0.42,None/Other,Day,,None,None,,VT0040200,Four-way Intersection,None,50 Susie Wilson Road,Dry,U5410,"44.508869958455364,-73.1324382578414"
4253477,,"November 7, 2019, 7:49 AM",Essex,81 VT-15,Unknown,Property Damage Only,Single Vehicle Crash,Cloudy,"Other Public Roadway (Rest Areas, Shopping Center - anything open to public)",19ES06348,Essex PD.,9,999.99,None/Other,Day,Roscoe Ct,None,None,,VT0040200,Parking Lot,None,81 VT-15,Dry,0,"44.494853373519064,-73.11975081389863"
4253938,,"November 7, 2019, 10:45 AM",Essex,2 Educational Dr,Unknown,Property Damage Only,Opp Direction Sideswipe,Cloudy,"Other Public Roadway (Rest Areas, Shopping Center - anything open to public)",19ES06220,Essex PD.,9,999.99,None/Other,Day,Central Street,None,None,,VT0040200,Parking Lot,None,2 Educational Dr,Dry,0,"44.49582645317662,-73.1078163136115"
4252657,,"November 7, 2019, 11:10 AM",Winooski City,Main St,US-7,Property Damage Only,Same Direction Sideswipe,Clear,"State Highway numbered route, Class 1 TH",19WS007823,Winooski PD.,11,0.44,None/Other,Day,W Spring St,None,None,,VT0040400,Four-way Intersection,None,Main St,Dry,70,"44.49477540073497,-73.18617144129236"
4253928,,"November 7, 2019, 4:24 PM",South Burlington,Dorset St,DORSET ST.,Property Damage Only,"Left Turn and Thru, Same Direction Sideswipe/Angle Crash vv--",Rain,Federal Aid Urban System (Class 2 TH's and 3 TH's only),19SB012221,So. Burlington PD.,2,4.01,None/Other,Day,Williston Rd,None,None,,VT0040300,Not at a Junction,None,Dorset St,Wet,U5208,"44.46775940279653,-73.1814859388647"
4253895,,"November 8, 2019, 4:38 AM",Essex,Sand Hill Road at River Road,VT-117,Property Damage Only,Single Vehicle Crash,Freezing Precipitation,"State Highway numbered route, State owned",19ES06230,Essex PD.,10,3.28,None/Other,Night,Sandhill Rd,None,None,,VT0040200,T - Intersection,"Road Surface Condition(wet, icy, snow, slush, etc)",Sand Hill Road at River Road,Snow,1170,"44.47895287990921,-73.04932819219361"
4253550,,"November 8, 2019, 4:46 AM",Milton,319 Middle Rd,MIDDLE ROAD,Property Damage Only,Single Vehicle Crash,Freezing Precipitation,Federal Aid Urban System (Class 2 TH's and 3 TH's only),19MT008320,Milton PD.,2,1.41,None/Other,Night,Cobble Hill Rd,None,None,,VT0040600,Not at a Junction,"Road Surface Condition(wet, icy, snow, slush, etc)",319 Middle Rd,Snow,U5810,"44.601574026620796,-73.12686965700523"
4253856,,"November 8, 2019, 5:00 AM",South Burlington,Community Drive at Kimball Avenue,COMMUNITY DR,Property Damage Only,"No Turns, Thru moves only, Broadside ^<",Freezing Precipitation,Street or Town Highways in FA Urban Area,19SB012244,So. Burlington PD.,5,999.99,None/Other,Night,Kimball Ave,None,None,,VT0040300,Four-way Intersection,"Road Surface Condition(wet, icy, snow, slush, etc)",Community Drive at Kimball Avenue,Snow,0,"44.45360141523065,-73.14066129472175"
4254399,,"November 8, 2019, 5:02 AM",Burlington,Pine St,PINE ST.,Injury,"No Turns, Thru moves only, Broadside ^<",Freezing Precipitation,Federal Aid Urban System (Class 2 TH's and 3 TH's only),19BU024760,Burlington PD,2,0.51,None/Other,Night,Locust St,None,None,,VT0040100,T - Intersection,"Road Surface Condition(wet, icy, snow, slush, etc)",Pine St,Snow,U5040,"44.462864546214604,-73.21468314997512"
4254561,,"November 8, 2019, 5:14 AM",Essex,72 Park St,VT-2A,Property Damage Only,Rear End,Freezing Precipitation,"State Highway numbered route, State owned",19ES06231,Essex PD.,10,0.31,None/Other,Night,South St,None,None,,VT0040200,Four-way Intersection,"Road Surface Condition(wet, icy, snow, slush, etc)",72 Park St,Snow,21,"44.48571567743472,-73.11398179557872"
4253905,,"November 8, 2019, 5:20 AM",Essex,72 Park St,VT-2A,Property Damage Only,Single Vehicle Crash,Freezing Precipitation,"State Highway numbered route, State owned",19ES06233,Essex PD.,10,0.3,None/Other,Night,River St,None,None,,VT0040200,Four-way Intersection,"Road Surface Condition(wet, icy, snow, slush, etc)",72 Park St,Snow,21,"44.48558629009804,-73.11405826635094"
4247166,,"November 8, 2019, 5:31 AM",Burlington,Main St,US-2,Property Damage Only,"Left Turn and Thru, Angle Broadside -->v--",Freezing Precipitation,"State Highway numbered route, Class 1 TH",19BU024762,Burlington PD,11,0.15,None/Other,Night,Summit St,None,None,,VT0040100,T - Intersection,"Road Surface Condition(wet, icy, snow, slush, etc)",Main St,Snow,20,"44.4762936241016,-73.20241338879642"
4246596,,"November 8, 2019, 5:32 AM",Colchester,I-89 South,I-89,Property Damage Only,Rear End,Freezing Precipitation,"State Highway numbered route, State owned",19A105398,VSP - A1 Williston,10,91.88,None/Other,Night,Just South Of Exit 16,None,None,,VTVSP0100,,"Road Surface Condition(wet, icy, snow, slush, etc)",I-89 South,Other - Explain in Narrative,890,"44.50835460546653,-73.18817325990145"
4253925,,"November 8, 2019, 5:56 AM",Colchester,I-89 SB,I-89,Property Damage Only,Rear End,Freezing Precipitation,"State Highway numbered route, State owned",19SB012249,So. Burlington PD.,10,999.99,None/Other,Night,Exit 16,None,None,,VT0040300,Not at a Junction,"Road Surface Condition(wet, icy, snow, slush, etc)",I-89 SB,Snow,890,"44.53201809702401,-73.19638217352723"
4252784,,"November 8, 2019, 5:57 AM",Burlington,Battery St,BATTERY ST.,Property Damage Only,Other - Explain in Narrative,Freezing Precipitation,Federal Aid Urban System (Class 2 TH's and 3 TH's only),19BU024769,Burlington PD,2,0.47,None/Other,Night,Cherry St,None,None,,VT0040100,Not at a Junction,"Road Surface Condition(wet, icy, snow, slush, etc)",Battery St,Snow,U5008,"44.47912460513932,-73.21893280613341"
4246081,,"November 8, 2019, 6:10 AM",Milton,Lake Rd,LAKE ROAD,Property Damage Only,Single Vehicle Crash,Cloudy,Federal Aid Urban System (Class 2 TH's and 3 TH's only),19MT008322,Milton PD.,2,2.12,None/Other,Day,Alma's Pl,None,None,,VT0040600,Not at a Junction,"Road Surface Condition(wet, icy, snow, slush, etc)",Lake Rd,Snow,U5806,"44.662828955029156,-73.15157427353945"
4253847,,"November 8, 2019, 6:18 AM",Essex,152 Colchester Rd,VT-2A,Property Damage Only,Rear End,Freezing Precipitation,"State Highway numbered route, State owned",19ES06235,Essex PD.,10,2.08,None/Other,Day,Colchester Rd,None,None,,VT0040200,Railway grade crossing,"Road Surface Condition(wet, icy, snow, slush, etc)",152 Colchester Rd,Snow,21,"44.51005150016765,-73.11860817059036"
4252850,,"November 8, 2019, 6:27 AM",Burlington,College St,COLLEGE ST.,Property Damage Only,Rear End,Freezing Precipitation,Federal Aid Urban System (Class 2 TH's and 3 TH's only),19BU024775,Burlington PD,2,0.92,None/Other,Day,S Prospect St,None,None,,VT0040100,T - Intersection,"Road Surface Condition(wet, icy, snow, slush, etc)",College St,Snow,U5068,"44.47775560164811,-73.20059069073142"
4253538,,"November 8, 2019, 6:28 AM",Burlington,Riverside Ave,US-7,Property Damage Only,"No Turns, Thru moves only, Broadside ^<",Cloudy,"State Highway numbered route, State owned",19BU024776,Burlington PD,10,3.22,None/Other,Day,N Prospect St,None,None,,VT0040100,Four-way Intersection,"Road Surface Condition(wet, icy, snow, slush, etc)",Riverside Ave,Snow,70,"44.48897927059889,-73.20241753425802"