ObjectID,Mapped,Crash Date,City/Town,Address,AOT Route,Crash Type,Collision Direction,Weather,Road Group,Report Number,Reporting Agency,Road Group ID,AOT Actual Milepoint,Animal,Time of Day,Intersection With,Impairment,Involving,Non Reportable Address,Reporting Agency ID,Road Characteristics,Road Condition,Street Address,Surface Condition,AOT Route ID,Coordinates
4253870,,"November 8, 2019, 6:35 AM",Essex,80 Pinecrest Dr,PINECREST DR.,Property Damage Only,Other - Explain in Narrative,Cloudy,Federal Aid Urban System (Class 2 TH's and 3 TH's only),19ES06236,Essex PD.,2,0.7,None/Other,Day,Suffolk Ln,None,None,,VT0040200,Not at a Junction,"Road Surface Condition(wet, icy, snow, slush, etc)",80 Pinecrest Dr,Snow,U5412,"44.50585795507922,-73.12272943563912"
4253913,,"November 8, 2019, 6:35 AM",Essex,80 Pinecrest Dr,PINECREST DR.,Property Damage Only,Single Vehicle Crash,Cloudy,Federal Aid Urban System (Class 2 TH's and 3 TH's only),19ES06237,Essex PD.,2,0.7,None/Other,Day,Suffolk Lane,None,None,,VT0040200,Not at a Junction,"Road Surface Condition(wet, icy, snow, slush, etc)",80 Pinecrest Dr,Snow,U5412,"44.50585795507922,-73.12272943563912"
4253098,,"November 8, 2019, 6:36 AM",Winooski City,Elm St,ELM ST,Property Damage Only,Single Vehicle Crash,Freezing Precipitation,Street or Town Highways in FA Urban Area,19WS007839,Winooski PD.,5,999.99,None/Other,Day,Malletts Bay Ave,None,None,,VT0040400,Not at a Junction,"Road Surface Condition(wet, icy, snow, slush, etc)",Elm St,Ice,0,"44.49624552484489,-73.19378616209295"
4253930,,"November 8, 2019, 6:40 AM",South Burlington,Dorset St,DORSET ST.,Property Damage Only,"No Turns, Thru moves only, Broadside ^<",Freezing Precipitation,Federal Aid Urban System (Class 2 TH's and 3 TH's only),19SB012255,So. Burlington PD.,2,2.8,None/Other,Day,Grandview Dr,None,None,,VT0040300,T - Intersection,"Road Surface Condition(wet, icy, snow, slush, etc)",Dorset St,Snow,U5208,"44.450402422681954,-73.17824601966284"
4253917,,"November 8, 2019, 6:49 AM",Williston,5257 Oak Hill Rd,OAK HILL RD,Property Damage Only,Single Vehicle Crash,Freezing Precipitation,Federal Aid Secondary System (Class 2 TH),19A105402,VSP - A1 Williston,3,0.12,None/Other,Day,Beebe Ln,None,None,,VTVSP0100,Driveway,"Road Surface Condition(wet, icy, snow, slush, etc)",5257 Oak Hill Rd,Snow,S0327,"44.37068976779612,-73.0924798870988"
4253948,,"November 8, 2019, 6:49 AM",Burlington,North St,NORTH ST.,Property Damage Only,Rear End,Freezing Precipitation,Federal Aid Urban System (Class 2 TH's and 3 TH's only),19BU024778,Burlington PD,2,0.82,None/Other,Day,N Willard St,None,None,,VT0040100,Four-way Intersection,"Road Surface Condition(wet, icy, snow, slush, etc)",North St,Ice,U5032,"44.4849430087345,-73.20588425463818"
4253516,,"November 8, 2019, 6:57 AM",Williston,7732 Williston Rd,US-2,Property Damage Only,Single Vehicle Crash,Freezing Precipitation,"State Highway numbered route, State owned",19WT04876,Williston PD.,10,3.34,None/Other,Day,Central School Dr,None,None,,VT0041000,T - Intersection,"Road Surface Condition(wet, icy, snow, slush, etc)",7732 Williston Rd,Snow,20,"44.43911867231141,-73.07593997510436"
4253872,,"November 8, 2019, 7:00 AM",Burlington,"284 East Aveune, Burlington, VT",EAST AVE.,Property Damage Only,Rear End,Freezing Precipitation,Federal Aid Urban System (Class 2 TH's and 3 TH's only),19UV006432,UVM Police,2,0.18,None/Other,Day,East Avenue / Catamount Drive,None,None,,VT0041100,Four-way Intersection,None,"284 East Aveune, Burlington, VT",Ice,U5016,"44.47513658916302,-73.19081278069766"
4253322,,"November 8, 2019, 7:04 AM",Burlington,Home Ave,HOME AVE,Property Damage Only,Opp Direction Sideswipe,Freezing Precipitation,Street or Town Highways in FA Urban Area,19BU024780,Burlington PD,5,999.99,None/Other,Day,Austin Dr,None,None,,VT0040100,Not at a Junction,"Road Surface Condition(wet, icy, snow, slush, etc)",Home Ave,Snow,0,"44.45131056203392,-73.21891974318858"
4253471,,"November 8, 2019, 7:21 AM",Burlington,Intervale Ave,INTERVALE AVE,Property Damage Only,Other - Explain in Narrative,Freezing Precipitation,Street or Town Highways in FA Urban Area,19BU024784,Burlington PD,5,999.99,None/Other,Day,Crombie St,None,None,,VT0040100,T - Intersection,"Road Surface Condition(wet, icy, snow, slush, etc)",Intervale Ave,Ice,0,"44.48667662146634,-73.21222067304089"
4253475,,"November 8, 2019, 7:25 AM",Burlington,Colchester Ave,COLCHESTER AVE.,Property Damage Only,Rear End,Freezing Precipitation,Federal Aid Urban System (Class 2 TH's and 3 TH's only),19BU024785,Burlington PD,2,1,None/Other,Day,Barrett St,None,None,,VT0040100,Four-way Intersection,"Road Surface Condition(wet, icy, snow, slush, etc)",Colchester Ave,Ice,U5014,"44.487890347480764,-73.18674431345502"
4245070,,"November 8, 2019, 7:57 AM",Burlington,Hillside Ter,HILLSIDE TER,Property Damage Only,Other - Explain in Narrative,Freezing Precipitation,Street or Town Highways in FA Urban Area,19BU024786,Burlington PD,5,999.99,None/Other,Day,Hildred Dr,None,None,,VT0040100,T - Intersection,"Road Surface Condition(wet, icy, snow, slush, etc)",Hillside Ter,Ice,0,"44.487474216552165,-73.19670264842215"
4253866,,"November 8, 2019, 7:59 AM",Williston,364 Essex Road,VT-2A,Property Damage Only,Rear End,Cloudy,"State Highway numbered route, State owned",19WT04878,Williston PD.,10,5.63,None/Other,Day,Eastview Circle,None,None,,VT0041000,Not at a Junction,"Road Surface Condition(wet, icy, snow, slush, etc)",364 Essex Road,Slush,21,"44.47712007003698,-73.11346258696564"
4245680,,"November 8, 2019, 11:18 AM",Burlington,Buell St,S UNION ST.,Property Damage Only,Same Direction Sideswipe,Cloudy,Federal Aid Urban System (Class 2 TH's and 3 TH's only),19BU024800,Burlington PD,2,0.99,None/Other,Day,S Union St,None,None,,VT0040100,Not at a Junction,None,Buell St,Wet,U5052,"44.47913419439914,-73.20918723055004"
4253095,,"November 8, 2019, 2:26 PM",Winooski City,Main St,US-7,Property Damage Only,Rear End,Clear,"State Highway numbered route, Class 1 TH",19WS007850,Winooski PD.,11,0.17,None/Other,Day,W Allen St,None,None,,VT0040400,Not at a Junction,None,Main St,Wet,70,"44.4909902311649,-73.18640635769322"
4253894,,"November 9, 2019, 7:45 AM",Essex,122 Pearl St,VT-15,Property Damage Only,"Left Turn and Thru, Angle Broadside -->v--",Cloudy,"State Highway numbered route, Class 1 TH",19ES06250,Essex PD.,11,1.46,None/Other,Day,Willeys Ct,None,None,,VT0040200,Not at a Junction,None,122 Pearl St,Dry,150,"44.49615268876625,-73.12383916723537"
4253462,,"November 9, 2019, 9:48 AM",Burlington,Plattsburg Ave,PLATTSBURG AVE.,Injury,Rear End,Clear,Federal Aid Urban System (Class 2 TH's and 3 TH's only),19BU024878,Burlington PD,2,0.01,None/Other,Day,Barley Rd,None,None,,VT0040100,Not at a Junction,None,Plattsburg Ave,Dry,U5042,"44.51594638787779,-73.25687492477556"
4253718,,"November 9, 2019, 1:38 PM",Burlington,Colchester Ave,COLCHESTER AVE.,Property Damage Only,Rear End,Clear,Federal Aid Urban System (Class 2 TH's and 3 TH's only),19BU024890,Burlington PD,2,0.55,None/Other,Day,Thibault Pkwy,None,None,,VT0040100,Not at a Junction,None,Colchester Ave,Dry,U5014,"44.48301509273595,-73.19083830015092"
4253541,,"November 9, 2019, 2:48 PM",Burlington,Starr Farm Rd,STARR FARM RD,Injury,Same Direction Sideswipe,Clear,Street or Town Highways in FA Urban Area,19BU024898,Burlington PD,5,999.99,None/Other,Day,Pleasant Ave,None,None,,VT0040100,Not at a Junction,None,Starr Farm Rd,Dry,0,"44.51286352420608,-73.26617195058077"
4253893,,"November 9, 2019, 3:18 PM",Essex,79 Center Rd,VT-15,Property Damage Only,Same Direction Sideswipe,Clear,"State Highway numbered route, State owned",19ES06256,Essex PD.,10,4.86,None/Other,Day,Sunset Rd,None,None,,VT0040200,Not at a Junction,None,79 Center Rd,Dry,150,"44.510729991385546,-73.06872480062353"
4253093,,"November 10, 2019, 6:16 AM",Winooski City,Forest St,FOREST ST,Property Damage Only,Head On,Cloudy,Street or Town Highways in FA Urban Area,19WS007896,Winooski PD.,5,999.99,None/Other,Day,Elm St,None,None,,VT0040400,Not at a Junction,None,Forest St,Dry,0,"44.49277829019618,-73.19566869402584"
4254594,,"November 10, 2019, 10:28 AM",Burlington,570 Shelburne Rd,US-7,Property Damage Only,"No Turns, Thru moves only, Broadside ^<",Cloudy,"State Highway numbered route, State owned",19BU024946,Burlington PD,10,0.26,None/Other,Day,Home Ave,None,None,,VT0040100,Four-way Intersection,None,570 Shelburne Rd,Dry,70,"44.4496401074525,-73.20909648843906"
4253812,,"November 10, 2019, 2:02 PM",Williston,1239 Essex Road,VT-2A,Property Damage Only,Rear End,Cloudy,"State Highway numbered route, State owned",19WT04918,Williston PD.,10,4.74,None/Other,Day,Hickory Hill Road,None,None,,VT0041000,Not at a Junction,None,1239 Essex Road,,21,"44.464261800916546,-73.11279331252895"
4253802,,"November 10, 2019, 5:11 PM",Essex,76 Center Rd,VT-15,Property Damage Only,Rear End,Clear,"State Highway numbered route, State owned",19ES06275,Essex PD.,10,4.85,None/Other,Night,,None,None,,VT0040200,Not at a Junction,None,76 Center Rd,Dry,150,"44.510720839759855,-73.06892391845857"
4253504,,"November 10, 2019, 7:27 PM",Colchester,I-89,I-89,Property Damage Only,Same Direction Sideswipe,Clear,"State Highway numbered route, State owned",19A105430,VSP - A2 St. Albans,10,92.72,None/Other,Night,Oak Cir,None,None,,VTVSP0700,Not at a Junction,None,I-89,Dry,890,"44.52006028302974,-73.19243260299903"
4253049,,"November 11, 2019, 6:53 AM",South Burlington,140 Kennedy Dr,FAP 121-1 KENNEDY DRIVE,Property Damage Only,Rear End,Cloudy,"State Highway numbered route, State owned",19SB012349,So. Burlington PD.,10,0.79,None/Other,Day,Georgetown,None,None,,VT0040300,Not at a Junction,,140 Kennedy Dr,Wet,9998,"44.455091382702335,-73.16322193088293"
4253502,,"November 11, 2019, 8:37 AM",Colchester,39 LOWER MOUNTAIN VIEW DRIVE,LOWER MOUNTAIN VIEW DR,Property Damage Only,"Left Turn and Thru, Same Direction Sideswipe/Angle Crash vv--",Cloudy,"Other Public Roadway (Rest Areas, Shopping Center - anything open to public)",19CC011048,Colchester PD.,9,999.99,None/Other,Day,,None,None,,VT0040500,Driveway,None,39 LOWER MOUNTAIN VIEW DRIVE,Wet,0,"44.507146831608644,-73.17981786712127"
4253572,,"November 11, 2019, 12:48 PM",South Burlington,La Quinta/Aubuchon Lot,Unknown,Property Damage Only,"Left Turn and Thru, Broadside v<--",Freezing Precipitation,"Other Public Roadway (Rest Areas, Shopping Center - anything open to public)",19SB012368,So. Burlington PD.,9,999.99,None/Other,Day,Midas Drive,None,None,,VT0040300,Not at a Junction,Unknown,La Quinta/Aubuchon Lot,Wet,0,"44.46702882202587,-73.17348311933783"
4252728,,"November 11, 2019, 2:35 PM",South Burlington,I - 89 NB MM 87,I-89,Property Damage Only,Other - Explain in Narrative,Freezing Precipitation,"State Highway numbered route, State owned",19A105439,VSP - A1 Williston,10,87.4,None/Other,Day,Exit 13,None,None,,VTVSP0100,Not at a Junction,"Road Surface Condition(wet, icy, snow, slush, etc)",I - 89 NB MM 87,Snow,890,"44.45155351838355,-73.18136572797613"
4253833,,"November 11, 2019, 3:29 PM",Shelburne,Shelburne Road,US-7,Property Damage Only,Rear End,Freezing Precipitation,"State Highway numbered route, State owned",19SH04710,Shelburne PD.,10,1.1,None/Other,Day,South Of Marsett Road,None,None,,VT0040700,Not at a Junction,"Road Surface Condition(wet, icy, snow, slush, etc)",Shelburne Road,Snow,70,"44.36864910492032,-73.23204615837354"
4252260,,"November 11, 2019, 3:49 PM",Hinesburg,10805 RTE 116,VT-116,Property Damage Only,Rear End,Freezing Precipitation,"State Highway numbered route, State owned",19HB01214,Hinesburg PD.,10,4.42,None/Other,Day,SILVER STREET,None,Heavy Truck,,VT0041200,T - Intersection,"Road Surface Condition(wet, icy, snow, slush, etc)",10805 RTE 116,Snow,1160,"44.32679232299655,-73.11002482192295"
4254760,,"November 11, 2019, 4:23 PM",Burlington,Main St,US-2,Injury,Rear End,Freezing Precipitation,"State Highway numbered route, Class 1 TH",19BU025023,Burlington PD,11,0.82,None/Other,Day,East Ave,None,None,,VT0040100,Five-point or more,"Road Surface Condition(wet, icy, snow, slush, etc)",Main St,Snow,20,"44.472535213654965,-73.19024068650668"
4254581,,"November 11, 2019, 4:41 PM",Essex,3 Kellogg Rd #2,KELLOGG ROAD,Property Damage Only,Single Vehicle Crash,Freezing Precipitation,Federal Aid Urban System (Class 2 TH's and 3 TH's only),19ES06293,Essex PD.,2,0.04,None/Other,Day,Kellogg Rd,None,None,,VT0040200,Four-way Intersection,"Road Surface Condition(wet, icy, snow, slush, etc)",3 Kellogg Rd #2,Snow,U5406,"44.50961749205855,-73.13251088644571"
4252625,,"November 11, 2019, 4:45 PM",Williston,1730 Mountain View Road,MT. VIEW ROAD,Injury,Single Vehicle Crash,Freezing Precipitation,Federal Aid Urban System (Class 2 TH's and 3 TH's only),19WT04939,Williston PD.,2,1.82,None/Other,Day,Ledgewood Drive,None,None,,VT0041000,T - Intersection,"Road Surface Condition(wet, icy, snow, slush, etc)",1730 Mountain View Road,Snow,U5506,"44.45679972395878,-73.08024170853275"
4252854,,"November 11, 2019, 5:09 PM",Winooski City,E Allen St,VT-15,Property Damage Only,"Left Turn and Thru, Angle Broadside -->v--",Freezing Precipitation,"State Highway numbered route, State owned",19WS007926,Winooski PD.,10,0.36,None/Other,Night,E Spring St,None,None,,VT0040400,T - Intersection,None,E Allen St,Snow,150,"44.492522834195164,-73.17897238074403"
4252812,,"November 11, 2019, 5:26 PM",Burlington,Grove St,GROVE ST.,Property Damage Only,Rear End,Freezing Precipitation,Federal Aid Urban System (Class 2 TH's and 3 TH's only),19BU025030,Burlington PD,2,0.55,None/Other,Night,Chase St,None,None,,VT0040100,T - Intersection,"Road Surface Condition(wet, icy, snow, slush, etc)",Grove St,Snow,U5018,"44.48751895469221,-73.18344453579422"
4253101,,"November 11, 2019, 6:40 PM",Williston,North Williston Rd,NO. WILLISTON ROAD,Property Damage Only,Opp Direction Sideswipe,Freezing Precipitation,Federal Aid Urban System (Class 2 TH's and 3 TH's only),19WT04944,Williston PD.,2,1.43,None/Other,Night,Unity Ln,None,None,,VT0041000,Not at a Junction,"Road Surface Condition(wet, icy, snow, slush, etc)",North Williston Rd,Snow,U5508,"44.45561397596779,-73.05519420317292"
4253044,,"November 11, 2019, 7:50 PM",Colchester,252 Bean Road,TOWN ROAD 0034,Property Damage Only,Single Vehicle Crash,Freezing Precipitation,"City, Village or Urban Compact Street not in FA Urban Area (Class 2 and 3 Non-Federal Aid)",19CC011068,Colchester PD.,6,999.99,None/Other,Night,,None,None,,VT0040500,Not at a Junction,"Road Surface Condition(wet, icy, snow, slush, etc)",252 Bean Road,Snow,T0034,"44.535471370994955,-73.23867882919465"
4253571,,"November 12, 2019, 4:21 AM",South Burlington,Finch Ct,FINCH CT,Property Damage Only,Same Direction Sideswipe,Freezing Precipitation,Street or Town Highways in FA Urban Area,19SB012390,So. Burlington PD.,5,999.99,None/Other,Night,Songbird Road,None,None,,VT0040300,T - Intersection,None,Finch Ct,Snow,0,"44.44776327245628,-73.18067396259175"
4253032,,"November 12, 2019, 7:14 AM",South Burlington,60 White Street,Unknown,Property Damage Only,Other - Explain in Narrative,Freezing Precipitation,"Other Public Roadway (Rest Areas, Shopping Center - anything open to public)",19SB012648,So. Burlington PD.,9,999.99,None/Other,Day,Parking Lot,None,Heavy Truck,,VT0040300,Parking Lot,None,60 White Street,Ice,0,"44.46833347190806,-73.17266163991312"
4254694,,"November 12, 2019, 10:02 AM",South Burlington,1200 Airport Dr Lot A,Unknown,Property Damage Only,Head On,Freezing Precipitation,"Other Public Roadway (Rest Areas, Shopping Center - anything open to public)",19BU025066,Burlington PD,9,999.99,None/Other,Day,1200 Airport Dr Lot A,None,None,,VT0040100,T - Intersection,None,1200 Airport Dr Lot A,Snow,0,"44.46901996854925,-73.15468386783616"
4253560,,"November 12, 2019, 10:18 AM",South Burlington,694 Doolittle Road,TOWN ROAD 0015,Property Damage Only,Single Vehicle Crash,Freezing Precipitation,"City, Village or Urban Compact Street not in FA Urban Area (Class 2 and 3 Non-Federal Aid)",19B503206,VSP - B5 New Haven,6,999.99,None/Other,Day,Vermont Route 22 A,None,None,,VTVSP0600,Not at a Junction,"Road Surface Condition(wet, icy, snow, slush, etc)",694 Doolittle Road,Snow,T0015,
4253498,,"November 12, 2019, 2:14 PM",Essex,Susie Wilson Road,SUSIE WILSON RD.,Property Damage Only,Rear End,Cloudy,Federal Aid Urban System (Class 2 TH's and 3 TH's only),19ES06315,Essex PD.,2,0.48,None/Other,Day,Kellogg Road,None,None,,VT0040200,Four-way Intersection,"Road Surface Condition(wet, icy, snow, slush, etc)",Susie Wilson Road,Snow,U5410,"44.509580662520165,-73.13178012134283"
4254223,,"November 12, 2019, 2:58 PM",South Burlington,641 Hinesburg Rd,VT-116,Property Damage Only,Other - Explain in Narrative,Freezing Precipitation,"State Highway numbered route, State owned",19SB012409,So. Burlington PD.,10,3.06,None/Other,Day,Hinesburg Rd,None,None,,VT0040300,,None,641 Hinesburg Rd,Snow,1160,"44.45259282593768,-73.16163048475374"
4252687,,"November 12, 2019, 3:05 PM",Burlington,Pearl St,PEARL ST.,Injury,Rear End,Cloudy,Federal Aid Urban System (Class 2 TH's and 3 TH's only),19BU025088,Burlington PD,2,0.61,None/Other,Day,Hungerford Terr,None,None,,VT0040100,Not at a Junction,"Road Surface Condition(wet, icy, snow, slush, etc)",Pearl St,Snow,U5038,"44.480615729113936,-73.2070398339774"
4245329,,"November 12, 2019, 10:00 PM",Essex,VT-289,VT-289,Property Damage Only,Single Vehicle Crash,Cloudy,"State Highway numbered route, State owned",19ES06322,Essex PD.,10,8.5,Deer,Night,,None,None,,VT0040200,Not at a Junction,None,VT-289,Dry,2890,"44.51475619770561,-73.10526318214116"
4253509,,"November 13, 2019, 2:48 AM",South Burlington,Shelburne Rd,US-7,Property Damage Only,Rear End,Cloudy,"State Highway numbered route, State owned",19SB012419,So. Burlington PD.,10,1.44,None/Other,Night,Laurel Hill Dr,None,Heavy Truck,,VT0040300,Not at a Junction,None,Shelburne Rd,Dry,70,"44.44162135079878,-73.20994106712085"
4253473,,"November 13, 2019, 5:43 AM",Essex,13 Susie Wilson Rd,SUSIE WILSON RD.,Property Damage Only,"Left Turn and Thru, Angle Broadside -->v--",Clear,Federal Aid Urban System (Class 2 TH's and 3 TH's only),19ES06325,Essex PD.,2,0.1,None/Other,Night,Pinecrest Dr,None,None,,VT0040200,T - Intersection,None,13 Susie Wilson Rd,Dry,U5410,"44.50545906676696,-73.1367147506753"
4248152,,"November 13, 2019, 5:58 AM",Essex,3 Kellogg Rd,KELLOGG ROAD,Property Damage Only,Rear End,Clear,Federal Aid Urban System (Class 2 TH's and 3 TH's only),19ES06326,Essex PD.,2,0.04,None/Other,Night,Susie Wilson Rd,None,None,,VT0040200,Four-way Intersection,"Road Surface Condition(wet, icy, snow, slush, etc)",3 Kellogg Rd,Snow,U5406,"44.50961749205855,-73.13251088644571"
4253501,,"November 13, 2019, 8:28 AM",South Burlington,75 San Remo Dr,Unknown,Property Damage Only,Other - Explain in Narrative,Clear,"Other Public Roadway (Rest Areas, Shopping Center - anything open to public)",19SB012427,So. Burlington PD.,9,999.99,None/Other,Day,,None,None,,VT0040300,Parking Lot,None,75 San Remo Dr,Snow,0,"44.45902413416413,-73.17874402874625"
4253869,,"November 13, 2019, 11:02 AM",South Burlington,Kennedy Dr,US-2,Property Damage Only,"No Turns, Thru moves only, Broadside ^<",Cloudy,"State Highway numbered route, Class 1 TH",19SB012437,So. Burlington PD.,11,1.9,None/Other,Day,Williston Rd,None,None,,VT0040300,Driveway,None,Kennedy Dr,Slush,20,"44.46297405894895,-73.15405992631014"
4253508,,"November 13, 2019, 1:00 PM",Shelburne,Shelburne Road,US-7,Property Damage Only,"Left Turn and Thru, Same Direction Sideswipe/Angle Crash vv--",Cloudy,"State Highway numbered route, State owned",19SH04738,Shelburne PD.,10,4.34,None/Other,Day,Juniper Ridge,None,None,,VT0040700,Four-way Intersection,None,Shelburne Road,Dry,70,"44.4135575416493,-73.21421284583732"
4254155,,"November 13, 2019, 1:15 PM",South Burlington,Patchen Rd,PATCHEN ROAD,Property Damage Only,"No Turns, Thru moves only, Broadside ^<",Clear,Federal Aid Urban System (Class 2 TH's and 3 TH's only),19SB012439,So. Burlington PD.,2,0.09,None/Other,Day,White St,None,None,,VT0040300,Four-way Intersection,None,Patchen Rd,Wet,U5216,"44.46825603172915,-73.17158726899528"
4254015,,"November 13, 2019, 1:37 PM",Essex,58D Pearl St,Unknown,Property Damage Only,Other - Explain in Narrative,Clear,"Other Public Roadway (Rest Areas, Shopping Center - anything open to public)",19ES06333,Essex PD.,9,999.99,None/Other,Day,W Hillcrest Rd,None,None,,VT0040200,Unknown,Unknown,58D Pearl St,Unknown,0,"44.492197800095326,-73.11822653718336"
4253507,,"November 13, 2019, 2:24 PM",Shelburne,219 Mt Philo Rd,MOUNT PHILO RD,Property Damage Only,Rear End,Cloudy,Minor Collector - Non Fed Aid Rural TH,19SH04740,Shelburne PD.,4,999.99,None/Other,Day,Littlefield Dr,None,None,,VT0040700,Not at a Junction,"Road Surface Condition(wet, icy, snow, slush, etc)",219 Mt Philo Rd,Ice,S0832,"44.3672305323941,-73.22386466632167"
4253427,,"November 13, 2019, 3:07 PM",Essex,Main Street at #25,VT-15,Property Damage Only,Single Vehicle Crash,Cloudy,"State Highway numbered route, Class 1 TH",19ES06335,Essex PD.,11,2.3,Deer,Day,Main St,None,None,,VT0040200,Not at a Junction,None,Main Street at #25,Dry,150,"44.49145471127369,-73.10949618338579"
4253486,,"November 13, 2019, 7:14 PM",South Burlington,,I-89,Property Damage Only,Rear End,Clear,"State Highway numbered route, State owned",19A105480,VSP - A2 St. Albans,10,89.4,None/Other,Night,MM89.4 Southbound,None,None,,VTVSP0700,Not at a Junction,None,,Dry,890,"44.478267089951146,-73.17743085584075"
4253043,,"November 14, 2019, 6:01 AM",Burlington,College St,US-7,Property Damage Only,"No Turns, Thru moves only, Broadside ^<",Clear,"State Highway numbered route, State owned",19BU025172,Burlington PD,10,2.21,None/Other,Day,S Willard St,None,None,,VT0040100,Four-way Intersection,None,College St,Wet,70,"44.47746708954113,-73.20554156103437"
4253485,,"November 14, 2019, 6:25 AM",Williston,2939 St George Rd,VT-2A,Property Damage Only,"Right Turn and Thru, Angle Broadside -->^--",Cloudy,"State Highway numbered route, State owned",19WT04976,Williston PD.,10,3.03,None/Other,Day,Sandri Gas Station,None,None,,VT0041000,Driveway,None,2939 St George Rd,Dry,21,"44.44027641119153,-73.11456320919592"
4252650,,"November 14, 2019, 12:10 PM",Milton,259 US RT 7 S,Unknown,Property Damage Only,Head On,Cloudy,"Other Public Roadway (Rest Areas, Shopping Center - anything open to public)",19MT008478,Milton PD.,9,999.99,None/Other,Day,Hannaford Parking Lot,None,None,,VT0040600,Parking Lot,"Road Surface Condition(wet, icy, snow, slush, etc)",259 US RT 7 S,Snow,0,"44.62378864111445,-73.12229850964718"
4253470,,"November 14, 2019, 12:45 PM",Essex,62 Partridge Drive,PARTRIDGE DR,Property Damage Only,Other - Explain in Narrative,Cloudy,Street or Town Highways in FA Urban Area,19ES06355,Essex PD.,5,999.99,None/Other,Day,,None,None,,VT0040200,Driveway,"Road Surface Condition(wet, icy, snow, slush, etc)",62 Partridge Drive,Ice,0,"44.493435846909804,-73.05595313034237"
4253456,,"November 14, 2019, 5:16 PM",South Burlington,333 White St,WHITE ST.,Property Damage Only,Same Direction Sideswipe,Clear,Federal Aid Urban System (Class 2 TH's and 3 TH's only),19SB012470,So. Burlington PD.,2,0.6,None/Other,Night,Airport Pkwy,None,Heavy Truck,,VT0040300,Not at a Junction,None,333 White St,Snow,U5226,"44.470860192463405,-73.16314217318488"
4253055,,"November 15, 2019, 1:27 PM",Colchester,2397 MAIN STREET,VT-2A,Property Damage Only,Rear End,Cloudy,"State Highway numbered route, State owned",19CC011193,Colchester PD.,10,0.02,None/Other,Day,,None,None,,VT0040500,Not at a Junction,None,2397 MAIN STREET,Wet,21,"44.52855478273019,-73.12939939301182"
4253407,,"November 15, 2019, 2:13 PM",Williston,2660 Mountain View Rd,MT. VIEW ROAD,Property Damage Only,Single Vehicle Crash,Cloudy,Federal Aid Urban System (Class 2 TH's and 3 TH's only),19WT05005,Williston PD.,2,2.78,None/Other,Day,Lavallee Ln,None,None,,VT0041000,Driveway,None,2660 Mountain View Rd,Wet,U5506,"44.45154773820855,-73.06294488177278"
4253379,,"November 15, 2019, 2:15 PM",South Burlington,570 Shelburne Rd,Unknown,Property Damage Only,Rear End,Freezing Precipitation,"Other Public Roadway (Rest Areas, Shopping Center - anything open to public)",19SB012505,So. Burlington PD.,9,999.99,None/Other,Day,Farrell St,None,None,,VT0040300,Parking Lot,None,570 Shelburne Rd,Wet,0,"44.44907492583746,-73.20770059670875"
4253406,,"November 15, 2019, 2:58 PM",Williston,141 Harvest Ln,Unknown,Property Damage Only,"Left Turn and Thru, Broadside v<--",Freezing Precipitation,"Other Public Roadway (Rest Areas, Shopping Center - anything open to public)",19WT05006,Williston PD.,9,999.99,None/Other,Day,Williston Rd,None,None,,VT0041000,Parking Lot,None,141 Harvest Ln,Wet,0,"44.451525419041246,-73.11725704869275"
4254529,,"November 15, 2019, 4:06 PM",Essex,72 Upper Main St,VT-15,Property Damage Only,Opp Direction Sideswipe,Freezing Precipitation,"State Highway numbered route, State owned",19ES06381,Essex PD.,10,3.92,None/Other,Day,Billie Butler Dr,None,None,,VT0040200,Four-way Intersection,None,72 Upper Main St,Snow,150,"44.50802287038185,-73.08686045764763"
4252613,,"November 15, 2019, 5:13 PM",Winooski City,62 Weaver St,WEAVER ST,Property Damage Only,Rear End,Freezing Precipitation,Street or Town Highways in FA Urban Area,19WS007987,Winooski PD.,5,999.99,None/Other,Night,W Allen St,None,None,,VT0040400,Not at a Junction,"Road Surface Condition(wet, icy, snow, slush, etc)",62 Weaver St,Ice,0,"44.49189764029121,-73.18802663632064"
4254429,,"November 15, 2019, 5:20 PM",Essex,283 Brigham Hill Rd,TOWN ROAD 0036,Property Damage Only,Same Direction Sideswipe,Freezing Precipitation,"City, Village or Urban Compact Street not in FA Urban Area (Class 2 and 3 Non-Federal Aid)",19ES06384,Essex PD.,6,999.99,None/Other,Night,Brigham Hill Ln,None,None,,VT0040200,Not at a Junction,"Road Surface Condition(wet, icy, snow, slush, etc)",283 Brigham Hill Rd,Ice,T0036,"44.5673518363485,-73.09446116878118"
4254341,,"November 15, 2019, 5:25 PM",Milton,Mears Rd,TOWN ROAD 0027,Injury,Single Vehicle Crash,Freezing Precipitation,"City, Village or Urban Compact Street not in FA Urban Area (Class 2 and 3 Non-Federal Aid)",19MT008512,Milton PD.,6,999.99,None/Other,Night,Everest Rd,None,None,,VT0040600,Not at a Junction,"Road Surface Condition(wet, icy, snow, slush, etc)",Mears Rd,Snow,T0027,"44.66106425349825,-73.16862844896315"