ObjectID,Mapped,Crash Date,City/Town,Address,AOT Route,Crash Type,Collision Direction,Weather,Road Group,Report Number,Reporting Agency,Road Group ID,AOT Actual Milepoint,Animal,Time of Day,Intersection With,Impairment,Involving,Non Reportable Address,Reporting Agency ID,Road Characteristics,Road Condition,Street Address,Surface Condition,AOT Route ID,Coordinates
4253381,,"November 15, 2019, 5:57 PM",South Burlington,Dorset St,DORSET ST.,Property Damage Only,Rear End,Clear,Federal Aid Urban System (Class 2 TH's and 3 TH's only),19SB012513,So. Burlington PD.,2,3.85,None/Other,Night,Garden St,None,None,,VT0040300,Four-way Intersection,None,Dorset St,Wet,U5208,"44.46547515784805,-73.18105423778398"
4253853,,"November 16, 2019, 11:15 AM",Williston,2913 St George Rd,VT-2A,Property Damage Only,Same Direction Sideswipe,Clear,"State Highway numbered route, State owned",19WT05021,Williston PD.,10,2.96,None/Other,Day,I- 89,None,None,,VT0041000,Not at a Junction,None,2913 St George Rd,Dry,21,"44.43933833485682,-73.11506966311109"
4254301,,"November 16, 2019, 11:52 AM",Burlington,Main St,MAIN ST.,Property Damage Only,Rear End,Cloudy,Federal Aid Urban System (Class 2 TH's and 3 TH's only),19BU025328,Burlington PD,2,0.52,None/Other,Day,S Union St,None,None,,VT0040100,Not at a Junction,None,Main St,Dry,U5022,"44.476062451173654,-73.20911821916233"
4246788,,"November 16, 2019, 1:03 PM",Williston,150 Retail Way,Unknown,Property Damage Only,"Left Turns, Same Direciton, Rear End v--v--",Clear,"Other Public Roadway (Rest Areas, Shopping Center - anything open to public)",19WT05023,Williston PD.,9,999.99,None/Other,Day,Trader Ln,None,None,,VT0041000,Parking Lot,None,150 Retail Way,Dry,0,"44.444382057203065,-73.11517183021216"
4254722,,"November 16, 2019, 1:37 PM",Burlington,Colchester Ave,COLCHESTER AVE.,Property Damage Only,Rear End,Clear,Federal Aid Urban System (Class 2 TH's and 3 TH's only),19BU025336,Burlington PD,2,1,None/Other,Day,Barrett St,None,None,,VT0040100,Not at a Junction,None,Colchester Ave,Dry,U5014,"44.487890347480764,-73.18674431345502"
4244743,,"November 16, 2019, 2:17 PM",Burlington,S Willard St,US-7,Property Damage Only,Same Direction Sideswipe,Clear,"State Highway numbered route, Class 1 TH",19BU025339,Burlington PD,11,1.6,None/Other,Day,Bayview St,None,None,,VT0040100,Not at a Junction,None,S Willard St,Ice,70,"44.46839362153198,-73.20550973374091"
4247493,,"November 16, 2019, 7:51 PM",Milton,99 Hemlock Rd,TOWN ROAD 0099,Property Damage Only,Head On,Clear,"City, Village or Urban Compact Street not in FA Urban Area (Class 2 and 3 Non-Federal Aid)",19MT008530,Milton PD.,6,999.99,None/Other,Night,Woodcrest Circle,None,None,,VT0040600,Not at a Junction,None,99 Hemlock Rd,Wet,T0099,"44.61358742139637,-73.11616478027844"
4254197,,"November 16, 2019, 9:02 PM",Essex,,VT-289,Property Damage Only,Single Vehicle Crash,Clear,Ramp or Spur,19ES06405,Essex PD.,7,999.99,Deer,Night,,None,None,,VT0040200,On Ramp,,,Dry,2890,"44.50609719351277,-73.08670784733596"
4252014,,"November 16, 2019, 10:51 PM",Williston,INTERSTATE 89 NORTH,I-89,Property Damage Only,Head On,Clear,"State Highway numbered route, State owned",19A105531,VSP - A1 Williston,10,84,None/Other,Night,MILE MARKER 84,None,None,,VTVSP0100,Not at a Junction,None,INTERSTATE 89 NORTH,Dry,890,"44.43960013503662,-73.11580849692533"
4253346,,"November 17, 2019, 4:27 AM",Essex,166 VT-117,VT-117,Property Damage Only,Single Vehicle Crash,Clear,"State Highway numbered route, State owned",19ES06407,Essex PD.,10,2.57,Deer,Night,State Rte 289,None,None,,VT0040200,Not at a Junction,,166 VT-117,Dry,1170,"44.47957179763967,-73.06365369908274"
4252734,,"November 17, 2019, 4:58 AM",Burlington,Rt 127,VT. 127 BELTLINE,Property Damage Only,Single Vehicle Crash,Clear,Federal Aid Urban System (Class 2 TH's and 3 TH's only),19BU025378,Burlington PD,2,1.4,Deer,Night,North Ave,None,None,,VT0040100,Not at a Junction,None,Rt 127,Dry,U5009,"44.504972752612716,-73.23245310052269"
4253436,,"November 17, 2019, 11:41 AM",Williston,863 Harvest Lane,Unknown,Property Damage Only,Rear End,Clear,"Other Public Roadway (Rest Areas, Shopping Center - anything open to public)",19WT05048,Williston PD.,9,999.99,None/Other,Day,Walmart,None,None,,VT0041000,Not at a Junction,None,863 Harvest Lane,Dry,0,"44.44164411474895,-73.1221480110334"
4253362,,"November 17, 2019, 1:53 PM",Williston,Marshall Avenue,MARSHALL AVE.,Property Damage Only,"Right Turn and Thru, Broadside ^<--",Clear,Federal Aid Urban System (Class 2 TH's and 3 TH's only),19WT05049,Williston PD.,2,1.29,None/Other,Day,Harvest Lane,None,None,,VT0041000,Four-way Intersection,None,Marshall Avenue,,U5505,"44.44575159512697,-73.11767647536125"
4253959,,"November 18, 2019, 4:45 AM",Westford,1049 VT Route 15,VT-15,Injury,Single Vehicle Crash,Clear,"State Highway numbered route, State owned",19A105547,VSP - A1 Williston,10,1.14,None/Other,Night,Hobart Hill Lane,None,None,,VTVSP0100,T - Intersection,None,1049 VT Route 15,Dry,150,"44.61007776034856,-72.9305615507152"
4253338,,"November 18, 2019, 6:15 AM",Essex,112 Center Rd,VT-15,Property Damage Only,Rear End,Cloudy,"State Highway numbered route, State owned",19ES06414,Essex PD.,10,5.2,None/Other,Day,Towers Rd,None,None,,VT0040200,Not at a Junction,None,112 Center Rd,Dry,150,"44.511348563969264,-73.06200595313193"
4253360,,"November 18, 2019, 8:00 AM",Essex,76 Osgood Hill Rd,TOWN ROAD 0051,Property Damage Only,Same Direction Sideswipe,Cloudy,"City, Village or Urban Compact Street not in FA Urban Area (Class 2 and 3 Non-Federal Aid)",19ES06417,Essex PD.,6,999.99,None/Other,Day,Catella Rd,None,None,,VT0040200,Not at a Junction,"Road Surface Condition(wet, icy, snow, slush, etc)",76 Osgood Hill Rd,Ice,T0051,"44.53575175167322,-73.02146552371848"
4253033,,"November 18, 2019, 10:15 AM",Essex,72 Upper Main Street,VT-15,Property Damage Only,Same Direction Sideswipe,Cloudy,"State Highway numbered route, State owned",19ES06420,Essex PD.,10,3.92,None/Other,Day,Billie Butler Drive,None,None,,VT0040200,Not at a Junction,None,72 Upper Main Street,Dry,150,"44.50802287038185,-73.08686045764763"
4253434,,"November 18, 2019, 10:35 AM",South Burlington,1150 Williston Rd,Unknown,Property Damage Only,Head On,Clear,"Other Public Roadway (Rest Areas, Shopping Center - anything open to public)",19SB012612,So. Burlington PD.,9,999.99,None/Other,Day,Mary St,None,None,,VT0040300,Parking Lot,None,1150 Williston Rd,Dry,0,"44.469073285816926,-73.17777965885702"
4253088,,"November 18, 2019, 2:29 PM",South Burlington,1600 Shelburne Rd,US-7,Property Damage Only,Opp Direction Sideswipe,Clear,"State Highway numbered route, State owned",19SB012624,So. Burlington PD.,10,0.91,None/Other,Day,Heritage Toyota,None,None,,VT0040300,Four-way Intersection,None,1600 Shelburne Rd,Dry,70,"44.43395884726812,-73.2107148981804"
4253329,,"November 18, 2019, 3:40 PM",Williston,33 Blair Park Road,BLAIR PARK RD,Property Damage Only,Rear End,Clear,Street or Town Highways in FA Urban Area,19WT05068,Williston PD.,5,999.99,None/Other,Day,Williston Road,None,None,,VT0041000,Four-way Intersection,None,33 Blair Park Road,Dry,0,"44.452382464268766,-73.1173109420885"
4252676,,"November 19, 2019, 7:18 AM",Colchester,US Route 7,US-7,Property Damage Only,"Left Turn and Thru, Angle Broadside -->v--",Freezing Precipitation,"State Highway numbered route, State owned",19CC011296,Colchester PD.,10,0.4,None/Other,Day,Maplefields,None,None,,VT0040500,Four-way Intersection,"Road Surface Condition(wet, icy, snow, slush, etc)",US Route 7,Wet,70,"44.50816252536504,-73.18008949808862"
4253317,,"November 19, 2019, 7:20 AM",Williston,340 Avenue D,AVENUE D,Property Damage Only,Rear-to-rear,Freezing Precipitation,Street or Town Highways in FA Urban Area,19WT05075,Williston PD.,5,999.99,None/Other,Day,Industrial Avenue,None,None,,VT0041000,Not at a Junction,None,340 Avenue D,Wet,0,"44.46292813134184,-73.119751599567"
4252856,,"November 19, 2019, 11:24 AM",Essex,72 Upper Main Street,VT-15,Injury,"Left Turn and Thru, Angle Broadside -->v--",Freezing Precipitation,"State Highway numbered route, State owned",19ES06443,Essex PD.,10,3.92,None/Other,Day,Billie Butler Drive,None,None,,VT0040200,Four-way Intersection,None,72 Upper Main Street,Wet,150,"44.50802287038185,-73.08686045764763"
4254188,,"November 19, 2019, 3:48 PM",Hinesburg,1744 SILVER STREET,SILVER ST,Property Damage Only,Rear End,Freezing Precipitation,Federal Aid Secondary System (Class 2 TH),19HB01217,Hinesburg PD.,3,1.86,None/Other,Day,MEAD FARM ROAD,None,None,,VT0041200,Not at a Junction,"Road Surface Condition(wet, icy, snow, slush, etc)",1744 SILVER STREET,Snow,S0199,"44.30490227002898,-73.10895016874306"
4252228,,"November 19, 2019, 5:51 PM",Burlington,N Willard St,US-7,Injury,"No Turns, Thru moves only, Broadside ^<",Clear,"State Highway numbered route, Class 1 TH",19BU025569,Burlington PD,11,2.72,None/Other,Night,North St,None,None,,VT0040100,Four-way Intersection,None,N Willard St,Wet,70,"44.4848300373641,-73.20587881644317"
4253050,,"November 20, 2019, 7:19 AM",South Burlington,66 Patchen Rd,PATCHEN ROAD,Property Damage Only,"Left Turn and Thru, Angle Broadside -->v--",Freezing Precipitation,Federal Aid Urban System (Class 2 TH's and 3 TH's only),19SB012681,So. Burlington PD.,2,0.13,None/Other,Day,Executive Dr,None,None,,VT0040300,Not at a Junction,None,66 Patchen Rd,Snow,U5216,"44.468824670407564,-73.1716937381021"
4252830,,"November 20, 2019, 7:22 AM",Shelburne,Harbor Road,HARBOR ROAD,Property Damage Only,Rear End,Freezing Precipitation,Federal Aid Urban System (Class 2 TH's and 3 TH's only),19SH04850,Shelburne PD.,2,0.12,None/Other,Day,Railroad Lane,None,None,,VT0040700,Not at a Junction,"Road Surface Condition(wet, icy, snow, slush, etc)",Harbor Road,Snow,U5714,"44.38116093253501,-73.22977220716199"
4253068,,"November 20, 2019, 11:35 AM",Williston,Marshall Avenue,MARSHALL AVE.,Property Damage Only,"No Turns, Thru moves only, Broadside ^<",Freezing Precipitation,Federal Aid Urban System (Class 2 TH's and 3 TH's only),19WT05090,Williston PD.,2,1.1,None/Other,Day,Harvest Lane,None,None,,VT0041000,Four-way Intersection,"Road Surface Condition(wet, icy, snow, slush, etc)",Marshall Avenue,Snow,U5505,"44.44538914543445,-73.12133472888887"
4252829,,"November 20, 2019, 1:33 PM",Shelburne,10 Shelburne Shopping Park,SHELBURNE SHOPPING PARK,Property Damage Only,"Left Turn and Thru, Same Direction Sideswipe/Angle Crash vv--",Freezing Precipitation,"Other Public Roadway (Rest Areas, Shopping Center - anything open to public)",19SH04853,Shelburne PD.,9,999.99,None/Other,Day,Falls Rd,None,None,,VT0040700,Parking Lot,None,10 Shelburne Shopping Park,Wet,0,"44.379231827523384,-73.22594498954312"
4253047,,"November 20, 2019, 3:34 PM",Essex,95 Center Rd,VT-15,Property Damage Only,"Right Turn and Thru, Broadside ^<--",Freezing Precipitation,"State Highway numbered route, State owned",19ES06462,Essex PD.,10,5.02,None/Other,Day,Sunset Rd,None,None,,VT0040200,Not at a Junction,None,95 Center Rd,Snow,150,"44.510910385307696,-73.06554399673252"
4252190,,"November 20, 2019, 5:33 PM",Burlington,East Ave,EAST AVE.,Injury,Single Vehicle Crash,Freezing Precipitation,Federal Aid Urban System (Class 2 TH's and 3 TH's only),19BU025657,Burlington PD,2,0.67,None/Other,Night,Colchester Ave,None,None,,VT0040100,Not at a Junction,None,East Ave,Wet,U5016,"44.48221417210221,-73.19268771850213"
4254680,,"November 21, 2019, 6:31 AM",South Burlington,861 Williston Rd,US-2,Property Damage Only,Rear End,Clear,"State Highway numbered route, Class 1 TH",19SB012729,So. Burlington PD.,11,0.14,None/Other,Day,,None,None,,VT0040300,Four-way Intersection,,861 Williston Rd,,20,"44.47132241625337,-73.18755090116422"
4252665,,"November 21, 2019, 6:48 AM",Colchester,540 CAMPUS ROAD,CAMPUS RD,Injury,Opp Direction Sideswipe,Clear,Street or Town Highways in FA Urban Area,19CC011355,Colchester PD.,5,999.99,None/Other,Day,ALUMNI HALL,None,None,,VT0040500,Not at a Junction,None,540 CAMPUS ROAD,Wet,0,"44.49615735344913,-73.16318109765946"
4252806,,"November 21, 2019, 11:33 AM",Essex,23 Essex Way,Unknown,Property Damage Only,Rear-to-rear,Cloudy,"Other Public Roadway (Rest Areas, Shopping Center - anything open to public)",19ES06483,Essex PD.,9,999.99,None/Other,Day,Billie Butler Dr,None,None,,VT0040200,Parking Lot,None,23 Essex Way,Wet,0,"44.507218693851826,-73.08386436094216"
4252819,,"November 21, 2019, 3:01 PM",South Burlington,Williston Road,US-2,Injury,Rear End,Clear,"State Highway numbered route, Class 1 TH",19SB012758,So. Burlington PD.,11,2.53,None/Other,Day,Calkins Ct,None,Heavy Truck,,VT0040300,Not at a Junction,None,Williston Road,Dry,20,"44.45849412631985,-73.14335149505827"
4252345,,"November 21, 2019, 4:28 PM",Williston,Oakhill Road,OAK HILL ROAD,Property Damage Only,Head On,Clear,Federal Aid Urban System (Class 2 TH's and 3 TH's only),19WT05116,Williston PD.,2,1.12,Deer,Day,South Rd,None,None,,VT0041000,Not at a Junction,None,Oakhill Road,Dry,U5510,"44.3880754020093,-73.09601044920976"
4252751,,"November 21, 2019, 4:33 PM",Shelburne,Bishop Road,TOWN ROAD 0011,Property Damage Only,Single Vehicle Crash,Clear,"City, Village or Urban Compact Street not in FA Urban Area (Class 2 and 3 Non-Federal Aid)",19SH04869,Shelburne PD.,6,999.99,Deer,Day,Wind Ridge Road,None,None,,VT0040700,Not at a Junction,None,Bishop Road,Dry,T0011,"44.38902733565121,-73.17846168088604"
4252864,,"November 21, 2019, 6:16 PM",Milton,US RT 2,US-2,Property Damage Only,Single Vehicle Crash,Cloudy,"State Highway numbered route, State owned",19MT008666,Milton PD.,10,999.99,Deer,Night,Sand Bar State Park,None,None,,VT0040600,Not at a Junction,None,US RT 2,Dry,20,"44.62879365761906,-73.24773443763294"
4252816,,"November 21, 2019, 7:52 PM",South Burlington,1214 Williston Rd,Unknown,Property Damage Only,"Right Turn and Thru, Broadside ^<--",Clear,"Other Public Roadway (Rest Areas, Shopping Center - anything open to public)",19SB012771,So. Burlington PD.,9,999.99,None/Other,Night,Parking Lot,None,None,,VT0040300,Parking Lot,None,1214 Williston Rd,Wet,0,"44.46891537133058,-73.17567585226772"
4245128,,"November 21, 2019, 8:46 PM",Shelburne,Bostwick Road,BOSTWICK RD,Property Damage Only,Single Vehicle Crash,Rain,Minor Collector - Non Fed Aid Rural TH,19SH04873,Shelburne PD.,4,999.99,Deer,Night,Wake Robin Drive,None,None,,VT0040700,Not at a Junction,None,Bostwick Road,Wet,S0831,"44.36724162221904,-73.24454049922888"
4252701,,"November 22, 2019, 7:35 AM",Essex,27 Park Street,Unknown,Property Damage Only,Other - Explain in Narrative,Cloudy,"Other Public Roadway (Rest Areas, Shopping Center - anything open to public)",19ES06503,Essex PD.,9,999.99,None/Other,Day,,None,None,,VT0040200,Parking Lot,None,27 Park Street,Snow,0,"44.48856470282998,-73.11271937255191"
4253726,,"November 22, 2019, 7:53 AM",Burlington,47 S Winooski Ave,S WINOOSKI AVE,Property Damage Only,Head On,Clear,"Other Public Roadway (Rest Areas, Shopping Center - anything open to public)",19BU025787,Burlington PD,9,999.99,None/Other,Day,47 S Winooski Ave,None,None,,VT0040100,Parking Lot,,47 S Winooski Ave,Dry,0,"44.47911976169477,-73.2112221813945"
4252777,,"November 22, 2019, 9:18 AM",South Burlington,870 Williston Rd,US-2,Property Damage Only,Rear End,Rain,"State Highway numbered route, Class 1 TH",19SB012790,So. Burlington PD.,11,0.04,None/Other,Day,,None,None,,VT0040300,Not at a Junction,None,870 Williston Rd,Wet,20,"44.472118793475474,-73.18935441610174"
4252780,,"November 22, 2019, 10:05 AM",South Burlington,40 Fayette Dr,FAYETTE RD,Injury,Opp Direction Sideswipe,Clear,Street or Town Highways in FA Urban Area,19SB012793,So. Burlington PD.,5,999.99,None/Other,Day,Shelburne Rd,None,None,,VT0040300,Not at a Junction,None,40 Fayette Dr,Dry,0,"44.437325090106945,-73.21147776151341"
4252770,,"November 22, 2019, 11:52 AM",Essex,22 Jericho Rd,VT-15,Injury,"Left Turn and Thru, Angle Broadside -->v--",Cloudy,"State Highway numbered route, State owned",19ES06507,Essex PD.,10,5.61,None/Other,Day,Sandhill Rd,None,None,,VT0040200,T - Intersection,Other - Explain in Narrative,22 Jericho Rd,Wet,150,"44.50907451916525,-73.05545764412166"
4254057,,"November 22, 2019, 1:45 PM",Essex,Fort Parkway,VT-15,Property Damage Only,Same Direction Sideswipe,Cloudy,"State Highway numbered route, State owned",19ES06509,Essex PD.,10,0.57,None/Other,Day,Susie Wilson Road,None,None,,VT0040200,T - Intersection,None,Fort Parkway,Dry,150,"44.50378993581433,-73.13821797756334"
4252774,,"November 22, 2019, 2:12 PM",South Burlington,155 Dorset St,Unknown,Property Damage Only,Other - Explain in Narrative,Clear,"Other Public Roadway (Rest Areas, Shopping Center - anything open to public)",19SB012805,So. Burlington PD.,9,999.99,None/Other,Day,Parking Lot,None,None,,VT0040300,Parking Lot,None,155 Dorset St,Wet,0,"44.46490348776672,-73.1842121167837"
4252769,,"November 22, 2019, 3:29 PM",South Burlington,Williston Rd,US-2,Property Damage Only,Same Direction Sideswipe,Clear,"State Highway numbered route, Class 1 TH",19SB012811,So. Burlington PD.,11,1.97,None/Other,Day,Kennedy Dr,None,None,,VT0040300,Not at a Junction,None,Williston Rd,Dry,20,"44.46239999530175,-73.15289160686211"
4252773,,"November 22, 2019, 3:39 PM",Essex,Maple Road,VT-117,Injury,Rear End,Cloudy,"Other Public Roadway (Rest Areas, Shopping Center - anything open to public)",19WT05136,Williston PD.,9,0.56,None/Other,Day,Maplewood Ln,None,None,,VT0041000,Not at a Junction,None,Maple Road,Wet,1170,"44.486505688039756,-73.10113680831212"
4254370,,"November 22, 2019, 4:17 PM",Essex,71 Upper Main St,VT-15,Property Damage Only,Rear End,Clear,"State Highway numbered route, State owned",19ES06516,Essex PD.,10,3.9,None/Other,Day,State Rte 289,None,None,,VT0040200,Off Ramp,None,71 Upper Main St,Dry,150,"44.507787431200185,-73.08717952145507"
4253097,,"November 22, 2019, 4:33 PM",Essex,51 Center Rd,VT-15,Property Damage Only,Rear End,Freezing Precipitation,"State Highway numbered route, State owned",19ES06517,Essex PD.,10,4.58,None/Other,Day,Center Rd,None,None,,VT0040200,Not at a Junction,None,51 Center Rd,Snow,150,"44.51046658161663,-73.07429942437881"
4252802,,"November 22, 2019, 4:45 PM",Essex,137 Pearl St,Unknown,Property Damage Only,Rear End,Cloudy,"Other Public Roadway (Rest Areas, Shopping Center - anything open to public)",19ES06448,Essex PD.,9,999.99,None/Other,Day,Willeys Ct,None,None,,VT0040200,Parking Lot,None,137 Pearl St,Wet,0,"44.49711231625509,-73.12469108056999"
4253125,,"November 22, 2019, 5:33 PM",Essex,VT-289,VT-289,Property Damage Only,Single Vehicle Crash,Clear,"State Highway numbered route, State owned",19ES06519,Essex PD.,10,9.17,Deer,Night,Upper Main St,None,None,,VT0040200,Not at a Junction,None,VT-289,Dry,2890,"44.510612448734435,-73.09278289157756"
4252767,,"November 23, 2019, 10:09 AM",South Burlington,1795 Shelburne Rd,US-7,Injury,Head On,Clear,"State Highway numbered route, State owned",19SB012841,So. Burlington PD.,10,0.18,None/Other,Day,Stanhope Rd,None,None,,VT0040300,Not at a Junction,None,1795 Shelburne Rd,Dry,70,"44.42340810749671,-73.2118195724259"
4252929,,"November 23, 2019, 1:18 PM",Williston,2777 ST. GEORGE ROAD,VT-2A,Property Damage Only,"Left Turn and Thru, Angle Broadside -->v--",Clear,"State Highway numbered route, State owned",19WT05148,Williston PD.,10,3.2,None/Other,Day,,None,None,,VT0041000,Driveway,None,2777 ST. GEORGE ROAD,Dry,21,"44.44251855152831,-73.11330893955686"
4252712,,"November 23, 2019, 11:09 PM",Huntington,245 Bert White Rd,TOWN ROAD 0016,Injury,Single Vehicle Crash,Clear,"City, Village or Urban Compact Street not in FA Urban Area (Class 2 and 3 Non-Federal Aid)",19A105632,VSP - A1 Williston,6,999.99,None/Other,Night,Stage Coach Rd,Alcohol,None,,VTVSP0100,Not at a Junction,"Road Surface Condition(wet, icy, snow, slush, etc)",245 Bert White Rd,Ice,T0016,"44.32215209541562,-72.94831326279916"
4252304,,"November 24, 2019, 6:11 AM",Burlington,223 Church St,CHURCH ST,Property Damage Only,Other - Explain in Narrative,Clear,Street or Town Highways in FA Urban Area,19BU025925,Burlington PD,5,999.99,None/Other,Day,Maple St,None,None,,VT0040100,Not at a Junction,None,223 Church St,Dry,0,"44.473722148184116,-73.21237098670775"
4252946,,"November 24, 2019, 8:20 AM",Williston,Industrial Avenue,INDUSTRIAL AVE.,Property Damage Only,Head On,Cloudy,Federal Aid Urban System (Class 2 TH's and 3 TH's only),19WT05158,Williston PD.,2,0.54,None/Other,Day,Prushko Lane,None,None,,VT0041000,Not at a Junction,None,Industrial Avenue,Wet,U5504,"44.4621750297011,-73.12171471192222"
4248773,,"November 25, 2019, 9:01 AM",Burlington,North St,NORTH ST.,Property Damage Only,Same Direction Sideswipe,Clear,Federal Aid Urban System (Class 2 TH's and 3 TH's only),19BU025980,Burlington PD,2,0.82,None/Other,Day,N Willard St,None,Heavy Truck,,VT0040100,Not at a Junction,None,North St,Dry,U5032,"44.4849430087345,-73.20588425463818"
4252678,,"November 25, 2019, 11:02 AM",South Burlington,59 Garden St,Unknown,Property Damage Only,Rear-to-rear,Clear,Street or Town Highways in FA Urban Area,19SB012914,So. Burlington PD.,5,999.99,None/Other,Day,Trader Joes,None,None,,VT0040300,Not at a Junction,None,59 Garden St,Dry,0,"44.464048298428764,-73.1798452762073"
4252663,,"November 25, 2019, 11:37 AM",Essex,74 Pearl St,POST OFFICE SQUARE,Property Damage Only,"Left Turn and Thru, Same Direction Sideswipe/Angle Crash vv--",Cloudy,"Other Public Roadway (Rest Areas, Shopping Center - anything open to public)",19ES06571,Essex PD.,9,999.99,None/Other,Day,,None,None,,VT0040200,Parking Lot,None,74 Pearl St,Dry,0,"44.4937927284415,-73.11951326531363"
4252899,,"November 25, 2019, 11:45 AM",Essex,71 Upper Main St,Unknown,Property Damage Only,Same Direction Sideswipe,Cloudy,"Other Public Roadway (Rest Areas, Shopping Center - anything open to public)",19ES06575,Essex PD.,9,999.99,None/Other,Day,,None,None,,VT0040200,Parking Lot,Unknown,71 Upper Main St,Unknown,0,"44.507158295179124,-73.08686940252188"
4254116,,"November 25, 2019, 11:49 AM",South Burlington,57 Swift St,SWIFT ST.,Property Damage Only,Opp Direction Sideswipe,Clear,Federal Aid Urban System (Class 2 TH's and 3 TH's only),19SB012915,So. Burlington PD.,2,0.11,None/Other,Day,North Country Federal Savings Bank,None,None,,VT0040300,Not at a Junction,None,57 Swift St,Dry,U5224,"44.445800887648026,-73.20716842604025"
4245118,,"November 25, 2019, 12:21 PM",South Burlington,US-2,US-2,Property Damage Only,Rear End,Clear,"State Highway numbered route, Class 1 TH",19SB012917,So. Burlington PD.,11,0.49,None/Other,Day,Dorset St,None,None,,VT0040300,Not at a Junction,None,US-2,Dry,20,"44.469125217696885,-73.18105440647804"
4248088,,"November 25, 2019, 6:54 PM",Colchester,Roosevelt Highway,US-7,Injury,Single Vehicle Crash,Rain,"State Highway numbered route, State owned",19CC011573,Colchester PD.,10,1.99,None/Other,Night,Blakely Road,None,None,,VT0040500,Four-way Intersection,None,Roosevelt Highway,Wet,70,"44.528964132295776,-73.17192407630127"
4253163,,"November 25, 2019, 7:31 PM",Essex,Essex Outlet Fair at McDonalds,BILLIE BUTLER DR,Property Damage Only,"Left Turn and Thru, Head On ^v--",Cloudy,"Other Public Roadway (Rest Areas, Shopping Center - anything open to public)",19ES06558,Essex PD.,9,999.99,None/Other,Night,Billie Butler Dr,Alcohol,None,,VT0040200,T - Intersection,None,Essex Outlet Fair at McDonalds,Dry,0,"44.507695495002686,-73.08565491761598"
4252569,,"November 26, 2019, 10:12 AM",Burlington,North Ave,NORTH AVE.,Property Damage Only,Same Direction Sideswipe,Cloudy,Federal Aid Urban System (Class 2 TH's and 3 TH's only),19BU026056,Burlington PD,2,2.21,None/Other,Day,Red Maple Lane,None,None,,VT0040100,T - Intersection,None,North Ave,Dry,U5026,"44.50688524402474,-73.24478830349824"
4252606,,"November 26, 2019, 10:25 AM",South Burlington,Dorset Street,DORSET ST.,Injury,Other - Explain in Narrative,Clear,Federal Aid Urban System (Class 2 TH's and 3 TH's only),19SB012967,So. Burlington PD.,2,3.7,None/Other,Day,Garden St,None,Pedestrian,,VT0040300,Four-way Intersection,None,Dorset Street,Dry,U5208,"44.46332098554462,-73.1806614229919"
4254100,,"November 26, 2019, 10:40 AM",Williston,Williston Rd,US-2,Property Damage Only,"Left Turn and Thru, Angle Broadside -->v--",Clear,"State Highway numbered route, State owned",19WT05194,Williston PD.,10,0.17,None/Other,Day,Engineers Dr,None,None,,VT0041000,Four-way Intersection,None,Williston Rd,Dry,20,"44.45829898762353,-73.13257752166378"
4252465,,"November 26, 2019, 10:59 AM",South Burlington,4049 US-2,US-2,Property Damage Only,Rear End,Clear,"State Highway numbered route, Class 1 TH",19SB012969,So. Burlington PD.,11,2.76,None/Other,Day,Petes RV,None,Heavy Truck,,VT0040300,Not at a Junction,None,4049 US-2,Dry,20,"44.45826427883422,-73.13887444827314"
4253085,,"November 26, 2019, 11:31 AM",Essex,219  Colchester Road,VT-2A,Injury,"Left Turn and Thru, Broadside v<--",Cloudy,"State Highway numbered route, State owned",19ES06591,Essex PD.,10,2.73,None/Other,Day,VT Route 2A And VT Route 289 Exit 7,None,Heavy Truck,,VT0040200,T - Intersection,None,219  Colchester Road,Dry,21,"44.518725512383405,-73.12320075467996"
4252608,,"November 26, 2019, 11:33 AM",South Burlington,Williston Rd,US-2,Property Damage Only,"Left and Right Turns, Simultaneous Turn Crash --vv--",Clear,"State Highway numbered route, Class 1 TH",19SB012970,So. Burlington PD.,11,0.89,None/Other,Day,Midas Dr,None,None,,VT0040300,Four-way Intersection,None,Williston Rd,Dry,20,"44.46741271070347,-73.17357557012839"
4246544,,"November 26, 2019, 12:47 PM",Burlington,North St,NORTH ST.,Property Damage Only,Same Direction Sideswipe,Clear,Federal Aid Urban System (Class 2 TH's and 3 TH's only),19BU026070,Burlington PD,2,1.04,None/Other,Day,N Prospect St,None,None,,VT0040100,Not at a Junction,None,North St,Dry,U5032,"44.485044966759965,-73.20154263348051"