ObjectID,Mapped,Crash Date,City/Town,Address,AOT Route,Crash Type,Collision Direction,Weather,Road Group,Report Number,Reporting Agency,Road Group ID,AOT Actual Milepoint,Animal,Time of Day,Intersection With,Impairment,Involving,Non Reportable Address,Reporting Agency ID,Road Characteristics,Road Condition,Street Address,Surface Condition,AOT Route ID,Coordinates
4252617,,"November 26, 2019, 12:56 PM",South Burlington,935 Shelburne Rd,US-7,Property Damage Only,Same Direction Sideswipe,Clear,"State Highway numbered route, State owned",19SB012975,So. Burlington PD.,10,1.53,None/Other,Day,Hananford Dr,None,None,,VT0040300,Four-way Intersection,None,935 Shelburne Rd,Dry,70,"44.44292097105645,-73.20978088620822"
4248307,,"November 26, 2019, 3:29 PM",Essex,20 Susie Wilson Rd,SUSIE WILSON RD.,Property Damage Only,Same Direction Sideswipe,Clear,Federal Aid Urban System (Class 2 TH's and 3 TH's only),19ES06598,Essex PD.,2,0.16,None/Other,Day,Pinecrest Dr,None,None,,VT0040200,Not at a Junction,None,20 Susie Wilson Rd,Dry,U5410,"44.50610483096714,-73.13592385094437"
4252411,,"November 26, 2019, 4:00 PM",Essex,219 Browns River Rd,VT-128,Property Damage Only,Head On,Clear,"State Highway numbered route, State owned",19ES06603,Essex PD.,10,2.13,Deer,Day,Osgood Hill Rd,None,None,,VT0040200,Not at a Junction,None,219 Browns River Rd,Dry,1280,"44.52833281034483,-73.03068685154457"
4252603,,"November 26, 2019, 4:14 PM",South Burlington,Williston Rd,US-2,Property Damage Only,Rear End,Clear,"State Highway numbered route, Class 1 TH",19SB012983,So. Burlington PD.,11,999.99,None/Other,Day,Spear St,None,None,,VT0040300,Not at a Junction,None,Williston Rd,Wet,20,"44.471784748197216,-73.18858009519133"
4251306,,"November 27, 2019, 10:37 AM",Burlington,North Ave,NORTH AVE.,Property Damage Only,Single Vehicle Crash,Cloudy,Federal Aid Urban System (Class 2 TH's and 3 TH's only),19BU026163,Burlington PD,2,1.86,None/Other,Day,Village Grn,None,None,,VT0040100,Y - Intersection,None,North Ave,Wet,U5026,"44.50334118668002,-73.23999747515052"
4253765,,"November 27, 2019, 10:50 AM",Shelburne,4405 Shelburne RD,US-7,Property Damage Only,Rear End,Cloudy,"State Highway numbered route, State owned",19SH04943,Shelburne PD.,10,2.87,None/Other,Day,Webster RD,None,None,,VT0040700,Not at a Junction,None,4405 Shelburne RD,Dry,70,"44.39289235046911,-73.2210164000396"
4244917,,"November 27, 2019, 12:12 PM",Burlington,Orchard Ter,ORCHARD TER,Property Damage Only,Same Direction Sideswipe,Clear,Street or Town Highways in FA Urban Area,19BU026168,Burlington PD,5,999.99,None/Other,Day,Pearl St,None,None,,VT0040100,Not at a Junction,None,Orchard Ter,Dry,0,"44.48052958067689,-73.21003517924714"
4254268,,"November 27, 2019, 1:08 PM",South Burlington,1117 Williston Rd,US-2,Injury,Same Direction Sideswipe,Clear,"State Highway numbered route, Class 1 TH",19SB013033,So. Burlington PD.,11,0.6,None/Other,Day,Williston Rd,None,None,,VT0040300,Not at a Junction,None,1117 Williston Rd,Dry,20,"44.46861742348406,-73.17901747344257"
4252373,,"November 27, 2019, 2:24 PM",Burlington,Shelburne Rd,US-7,Property Damage Only,Rear End,Clear,"State Highway numbered route, State owned",19BU026192,Burlington PD,10,0.56,None/Other,Day,Ferguson Ave,None,None,,VT0040100,Not at a Junction,None,Shelburne Rd,Dry,70,"44.453798174582374,-73.20870903995308"
4252385,,"November 27, 2019, 3:09 PM",Burlington,328 North Ave,NORTH AVE.,Injury,Other - Explain in Narrative,Rain,Federal Aid Urban System (Class 2 TH's and 3 TH's only),19BU026201,Burlington PD,2,0.66,None/Other,Day,Cambrian Way,None,Pedestrian,,VT0040100,Not at a Junction,None,328 North Ave,Wet,U5026,"44.4900733448542,-73.22679446690142"
4252368,,"November 27, 2019, 4:44 PM",Burlington,Marshall Dr,MARSHALL DR,Injury,"Right Turn and Thru, Angle Broadside -->^--",Rain,Street or Town Highways in FA Urban Area,19BU026209,Burlington PD,5,999.99,None/Other,Day,Heineburg Rd,None,None,,VT0040100,T - Intersection,None,Marshall Dr,Wet,0,"44.51121124792309,-73.24581043688522"
4244879,,"November 27, 2019, 4:57 PM",Milton,89 Us Rt 7,US-7,Property Damage Only,Same Direction Sideswipe,Rain,"State Highway numbered route, State owned",19MT008840,Milton PD.,10,5.89,None/Other,Day,Frey Family Deli,None,None,,VT0040600,Shared-use path or trail,None,89 Us Rt 7,Wet,70,"44.65161707873287,-73.11494843763874"
4251371,,"November 28, 2019, 4:05 PM",Richmond,34 Huntington Acres,TOWN ROAD 0044,Property Damage Only,Same Direction Sideswipe,Clear,"City, Village or Urban Compact Street not in FA Urban Area (Class 2 and 3 Non-Federal Aid)",19RM00830,Richmond PD.,6,999.99,None/Other,Day,Huntington Acres,Alcohol,None,,VT0040800,Not at a Junction,None,34 Huntington Acres,Wet,T0044,"44.34143163230829,-72.99776917267762"
4252282,,"November 28, 2019, 9:19 PM",Richmond,I-89 NB @ MM 74,I-89,Injury,Other - Explain in Narrative,Freezing Precipitation,"State Highway numbered route, State owned",19A105718,VSP - A1 Williston,10,74,None/Other,Night,Exit 11,None,None,,VTVSP0100,Not at a Junction,"Road Surface Condition(wet, icy, snow, slush, etc)",I-89 NB @ MM 74,Ice,890,"44.38876458049254,-72.94279142075182"
4252450,,"November 28, 2019, 9:28 PM",Williston,I-89 SB,I-89,Injury,Rear End,Freezing Precipitation,"State Highway numbered route, State owned",19A105720,VSP - A1 Williston,10,80.42,None/Other,Night,MM 80.4,None,None,,VTVSP0100,Not at a Junction,"Road Surface Condition(wet, icy, snow, slush, etc)",I-89 SB,Ice,890,"44.43285767022795,-73.04615603724989"
4254017,,"November 28, 2019, 11:19 PM",South Burlington,155 Dorset Street,Unknown,Property Damage Only,"Left Turn and Thru, Same Direction Sideswipe/Angle Crash vv--",Cloudy,"Other Public Roadway (Rest Areas, Shopping Center - anything open to public)",19SB013071,So. Burlington PD.,9,999.99,None/Other,Night,,None,None,,VT0040300,Parking Lot,None,155 Dorset Street,Dry,0,"44.46460758638477,-73.18264159144691"
4252347,,"November 29, 2019, 4:49 AM",Essex,190 Colchester Rd,VT-2A,Property Damage Only,"Left Turn and Thru, Angle Broadside -->v--",Freezing Precipitation,"State Highway numbered route, State owned",19ES06623,Essex PD.,10,2.47,None/Other,Night,Susie Wilson Byp,None,None,,VT0040200,Four-way Intersection,"Road Surface Condition(wet, icy, snow, slush, etc)",190 Colchester Rd,Ice,21,"44.515150244293565,-73.1222992553472"
4252410,,"November 29, 2019, 5:23 AM",Richmond,I-89,I-89,Property Damage Only,Single Vehicle Crash,Cloudy,"State Highway numbered route, State owned",19A105723,VSP - A1 Williston,10,75.16,None/Other,Night,Mile Marker 74.8 North,None,None,,VTVSP0100,Not at a Junction,"Road Surface Condition(wet, icy, snow, slush, etc)",I-89,Ice,890,"44.394432760789016,-72.96458110946917"
4253039,,"November 29, 2019, 6:26 AM",Richmond,VT RTE 2,US-2,Property Damage Only,Same Direction Sideswipe,Freezing Precipitation,"State Highway numbered route, State owned",19A106237,VSP - A1 Williston,10,5.09,None/Other,Day,Snipe Island Road,None,None,,VTVSP0100,Not at a Junction,"Road Surface Condition(wet, icy, snow, slush, etc)",VT RTE 2,Ice,20,"44.39435640862002,-72.95177050032764"
4253149,,"November 29, 2019, 6:26 AM",Richmond,VT RTE 7,US-2,Property Damage Only,Head On,Cloudy,"State Highway numbered route, State owned",19A106236,VSP - A1 Williston,10,5.09,None/Other,Day,The Farm At VYCC,None,None,,VTVSP0100,Not at a Junction,"Road Surface Condition(wet, icy, snow, slush, etc)",VT RTE 7,Ice,20,"44.39435640862002,-72.95177050032764"
4252461,,"November 29, 2019, 6:54 AM",Essex,69 VT-15,VT-15,Property Damage Only,Same Direction Sideswipe,Cloudy,"State Highway numbered route, State owned",19ES06625,Essex PD.,10,3.9,None/Other,Day,Upper Main St,None,None,,VT0040200,Railway grade crossing,"Road Surface Condition(wet, icy, snow, slush, etc)",69 VT-15,Ice,150,"44.507787431200185,-73.08717952145507"
4252483,,"November 29, 2019, 7:00 AM",Williston,South Rd,TOWN ROAD 0004,Property Damage Only,Single Vehicle Crash,Cloudy,"City, Village or Urban Compact Street not in FA Urban Area (Class 2 and 3 Non-Federal Aid)",19WT05247,Williston PD.,6,999.99,None/Other,Day,Emergency Gate,None,None,,VT0041000,Not at a Junction,"Road Surface Condition(wet, icy, snow, slush, etc)",South Rd,Ice,T0004,"44.431926829527896,-73.06279250128345"
4253717,,"November 29, 2019, 7:06 AM",Essex,65 VT-15,VT-15,Property Damage Only,Single Vehicle Crash,Cloudy,"State Highway numbered route, State owned",19ES06627,Essex PD.,10,3.88,None/Other,Day,State Rte 289,None,None,,VT0040200,Four-way Intersection,"Road Surface Condition(wet, icy, snow, slush, etc)",65 VT-15,Ice,150,"44.507556586723176,-73.08750454547388"
4253902,,"November 29, 2019, 1:10 PM",Williston,Harvest Lane,HARVEST LN,Property Damage Only,"Left Turn and Thru, Angle Broadside -->v--",Cloudy,Street or Town Highways in FA Urban Area,19WT05261,Williston PD.,5,999.99,None/Other,Day,Retail Way,None,None,,VT0041000,T - Intersection,None,Harvest Lane,Dry,0,"44.444852337527394,-73.11807871277306"
4252455,,"November 29, 2019, 3:49 PM",Williston,Maple Tree Place,MAPLE TREE PL,Property Damage Only,"No Turns, Thru moves only, Broadside ^<",Cloudy,Street or Town Highways in FA Urban Area,19WT05264,Williston PD.,5,999.99,None/Other,Day,Roundabout,None,None,,VT0041000,Traffic circle / roundabout,None,Maple Tree Place,Dry,0,"44.44358311274808,-73.1097616698321"
4252446,,"November 29, 2019, 4:43 PM",Williston,Maple Tree Place,MAPLE TREE PL,Property Damage Only,Rear End,Cloudy,Street or Town Highways in FA Urban Area,19WT05265,Williston PD.,5,999.99,None/Other,Day,Route 2a,None,None,,VT0041000,Four-way Intersection,None,Maple Tree Place,Dry,0,"44.44425366513657,-73.11226856541825"
4254699,,"November 30, 2019, 11:39 AM",Burlington,North Ave,NORTH AVE.,Property Damage Only,Other - Explain in Narrative,Clear,Federal Aid Urban System (Class 2 TH's and 3 TH's only),19BU026365,Burlington PD,2,2.11,None/Other,Day,Leonard St,None,None,,VT0040100,T - Intersection,None,North Ave,Dry,U5026,"44.50588731262942,-73.24343533159832"
4252445,,"November 30, 2019, 2:23 PM",South Burlington,Dorset Street at Barnes & Noble,DORSET ST.,Property Damage Only,Same Direction Sideswipe,Clear,Federal Aid Urban System (Class 2 TH's and 3 TH's only),19SB013131,So. Burlington PD.,2,3.96,None/Other,Day,Market St,None,None,,VT0040300,Four-way Intersection,None,Dorset Street at Barnes & Noble,Dry,U5208,"44.467048171976465,-73.18132694204571"
4252422,,"November 30, 2019, 2:45 PM",Williston,Maple Tree Place,MAPLE TREE PL,Property Damage Only,"Left Turn and Thru, Angle Broadside -->v--",Clear,Street or Town Highways in FA Urban Area,19WT05275,Williston PD.,5,999.99,None/Other,Day,Roundabout,None,None,,VT0041000,Traffic circle / roundabout,None,Maple Tree Place,Dry,0,"44.44352045490571,-73.10969820676645"
4252421,,"November 30, 2019, 3:37 PM",Shelburne,5380 Shelburne Road,US-7,Injury,Rear End,Cloudy,"State Highway numbered route, State owned",19SH05005,Shelburne PD.,10,1.85,None/Other,Day,,None,None,,VT0040700,Not at a Junction,None,5380 Shelburne Road,Dry,70,"44.37913967471377,-73.22812006006365"
4252444,,"November 30, 2019, 8:48 PM",South Burlington,Shelburne Road at MacIntosh Drive,US-7,Property Damage Only,Rear End,Clear,"State Highway numbered route, State owned",19SB013143,So. Burlington PD.,10,1.14,None/Other,Night,Shelburne Rd,None,None,,VT0040300,Four-way Intersection,None,Shelburne Road at MacIntosh Drive,Dry,70,"44.43728445084004,-73.21038290264745"
4247496,,"November 30, 2019, 10:49 PM",Burlington,St Paul St,ST. PAUL ST.,Property Damage Only,Same Direction Sideswipe,Clear,Federal Aid Urban System (Class 2 TH's and 3 TH's only),19BU026402,Burlington PD,2,0.5,None/Other,Night,Maple St,None,None,,VT0040100,Four-way Intersection,None,St Paul St,Dry,U5046,"44.47371070084822,-73.21384631965165"
4254618,,"December 1, 2019, 9:33 AM",Richmond,2543 Wes White Hill,TOWN ROAD 0030,Property Damage Only,Single Vehicle Crash,Cloudy,"City, Village or Urban Compact Street not in FA Urban Area (Class 2 and 3 Non-Federal Aid)",19RM00837,Richmond PD.,6,999.99,None/Other,Day,Durand Rd,None,None,,VT0040800,Not at a Junction,"Road Surface Condition(wet, icy, snow, slush, etc)",2543 Wes White Hill,Snow,T0030,"44.3561282531858,-72.96351163547511"
4252401,,"December 1, 2019, 8:50 PM",Williston,St. George Road,VT-2A,Property Damage Only,Single Vehicle Crash,Freezing Precipitation,"State Highway numbered route, State owned",19WT05290,Williston PD.,10,3.33,None/Other,Night,Maple Tree Place,None,None,,VT0041000,Four-way Intersection,"Road Surface Condition(wet, icy, snow, slush, etc)",St. George Road,Snow,21,"44.44425194659628,-73.11242020130248"
4252317,,"December 2, 2019, 2:12 AM",Colchester,Mile Marker 96.8 SB,I-89,Injury,Single Vehicle Crash,Cloudy,"State Highway numbered route, State owned",19A105774,VSP - A2 St. Albans,10,96.8,None/Other,Night,,None,None,,VTVSP0700,Not at a Junction,"Road Surface Condition(wet, icy, snow, slush, etc)",Mile Marker 96.8 SB,Ice,890,"44.57529839400799,-73.17733269879163"
4247569,,"December 2, 2019, 4:54 AM",Burlington,101 Cayuga Ct,Unknown,Property Damage Only,Opp Direction Sideswipe,Freezing Precipitation,"Other Public Roadway (Rest Areas, Shopping Center - anything open to public)",19BU026455,Burlington PD,9,999.99,None/Other,Night,101 Cayuga Ct,None,Heavy Truck,,VT0040100,Not at a Junction,None,101 Cayuga Ct,Snow,0,"44.515454931818226,-73.25089833010179"
4252375,,"December 2, 2019, 7:38 AM",Shelburne,602 Bay Rd,BAY ROAD,Property Damage Only,Single Vehicle Crash,Cloudy,Federal Aid Urban System (Class 2 TH's and 3 TH's only),19SH05037,Shelburne PD.,2,1.19,None/Other,Day,Point View Dr,None,Heavy Truck,,VT0040700,Other - Explain in Narrative,None,602 Bay Rd,Wet,U5704,"44.40041332161583,-73.22485293348382"
4252395,,"December 2, 2019, 8:28 AM",South Burlington,I-189 West,I-189,Property Damage Only,Rear End,Cloudy,Ramp or Spur,19SB013179,So. Burlington PD.,7,0.22,None/Other,Day,Sheblurne Rd,None,None,,VT0040300,T - Intersection,"Road Surface Condition(wet, icy, snow, slush, etc)",I-189 West,Snow,1890,"44.448353625459575,-73.20860205953778"
4252362,,"December 2, 2019, 11:40 AM",Williston,300 Essex Road,VT-2A,Injury,Rear End,Cloudy,"State Highway numbered route, State owned",19WT05308,Williston PD.,10,5.68,None/Other,Day,Eastview Circle,None,None,,VT0041000,Driveway,None,300 Essex Road,Dry,21,"44.47783542179254,-73.11360452427341"
4252325,,"December 2, 2019, 12:10 PM",Essex,10 Susie Wilson Road,SUSIE WILSON RD,Property Damage Only,Same Direction Sideswipe,Cloudy,"Other Public Roadway (Rest Areas, Shopping Center - anything open to public)",19ES06677,Essex PD.,9,999.99,None/Other,Day,Parking Lot Of Lowes,None,None,,VT0040200,Parking Lot,None,10 Susie Wilson Road,Wet,0,"44.505142971068025,-73.13715111762878"
4248084,,"December 2, 2019, 4:59 PM",Burlington,Shelburne Rd,US-7,Property Damage Only,Rear End,Clear,"State Highway numbered route, State owned",19BU026504,Burlington PD,10,0.5,None/Other,Day,White St,None,None,,VT0040100,T - Intersection,None,Shelburne Rd,Slush,70,"44.452966606362956,-73.20878931571237"
4252315,,"December 3, 2019, 5:30 AM",Essex,3 Kellogg Rd #2,KELLOGG ROAD,Injury,"Left Turn and Thru, Head On ^v--",Clear,Federal Aid Urban System (Class 2 TH's and 3 TH's only),19ES06689,Essex PD.,2,0.04,None/Other,Night,,None,None,,VT0040200,Four-way Intersection,None,3 Kellogg Rd #2,Wet,U5406,"44.50961749205855,-73.13251088644571"
4247460,,"December 3, 2019, 7:00 AM",Burlington,Route 127,VT. 127 CONNECTOR,Injury,Single Vehicle Crash,Clear,Federal Aid Urban System (Class 2 TH's and 3 TH's only),19BU026532,Burlington PD,2,0.1,None/Other,Day,Beltline,None,None,,VT0040100,On Ramp,None,Route 127,Dry,U5011,"44.50210939752189,-73.23193472518432"
4252323,,"December 3, 2019, 11:44 AM",Williston,400 Cornerstone Drive,Unknown,Property Damage Only,Opp Direction Sideswipe,Clear,Street or Town Highways in FA Urban Area,19WT05334,Williston PD.,5,999.99,None/Other,Day,Aveda Institute,None,None,,VT0041000,Not at a Junction,None,400 Cornerstone Drive,Dry,0,"44.447161847490364,-73.10268754073785"
4252335,,"December 3, 2019, 1:20 PM",Westford,VT RT 15,VT-15,Property Damage Only,Same Direction Sideswipe,Clear,"State Highway numbered route, State owned",19A105797,VSP - A1 Williston,10,0.51,None/Other,Day,Wildberry Lane,None,None,,VTVSP0100,T - Intersection,None,VT RT 15,Dry,150,"44.601421726118616,-72.93438890605144"
4245049,,"December 3, 2019, 1:59 PM",Milton,US RT 7,US-7,Property Damage Only,Rear End,Clear,"State Highway numbered route, State owned",19MT008922,Milton PD.,10,3.04,None/Other,Day,Snap Fitness,None,None,,VT0040600,T - Intersection,None,US RT 7,Dry,70,"44.62418570286657,-73.13385846514572"
4252333,,"December 3, 2019, 2:12 PM",Shelburne,2989 Shelburne Rd,Unknown,Property Damage Only,Other - Explain in Narrative,Clear,"Other Public Roadway (Rest Areas, Shopping Center - anything open to public)",19SH05064,Shelburne PD.,9,999.99,None/Other,Day,Hunters Way,None,Heavy Truck,,VT0040700,Parking Lot,None,2989 Shelburne Rd,Dry,0,"44.41304762713396,-73.21383259658081"
4254278,,"December 3, 2019, 2:58 PM",Underhill,River Road,RIVER RD,Injury,Rear End,Clear,Federal Aid Secondary System (Class 2 TH),19A105799,VSP - A1 Williston,3,0.53,None/Other,Day,Chamberlin Woods,None,None,,VTVSP0100,T - Intersection,None,River Road,Dry,S0233,"44.520367318416945,-72.93095458701352"
4252294,,"December 3, 2019, 3:30 PM",Williston,Essex Road,VT-2A,Injury,Rear End,Clear,"State Highway numbered route, State owned",19WT05340,Williston PD.,10,4.73,None/Other,Day,Hickory Hill,None,None,,VT0041000,Four-way Intersection,None,Essex Road,Dry,21,"44.46411822636394,-73.11277215741234"
4252322,,"December 3, 2019, 3:38 PM",Essex,VT-289,VT-289,Injury,Rear End,Clear,Ramp or Spur,19ES06704,Essex PD.,7,0.1,None/Other,Day,Essex Way,None,None,,VT0040200,Not at a Junction,None,VT-289,Dry,2890,"44.50474778023304,-73.08067559957645"
4252329,,"December 3, 2019, 4:35 PM",Williston,Essex Road,VT-2A,Property Damage Only,Head On,Cloudy,"State Highway numbered route, State owned",19WT05341,Williston PD.,10,5.53,None/Other,Day,James Brown Drive,Alcohol,None,,VT0041000,T - Intersection,None,Essex Road,Dry,21,"44.475675383534785,-73.11337603210903"
4252320,,"December 3, 2019, 4:44 PM",Essex,1 Pearl St,VT-15,Property Damage Only,Rear End,Clear,"State Highway numbered route, Class 1 TH",19ES06705,Essex PD.,11,2.16,None/Other,Day,Lincoln St,None,None,,VT0040200,Five-point or more,None,1 Pearl St,Dry,150,"44.49070442942652,-73.11186247861016"
4252310,,"December 4, 2019, 6:48 AM",Essex,376 Browns River Rd,VT-128,Property Damage Only,Other - Explain in Narrative,Cloudy,"State Highway numbered route, State owned",19ES06713,Essex PD.,10,3.57,None/Other,Day,Pettingill Rd,None,None,,VT0040200,Not at a Junction,Unknown,376 Browns River Rd,Dry,1280,"44.548581024884754,-73.03538248020395"
4252309,,"December 4, 2019, 8:16 AM",Essex,River Road,VT-117,Property Damage Only,"Left Turn and Thru, Angle Broadside -->v--",Freezing Precipitation,"State Highway numbered route, State owned",19ES06714,Essex PD.,10,3.29,None/Other,Day,Sand Hill Road,None,None,,VT0040200,T - Intersection,None,River Road,Snow,1170,"44.47896183238193,-73.04912625298962"
4252072,,"December 4, 2019, 10:57 AM",St. George,VT RT 2A,VT-2A,Injury,Single Vehicle Crash,Cloudy,"State Highway numbered route, State owned",19A105808,VSP - A1 Williston,10,0.65,None/Other,Day,Barber Road,None,None,,VTVSP0100,Not at a Junction,Other - Explain in Narrative,VT RT 2A,Other - Explain in Narrative,21,"44.378932447300656,-73.12636199493174"
4252005,,"December 4, 2019, 1:08 PM",Williston,Zepher Road,ZEPHYR RD,Property Damage Only,Rear End,Cloudy,Street or Town Highways in FA Urban Area,19WT05354,Williston PD.,5,999.99,None/Other,Day,Essex Road,None,None,,VT0041000,Four-way Intersection,None,Zepher Road,Dry,0,"44.45366421491964,-73.11143633290361"
4252038,,"December 4, 2019, 2:31 PM",Charlotte,US RT 7,US-7,Injury,Rear End,Cloudy,"State Highway numbered route, State owned",19A105810,VSP - A1 Williston,10,2.31,None/Other,Day,Wildwood West,None,None,,VTVSP0100,T - Intersection,Unknown,US RT 7,Other - Explain in Narrative,70,"44.29542885931504,-73.24332712258068"
4252003,,"December 4, 2019, 3:08 PM",Williston,Saint George Road,VT-2A,Property Damage Only,Rear End,Cloudy,"State Highway numbered route, State owned",19WT05359,Williston PD.,10,3.34,None/Other,Day,Marshall Avenue,None,None,,VT0041000,Four-way Intersection,None,Saint George Road,Dry,21,"44.44438513597905,-73.11234820268925"
4253160,,"December 4, 2019, 3:33 PM",Essex,103B Pearl St,Unknown,Property Damage Only,Rear End,Clear,"Other Public Roadway (Rest Areas, Shopping Center - anything open to public)",19ES06719,Essex PD.,9,999.99,None/Other,Day,Roscoe Ct,None,None,,VT0040200,Parking Lot,None,103B Pearl St,Dry,0,"44.49495651328828,-73.12064461020772"
4252071,,"December 4, 2019, 6:24 PM",Williston,Mountain View Rd,MT. VIEW ROAD,Property Damage Only,"No Turns, Thru moves only, Broadside ^<",Freezing Precipitation,Federal Aid Urban System (Class 2 TH's and 3 TH's only),19WT05363,Williston PD.,2,1,None/Other,Night,Brennan Woods Dr,None,None,,VT0041000,T - Intersection,None,Mountain View Rd,Wet,U5506,"44.46241730559386,-73.09426799604536"
4252273,,"December 4, 2019, 6:58 PM",Essex,I289,VT-289,Property Damage Only,Head On,Cloudy,"State Highway numbered route, State owned",19ES06721,Essex PD.,10,8.3,Deer,Night,West Of Exit 9,None,None,,VT0040200,Not at a Junction,None,I289,Snow,2890,"44.51597688166,-73.10904171218894"
4252056,,"December 5, 2019, 5:47 AM",South Burlington,1242 Airport Pkwy,AIRPORT PARKWAY,Property Damage Only,Other - Explain in Narrative,Freezing Precipitation,Federal Aid Urban System (Class 2 TH's and 3 TH's only),19SB013279,So. Burlington PD.,2,1.23,None/Other,Night,Leisure World Pools,None,None,,VT0040300,Not at a Junction,"Road Surface Condition(wet, icy, snow, slush, etc)",1242 Airport Pkwy,Wet,U5206,"44.48471112775367,-73.16534166034211"
4244856,,"December 5, 2019, 6:24 AM",Milton,178 US RT 7 S,US-7,Property Damage Only,Rear End,Freezing Precipitation,"State Highway numbered route, State owned",19MT008965,Milton PD.,10,4.1,None/Other,Day,Midtown Mobil,None,None,,VT0040600,Not at a Junction,"Road Surface Condition(wet, icy, snow, slush, etc)",178 US RT 7 S,Wet,70,"44.62668209869556,-73.11722352865898"
4252058,,"December 5, 2019, 8:15 AM",Williston,4735 Williston Rd,US-2,Property Damage Only,Rear End,Freezing Precipitation,"State Highway numbered route, State owned",19WT05369,Williston PD.,10,0.37,None/Other,Day,Pastabilities Driveway,None,None,,VT0041000,Not at a Junction,None,4735 Williston Rd,Wet,20,"44.45759217225683,-73.12884253389169"
4252065,,"December 5, 2019, 8:50 AM",Underhill,Poker Hill Road,TOWN ROAD 0003,Property Damage Only,Opp Direction Sideswipe,Freezing Precipitation,"City, Village or Urban Compact Street not in FA Urban Area (Class 2 and 3 Non-Federal Aid)",19A105820,VSP - A1 Williston,6,999.99,None/Other,Day,9 Poker Hill Road,None,None,,VTVSP0100,Not at a Junction,"Road Surface Condition(wet, icy, snow, slush, etc)",Poker Hill Road,Slush,T0003,"44.533731720509515,-72.94364263223527"
4252255,,"December 5, 2019, 3:46 PM",Essex,VT-15,VT-15,Property Damage Only,Rear End,Cloudy,"State Highway numbered route, State owned",19ES06731,Essex PD.,10,0.1,None/Other,Day,King St,None,None,,VT0040200,Not at a Junction,None,VT-15,Dry,150,"44.502813222882175,-73.14731128954989"
4252223,,"December 5, 2019, 4:14 PM",South Burlington,Interstate 89 MM 89,I-89,Property Damage Only,Rear End,Clear,"State Highway numbered route, State owned",19A105828,VSP - A1 Williston,10,89,None/Other,Day,Exit 14,None,None,,VTVSP0100,Not at a Junction,None,Interstate 89 MM 89,Dry,890,"44.47337404859363,-73.1816515265987"
4252257,,"December 5, 2019, 4:26 PM",Williston,2939 St George Rd,VT-2A,Property Damage Only,"Left Turn and Thru, Angle Broadside -->v--",Clear,"State Highway numbered route, State owned",19WT05382,Williston PD.,10,3.04,None/Other,Day,Sandri Gas Station,None,None,,VT0041000,Driveway,None,2939 St George Rd,Dry,21,"44.44040714537953,-73.11448546916459"
4254064,,"December 5, 2019, 5:00 PM",Burlington,Colchester Ave,US-7,Property Damage Only,Rear End,Clear,"State Highway numbered route, Class 1 TH",19BU026756,Burlington PD,11,4.13,None/Other,Night,Winooski Bridge/Riverside Ave,Alcohol,None,,VT0040100,Not at a Junction,None,Colchester Ave,Dry,70,"44.48838724644311,-73.18677983535936"
4253204,,"December 5, 2019, 5:05 PM",South Burlington,Interstate 189 MM .4,I-189,Property Damage Only,Rear End,Clear,Ramp or Spur,19A105829,VSP - A1 Williston,7,0.47,None/Other,Night,Shelburne Road,None,None,,VTVSP0100,Not at a Junction,None,Interstate 189 MM .4,Dry,1890,"44.44921264205744,-73.20102480830215"
4247499,,"December 5, 2019, 6:44 PM",Richmond,1724 Kenyon Rd,TOWN ROAD 0008,Property Damage Only,Single Vehicle Crash,Freezing Precipitation,"City, Village or Urban Compact Street not in FA Urban Area (Class 2 and 3 Non-Federal Aid)",19RM00842,Richmond PD.,6,999.99,None/Other,Night,1724 Kenyon Rd,None,None,,VT0040800,Not at a Junction,"Road Surface Condition(wet, icy, snow, slush, etc)",1724 Kenyon Rd,Ice,T0008,"44.404835110677716,-73.03342001268551"
4252028,,"December 6, 2019, 12:04 PM",South Burlington,1901 US-2,US-2,Property Damage Only,Rear End,Freezing Precipitation,"State Highway numbered route, Class 1 TH",19SB013332,So. Burlington PD.,11,2.12,None/Other,Day,Manny's Autobody,None,None,,VT0040300,Not at a Junction,None,1901 US-2,Wet,20,"44.46118509738916,-73.15037161063137"
4252481,,"December 6, 2019, 12:14 PM",South Burlington,US-2,US-2,Property Damage Only,Same Direction Sideswipe,Cloudy,"State Highway numbered route, Class 1 TH",19SB013333,So. Burlington PD.,11,0.31,None/Other,Day,I- 89,None,None,,VT0040300,Four-way Intersection,None,US-2,Wet,20,"44.47007917928653,-73.18442172976711"
4247537,,"December 6, 2019, 1:08 PM",Winooski City,Winooski Falls Way,E. CANAL ST.,Property Damage Only,Same Direction Sideswipe,Clear,Federal Aid Urban System (Class 2 TH's and 3 TH's only),19WS008388,Winooski PD.,2,0.09,None/Other,Day,Cascade Way,None,None,,VT0040400,Not at a Junction,None,Winooski Falls Way,Dry,U5111,"44.490248878176395,-73.18412812023838"