ObjectID,Mapped,Crash Date,City/Town,Address,AOT Route,Crash Type,Collision Direction,Weather,Road Group,Report Number,Reporting Agency,Road Group ID,AOT Actual Milepoint,Animal,Time of Day,Intersection With,Impairment,Involving,Non Reportable Address,Reporting Agency ID,Road Characteristics,Road Condition,Street Address,Surface Condition,AOT Route ID,Coordinates
4252018,,"December 6, 2019, 3:03 PM",Richmond,1722 Kenyon Road,TOWN ROAD 0008,Property Damage Only,Single Vehicle Crash,Freezing Precipitation,"City, Village or Urban Compact Street not in FA Urban Area (Class 2 and 3 Non-Federal Aid)",19RM00843,Richmond PD.,6,999.99,None/Other,Day,Hinesburg Road,None,None,,VT0040800,Not at a Junction,"Road Surface Condition(wet, icy, snow, slush, etc)",1722 Kenyon Road,Snow,T0008,"44.40175618419772,-73.0410459793439"
4252026,,"December 6, 2019, 3:05 PM",Williston,Talcott Rd,TALCOTT RD,Property Damage Only,Opp Direction Sideswipe,Freezing Precipitation,Street or Town Highways in FA Urban Area,19WT05393,Williston PD.,5,999.99,None/Other,Day,Allen Brook Ln,None,None,,VT0041000,Not at a Junction,"Road Surface Condition(wet, icy, snow, slush, etc)",Talcott Rd,Snow,0,"44.4496228013315,-73.10278891075373"
4252013,,"December 6, 2019, 3:06 PM",Williston,1 Porterwood Drive,PORTERWOOD DR,Property Damage Only,Single Vehicle Crash,Freezing Precipitation,Street or Town Highways in FA Urban Area,19WT05394,Williston PD.,5,999.99,None/Other,Day,,None,None,,VT0041000,T - Intersection,"Road Surface Condition(wet, icy, snow, slush, etc)",1 Porterwood Drive,Snow,0,"44.41998231994279,-73.10032443640274"
4252460,,"December 6, 2019, 4:05 PM",Bolton,2933 Bolton Valley Access Road,BOLTON VALLEY ACCESS RD,Property Damage Only,Rear End,Freezing Precipitation,Federal Aid Secondary System (Class 2 TH),19A105854,VSP - A1 Williston,3,2.91,None/Other,Day,2933 Bolton Valley Access Road,None,None,,VTVSP0100,Not at a Junction,"Road Surface Condition(wet, icy, snow, slush, etc)",2933 Bolton Valley Access Road,Snow,S0223,"44.40853943183282,-72.87084968545199"
4252553,,"December 6, 2019, 5:30 PM",Shelburne,4486 Dorset St,DORSET ST,Property Damage Only,Rear End,Freezing Precipitation,Federal Aid Secondary System (Class 2 TH),19SH05117,Shelburne PD.,3,2.42,None/Other,Night,Sutton Farm Dr,None,None,,VT0040700,Not at a Junction,"Road Surface Condition(wet, icy, snow, slush, etc)",4486 Dorset St,Snow,S0331,"44.40520375825398,-73.17790317766728"
4252078,,"December 6, 2019, 7:23 PM",South Burlington,Williston Rd,US-2,Property Damage Only,Rear End,Cloudy,"State Highway numbered route, Class 1 TH",19SB013354,So. Burlington PD.,11,0.45,None/Other,Night,Dorset St,None,None,,VT0040300,Off Ramp,None,Williston Rd,Dry,20,"44.46932573947967,-73.18179927854897"
4249436,,"December 6, 2019, 8:57 PM",Colchester,COLLEGE PARKWAY,VT-15,Injury,Same Direction Sideswipe,Clear,"State Highway numbered route, State owned",19CC011959,Colchester PD.,10,0.56,None/Other,Night,ST MICHAELS COLLEGE,None,None,,VT0040500,Not at a Junction,"Road Surface Condition(wet, icy, snow, slush, etc)",COLLEGE PARKWAY,Slush,150,"44.494915855436396,-73.16159891583149"
4252135,,"December 7, 2019, 9:45 AM",Huntington,30 Delfrate Rd,TOWN ROAD 0013,Property Damage Only,Single Vehicle Crash,Clear,"City, Village or Urban Compact Street not in FA Urban Area (Class 2 and 3 Non-Federal Aid)",19A105863,VSP - A1 Williston,6,999.99,None/Other,Day,Delfrate Rd,None,None,,VTVSP0100,T - Intersection,"Road Surface Condition(wet, icy, snow, slush, etc)",30 Delfrate Rd,Snow,T0013,"44.32391825956267,-72.96575274014621"
4252009,,"December 7, 2019, 11:26 AM",Williston,ST. GEORGE ROAD,VT-2A,Property Damage Only,Rear End,Cloudy,"State Highway numbered route, State owned",19WT05405,Williston PD.,10,3.33,None/Other,Day,MAPLE TREE PLACE,None,None,,VT0041000,Not at a Junction,None,ST. GEORGE ROAD,Dry,21,"44.44425194659628,-73.11242020130248"
4252008,,"December 7, 2019, 11:43 AM",Shelburne,3155 Shelburne Rd,Unknown,Property Damage Only,Opp Direction Sideswipe,Cloudy,"Other Public Roadway (Rest Areas, Shopping Center - anything open to public)",19SH05127,Shelburne PD.,9,999.99,None/Other,Day,Country Christmas Loft,None,None,,VT0040700,Parking Lot,None,3155 Shelburne Rd,Snow,0,"44.40923505517466,-73.21475294957644"
4247516,,"December 7, 2019, 2:17 PM",Burlington,Pine St,PINE ST.,Injury,"Right Turn and Thru, Same Direction Sideswipe/Angle Crash ^^--",Clear,Federal Aid Urban System (Class 2 TH's and 3 TH's only),19BU026854,Burlington PD,2,1.25,None/Other,Day,Maple St,None,None,,VT0040100,Four-way Intersection,None,Pine St,Dry,U5040,"44.47340536065991,-73.21540500352648"
4252007,,"December 7, 2019, 2:32 PM",Essex,114 West Street,WEST ST.,Injury,"Left Turn and Thru, Broadside v<--",Cloudy,Federal Aid Urban System (Class 2 TH's and 3 TH's only),19ES06762,Essex PD.,2,0.34,None/Other,Day,Whitcomb Woods Driveway,None,None,,VT0040200,T - Intersection,None,114 West Street,Wet,U5304,"44.49475589821046,-73.12862858283474"
4251995,,"December 8, 2019, 5:24 AM",Bolton,VT Route 2,US-2,Injury,Opp Direction Sideswipe,Clear,"State Highway numbered route, State owned",19A105874,VSP - A1 Williston,10,4.68,None/Other,Night,Pineo Brook Road (TH#5),None,Heavy Truck,,VTVSP0100,Not at a Junction,None,VT Route 2,Snow,20,"44.36382599372661,-72.8441313005509"
4245634,,"December 8, 2019, 10:41 AM",Colchester,66 MOUNTAIN VIEW DRIVE,Unknown,Property Damage Only,Other - Explain in Narrative,Cloudy,"Other Public Roadway (Rest Areas, Shopping Center - anything open to public)",19CC012001,Colchester PD.,9,999.99,None/Other,Day,MOUNTAIN VIEW DRIVE,None,None,,VT0040500,Parking Lot,None,66 MOUNTAIN VIEW DRIVE,Dry,0,"44.50904407406404,-73.18088369821747"
4251973,,"December 8, 2019, 12:00 PM",Williston,759 Harvest Lane,HARVEST LN,Property Damage Only,Rear End,Cloudy,Street or Town Highways in FA Urban Area,19WT05413,Williston PD.,5,999.99,None/Other,Day,Marshall Avenue,None,None,,VT0041000,Driveway,None,759 Harvest Lane,Wet,0,"44.443083498753275,-73.11898966171765"
4254267,,"December 8, 2019, 3:02 PM",Williston,1891 South Road,TOWN ROAD 0004,Property Damage Only,Single Vehicle Crash,Cloudy,"City, Village or Urban Compact Street not in FA Urban Area (Class 2 and 3 Non-Federal Aid)",19WT05414,Williston PD.,6,999.99,None/Other,Day,Mud Pond Lane,Alcohol,None,,VT0041000,Not at a Junction,"Road Surface Condition(wet, icy, snow, slush, etc)",1891 South Road,Snow,T0004,"44.41153086763072,-73.07266373216414"
4247917,,"December 8, 2019, 5:44 PM",South Burlington,641 Dorset St,DORSET ST.,Property Damage Only,Rear End,Clear,Federal Aid Urban System (Class 2 TH's and 3 TH's only),19SB013409,So. Burlington PD.,2,2.95,None/Other,Night,Kennedy Dr,None,None,,VT0040300,Four-way Intersection,None,641 Dorset St,Dry,U5208,"44.452582177770886,-73.17863035285485"
4252032,,"December 8, 2019, 5:51 PM",Shelburne,5163 VT-116,VT-116,Property Damage Only,Single Vehicle Crash,Clear,"State Highway numbered route, State owned",19SH05142,Shelburne PD.,10,1.22,None/Other,Night,State Rte 116,None,None,,VT0040700,Not at a Junction,"Road Surface Condition(wet, icy, snow, slush, etc)",5163 VT-116,Snow,1160,"44.401320567190936,-73.14393470457252"
4251632,,"December 9, 2019, 6:52 AM",Colchester,156 ROOSEVELT HIGHWAY,ROOSEVELT HWY,Property Damage Only,Rear End,Cloudy,"Other Public Roadway (Rest Areas, Shopping Center - anything open to public)",19CC012013,Colchester PD.,9,999.99,None/Other,Day,SHELL STATION,None,None,,VT0040500,Parking Lot,None,156 ROOSEVELT HIGHWAY,Wet,0,"44.504165836535904,-73.18169466158169"
4247529,,"December 9, 2019, 11:25 AM",Williston,Harvest Lane,HARVEST LN,Injury,Rear End,Cloudy,Street or Town Highways in FA Urban Area,19WT05430,Williston PD.,5,999.99,None/Other,Day,Marshall Avenue,None,None,,VT0041000,Four-way Intersection,None,Harvest Lane,Dry,0,"44.445971611134254,-73.11746237648754"
4249053,,"December 9, 2019, 12:50 PM",Burlington,Pine St,PINE ST,Property Damage Only,"No Turns, Thru moves only, Broadside ^<",Cloudy,Street or Town Highways in FA Urban Area,19BU026958,Burlington PD,5,999.99,None/Other,Day,Ferguson Ave,None,Heavy Truck,,VT0040100,Four-way Intersection,None,Pine St,Wet,0,"44.454330739987206,-73.21430153118575"
4249441,,"December 9, 2019, 2:03 PM",South Burlington,41 Hinesburg Rd,Unknown,Property Damage Only,Other - Explain in Narrative,Rain,"Other Public Roadway (Rest Areas, Shopping Center - anything open to public)",19SB013437,So. Burlington PD.,9,999.99,None/Other,Day,,None,None,,VT0040300,Parking Lot,None,41 Hinesburg Rd,Wet,0,"44.46602068356731,-73.17198861194912"
4248348,,"December 9, 2019, 2:23 PM",Williston,River Cove Road,RIVER COVE RD,Injury,Single Vehicle Crash,Cloudy,"City, Village or Urban Compact Street not in FA Urban Area (Class 2 and 3 Non-Federal Aid)",19WT05435,Williston PD.,6,999.99,None/Other,Day,Shady Lane,None,None,,VT0041000,T - Intersection,None,River Cove Road,Dry,0,"44.473440192215314,-73.11873231060984"
4253769,,"December 9, 2019, 2:48 PM",Essex,84 Pearl St,VT-15,Injury,Rear End,Rain,"State Highway numbered route, State owned",19ES06797,Essex PD.,10,1.7,None/Other,Day,Roscoe Ct,None,None,,VT0040200,Four-way Intersection,None,84 Pearl St,Wet,150,"44.49428042377074,-73.11972524527161"
4248589,,"December 9, 2019, 3:26 PM",Essex,27 Kellogg Rd,KELLOGG ROAD,Property Damage Only,Rear End,Rain,Federal Aid Urban System (Class 2 TH's and 3 TH's only),19ES06799,Essex PD.,2,0.31,None/Other,Day,,None,Heavy Truck,,VT0040200,Not at a Junction,,27 Kellogg Rd,Wet,U5406,"44.511235922603625,-73.13703132734196"
4247509,,"December 10, 2019, 6:40 AM",Williston,15 Country Ln,COUNTRY LN,Property Damage Only,Rear-to-rear,Cloudy,Street or Town Highways in FA Urban Area,19WT05440,Williston PD.,5,999.99,None/Other,Day,Essex Rd,None,None,,VT0041000,Not at a Junction,None,15 Country Ln,Wet,0,"44.46319386121937,-73.11296915903407"
4248669,,"December 10, 2019, 7:50 AM",Williston,Marshall Avenue,MARSHALL AVE.,Property Damage Only,"No Turns, Thru moves only, Broadside ^<",Cloudy,Federal Aid Urban System (Class 2 TH's and 3 TH's only),19WT05441,Williston PD.,2,0.86,None/Other,Day,Wellness Drive,None,None,,VT0041000,T - Intersection,None,Marshall Avenue,Wet,U5505,"44.445013480707544,-73.12596423856364"
4247866,,"December 10, 2019, 8:28 AM",Colchester,,I-89,Property Damage Only,Same Direction Sideswipe,Cloudy,"State Highway numbered route, State owned",19A105892,VSP - A1 Williston,10,97.64,None/Other,Day,Exit 17 Southbound Onramp,None,None,,VTVSP0100,On Ramp,None,,Dry,890,"44.58681400103114,-73.17162473563424"
4253774,,"December 10, 2019, 11:02 AM",Burlington,351 North Ave,NORTH AVE.,Injury,"No Turns, Thru moves only, Broadside ^<",Cloudy,Federal Aid Urban System (Class 2 TH's and 3 TH's only),19BU027024,Burlington PD,2,0.74,None/Other,Day,351 North Ave,None,Pedestrian,,VT0040100,Not at a Junction,"Road Surface Condition(wet, icy, snow, slush, etc)",351 North Ave,Wet,U5026,"44.49102912805968,-73.22754841213096"
4247044,,"December 10, 2019, 2:48 PM",Hinesburg,VT RTE 116,VT-116,Property Damage Only,Rear End,Clear,"State Highway numbered route, State owned",19HB01324,Hinesburg PD.,10,4.69,None/Other,Day,KELLEYS FIELD ROAD,None,None,,VT0041200,Not at a Junction,None,VT RTE 116,Dry,1160,"44.330792364209536,-73.11056619048549"
4247468,,"December 10, 2019, 3:09 PM",Williston,Saint George Road,VT-2A,Property Damage Only,Rear End,Cloudy,"State Highway numbered route, State owned",19WT05451,Williston PD.,10,3,None/Other,Day,Interstate 89 North Bound On-Ramp At Exit 12,None,None,,VT0041000,Four-way Intersection,None,Saint George Road,Dry,21,"44.439879201608036,-73.11477853350053"
4253766,,"December 11, 2019, 5:20 AM",Essex,Central St,CENTRAL ST,Property Damage Only,Other - Explain in Narrative,Cloudy,Street or Town Highways in FA Urban Area,19ES06829,Essex PD.,5,999.99,None/Other,Night,North St,None,Heavy Truck,,VT0040200,T - Intersection,None,Central St,Dry,0,"44.493957615875715,-73.10724368529566"
4247462,,"December 11, 2019, 9:49 AM",St. George,VT RT 116,VT-116,Injury,"Left Turns, Opposite Directions, Head On/Angle Crash --^v--",Clear,"State Highway numbered route, State owned",19A105917,VSP - A1 Williston,10,1.59,None/Other,Day,South Brownell Road,None,None,,VTVSP0100,Y - Intersection,None,VT RT 116,Dry,1160,"44.40068198836084,-73.14056603347213"
4247444,,"December 11, 2019, 11:34 AM",South Burlington,155 Dorset St,DORSET ST.,Property Damage Only,Same Direction Sideswipe,Clear,Federal Aid Urban System (Class 2 TH's and 3 TH's only),19SB013515,So. Burlington PD.,2,3.82,None/Other,Day,University Mall,None,None,,VT0040300,Not at a Junction,,155 Dorset St,Dry,U5208,"44.46504313359114,-73.18098889347891"
4249058,,"December 11, 2019, 1:57 PM",Williston,BLAIR PARK,BLAIR PARK RD,Property Damage Only,Rear End,Cloudy,Street or Town Highways in FA Urban Area,19WT05467,Williston PD.,5,999.99,None/Other,Day,WILLISTON ROAD,None,None,,VT0041000,Four-way Intersection,None,BLAIR PARK,Dry,0,"44.452380662882405,-73.11720323652678"
4245991,,"December 11, 2019, 2:29 PM",Burlington,70 S Williams St,S WILLIAMS ST,Property Damage Only,Rear End,Cloudy,Street or Town Highways in FA Urban Area,19BU027134,Burlington PD,5,999.99,None/Other,Day,College St,None,None,,VT0040100,Not at a Junction,None,70 S Williams St,Dry,0,"44.4776230211282,-73.2030817691004"
4247450,,"December 11, 2019, 3:06 PM",Essex,Jericho Rd,VT-2A,Property Damage Only,Rear End,Cloudy,"State Highway numbered route, State owned",19ES06848,Essex PD.,10,2.58,None/Other,Day,Allen Martin,None,None,,VT0040200,T - Intersection,None,Jericho Rd,Wet,21,"44.51660488475055,-73.12316724335953"
4247045,,"December 12, 2019, 6:49 AM",Colchester,I-89,I-89,Property Damage Only,Rear End,Clear,"State Highway numbered route, State owned",19A105931,VSP - A1 Williston,10,97.6,None/Other,Day,Roosevelt Hwy,None,None,,VTVSP0100,Not at a Junction,"Road Surface Condition(wet, icy, snow, slush, etc)",I-89,Wet,890,"44.58631653724456,-73.17200978089863"
4253146,,"December 12, 2019, 9:37 AM",Burlington,255 S Champlain St,Unknown,Property Damage Only,Opp Direction Sideswipe,Clear,Street or Town Highways in FA Urban Area,19BU027182,Burlington PD,5,999.99,None/Other,Day,S Champlain St,None,None,,VT0040100,Not at a Junction,None,255 S Champlain St,Dry,0,"44.47216847283255,-73.21705211361177"
4244915,,"December 12, 2019, 11:28 AM",Burlington,East Ave,EAST AVE.,Property Damage Only,"Left Turn and Thru, Same Direction Sideswipe/Angle Crash vv--",Cloudy,Federal Aid Urban System (Class 2 TH's and 3 TH's only),19BU027193,Burlington PD,2,0.11,None/Other,Day,East Ave Connector,None,None,,VT0040100,Other - Explain in Narrative,None,East Ave,Dry,U5016,"44.47414521278484,-73.19051268903168"
4253722,,"December 12, 2019, 3:36 PM",South Burlington,Country Park,HINESBURG RD,Property Damage Only,Rear End,Clear,"Other Public Roadway (Rest Areas, Shopping Center - anything open to public)",19SB013567,So. Burlington PD.,9,999.99,None/Other,Day,Wellesley Grove,None,None,,VT0040300,Four-way Intersection,None,Country Park,Dry,0,"44.45329438978084,-73.16292196426856"
4254173,,"December 12, 2019, 8:18 PM",Shelburne,4785 Dorset St,DORSET ST,Property Damage Only,Single Vehicle Crash,Clear,Minor Collector - Non Fed Aid Rural TH,19SH05215,Shelburne PD.,4,999.99,None/Other,Night,Butternut Ln,None,None,,VT0040700,Not at a Junction,None,4785 Dorset St,Dry,S0840,"44.400896923284776,-73.17709246950598"
4254304,,"December 13, 2019, 9:01 AM",Williston,4500 WILLISTON ROAD,US-2,Property Damage Only,Rear End,Clear,"State Highway numbered route, State owned",19WT05484,Williston PD.,10,2.27,None/Other,Day,,None,None,,VT0041000,Not at a Junction,None,4500 WILLISTON ROAD,Dry,20,"44.44336323737738,-73.09617836401294"
4253657,,"December 13, 2019, 9:03 AM",South Burlington,Williston Road,US-2,Property Damage Only,Rear End,Clear,"State Highway numbered route, Class 1 TH",19SB013601,So. Burlington PD.,11,0.48,None/Other,Day,Dorset Street,None,None,,VT0040300,Four-way Intersection,None,Williston Road,Dry,20,"44.4691717245861,-73.18123938105721"
4251722,,"December 14, 2019, 1:59 AM",Burlington,75 Elmwood Ave,ELMWOOD AVE,Property Damage Only,Single Vehicle Crash,Clear,Street or Town Highways in FA Urban Area,19BU027331,Burlington PD,5,999.99,None/Other,Night,Peru St,None,None,,VT0040100,T - Intersection,Unknown,75 Elmwood Ave,Unknown,0,"44.4826368443837,-73.21370840980299"
4252106,,"December 14, 2019, 10:12 AM",Burlington,Riverside Ave,US-7,Property Damage Only,Rear End,Clear,"State Highway numbered route, Class 1 TH",19BU027344,Burlington PD,11,3.21,None/Other,Day,Intervale Rd,None,None,,VT0040100,Not at a Junction,None,Riverside Ave,Wet,70,"44.48903601192058,-73.20259153626188"
4253621,,"December 14, 2019, 11:35 AM",Williston,364 ESSEX ROAD,VT-2A,Property Damage Only,Rear End,Clear,"State Highway numbered route, State owned",19WT05505,Williston PD.,10,5.63,None/Other,Day,,None,None,,VT0041000,Not at a Junction,None,364 ESSEX ROAD,Dry,21,"44.47712007003698,-73.11346258696564"
4252200,,"December 14, 2019, 11:59 AM",Williston,364 Essex Rd,VT-2A,Property Damage Only,Rear End,Clear,"State Highway numbered route, State owned",19WT05506,Williston PD.,10,5.63,None/Other,Day,Eastview Cir,None,None,,VT0041000,Not at a Junction,None,364 Essex Rd,Dry,21,"44.47712007003698,-73.11346258696564"
4253672,,"December 14, 2019, 12:02 PM",Williston,MAPLE TREE PLACE,MAPLE TREE PL,Property Damage Only,Same Direction Sideswipe,Clear,Street or Town Highways in FA Urban Area,19WT05507,Williston PD.,5,999.99,None/Other,Day,JUNIPER LANE,None,None,,VT0041000,Not at a Junction,None,MAPLE TREE PLACE,Wet,0,"44.443803188970605,-73.11068100824328"
4253617,,"December 14, 2019, 12:39 PM",Williston,150 Retail Way,Unknown,Property Damage Only,Rear-to-rear,Cloudy,"Other Public Roadway (Rest Areas, Shopping Center - anything open to public)",19WT05508,Williston PD.,9,999.99,None/Other,Day,AC Moore Parking Lot,None,None,,VT0041000,Parking Lot,None,150 Retail Way,Dry,0,"44.44446514502431,-73.11478326601842"
4253227,,"December 14, 2019, 3:00 PM",Williston,ST. GEORGE ROAD,VT-2A,Property Damage Only,Rear End,Clear,"State Highway numbered route, State owned",19WT05648,Williston PD.,10,3.54,None/Other,Day,CONNOR WAY,None,None,,VT0041000,Not at a Junction,None,ST. GEORGE ROAD,Dry,21,"44.44705339508315,-73.11099337838093"
4252383,,"December 14, 2019, 4:20 PM",Williston,863 Harvest Lane,Unknown,Property Damage Only,Single Vehicle Crash,Clear,"Other Public Roadway (Rest Areas, Shopping Center - anything open to public)",19WT05511,Williston PD.,9,999.99,None/Other,Day,Walmart Parking Lot,None,None,,VT0041000,Parking Lot,None,863 Harvest Lane,Dry,0,"44.4418842424912,-73.12107483652179"
4253238,,"December 14, 2019, 5:58 PM",Essex,204 Colchester Rd,VT-2A,Injury,Single Vehicle Crash,Rain,"State Highway numbered route, State owned",19ES06899,Essex PD.,10,2.58,None/Other,Night,Gardenside Ln,Alcohol,None,,VT0040200,T - Intersection,None,204 Colchester Rd,Wet,21,"44.51660488475055,-73.12316724335953"
4251628,,"December 15, 2019, 12:46 AM",Burlington,416 St Paul St,ST. PAUL ST.,Property Damage Only,Rear End,Clear,Federal Aid Urban System (Class 2 TH's and 3 TH's only),19BU027393,Burlington PD,2,0.1,None/Other,Night,S Winooski Ave,Alcohol,None,,VT0040100,Not at a Junction,None,416 St Paul St,Wet,U5046,"44.468508815332065,-73.21082145496554"
4248222,,"December 15, 2019, 10:41 AM",Milton,530 US RT 7 S,US-7,Property Damage Only,Single Vehicle Crash,Cloudy,"State Highway numbered route, State owned",19MT009197,Milton PD.,10,2.27,None/Other,Day,Eco Car Wash,None,None,,VT0040600,Other - Explain in Narrative,None,530 US RT 7 S,Wet,70,"44.62542683663643,-73.14656882679098"
4252230,,"December 15, 2019, 1:54 PM",Colchester,TANGLEWOOD DRIVE,TANGLEWOOD DR,Injury,"Right Turn and Thru, Angle Broadside -->^--",Cloudy,Street or Town Highways in FA Urban Area,19CC012235,Colchester PD.,5,999.99,None/Other,Day,COLCHESTER POINT ROAD,None,Bicycle,,VT0040500,T - Intersection,None,TANGLEWOOD DRIVE,Wet,0,"44.54394439402751,-73.27730507179236"
4254293,,"December 15, 2019, 2:10 PM",Westford,632 VT-104,VT-104,Property Damage Only,Single Vehicle Crash,Freezing Precipitation,"State Highway numbered route, State owned",19A205996,VSP - A2 St. Albans,10,3,None/Other,Day,Arbor Meadow Rd,None,None,,VTVSP0700,Not at a Junction,"Road Surface Condition(wet, icy, snow, slush, etc)",632 VT-104,Ice,1040,"44.64627543333727,-72.98180928051856"
4244885,,"December 15, 2019, 2:45 PM",Westford,662 VT-104,VT-104,Property Damage Only,Opp Direction Sideswipe,Freezing Precipitation,"State Highway numbered route, State owned",19A205997,VSP - A2 St. Albans,10,2.86,None/Other,Day,Arbor Meadow Rd,None,None,,VTVSP0700,Not at a Junction,"Road Surface Condition(wet, icy, snow, slush, etc)",662 VT-104,Ice,1040,"44.646150499955276,-72.97901452670922"
4247078,,"December 15, 2019, 3:25 PM",Williston,Williston Road,US-2,Property Damage Only,Head On,Freezing Precipitation,"State Highway numbered route, State owned",19WT05525,Williston PD.,10,3.74,None/Other,Day,Oak Hill Road,None,None,,VT0041000,Four-way Intersection,"Road Surface Condition(wet, icy, snow, slush, etc)",Williston Road,Snow,20,"44.437482376077874,-73.06815230146587"
4247061,,"December 15, 2019, 3:45 PM",Richmond,357 E Main St,US-2,Property Damage Only,Single Vehicle Crash,Freezing Precipitation,"State Highway numbered route, State owned",19A105988,VSP - A1 Williston,10,3.04,None/Other,Day,E Main St,None,None,,VTVSP0100,Not at a Junction,"Road Surface Condition(wet, icy, snow, slush, etc)",357 E Main St,Ice,20,"44.401774513445815,-72.98765078523114"
4254217,,"December 15, 2019, 3:46 PM",Jericho,Route 15,VT-15,Property Damage Only,Rear End,Freezing Precipitation,"State Highway numbered route, State owned",19A105986,VSP - A1 Williston,10,3.43,None/Other,Day,Raceway Road,None,None,,VTVSP0100,Not at a Junction,"Road Surface Condition(wet, icy, snow, slush, etc)",Route 15,Ice,150,"44.52061071747486,-72.94771921617786"
4249074,,"December 15, 2019, 4:02 PM",Williston,North Williston Road,MT. VIEW ROAD,Property Damage Only,Rear End,Freezing Precipitation,Federal Aid Urban System (Class 2 TH's and 3 TH's only),19WT05527,Williston PD.,2,1.01,None/Other,Day,Mountain View Road,None,None,,VT0041000,Four-way Intersection,"Road Surface Condition(wet, icy, snow, slush, etc)",North Williston Road,Snow,U5506,"44.462363536233674,-73.09408693767999"
4247031,,"December 15, 2019, 4:08 PM",Williston,Williston Road,US-2,Property Damage Only,Same Direction Sideswipe,Freezing Precipitation,"State Highway numbered route, State owned",19WT05528,Williston PD.,10,0.7,None/Other,Day,South Brownell Road,None,None,,VT0041000,Four-way Intersection,"Road Surface Condition(wet, icy, snow, slush, etc)",Williston Road,Ice,20,"44.454998046642764,-73.12324644458225"
4253208,,"December 15, 2019, 4:16 PM",Williston,I89 NB MM 80.8,I-89,Property Damage Only,Same Direction Sideswipe,Freezing Precipitation,"State Highway numbered route, State owned",19A105992,VSP - A1 Williston,10,80.8,None/Other,Day,Mile Marker 80.8,None,None,,VTVSP0100,Not at a Junction,"Road Surface Condition(wet, icy, snow, slush, etc)",I89 NB MM 80.8,Ice,890,"44.43345137138555,-73.05303456411993"
4248647,,"December 15, 2019, 4:29 PM",Williston,1079 North Williston Road,NO. WILLISTON ROAD,Property Damage Only,Rear End,Freezing Precipitation,Federal Aid Urban System (Class 2 TH's and 3 TH's only),19WT05529,Williston PD.,2,1.1,None/Other,Day,Mountain View Road,None,None,,VT0041000,Four-way Intersection,"Road Surface Condition(wet, icy, snow, slush, etc)",1079 North Williston Road,Snow,U5508,"44.45165026646298,-73.05891632072368"
4247076,,"December 16, 2019, 7:00 AM",Essex,13 Jericho Rd,VT-15,Property Damage Only,"Left Turn and Thru, Angle Broadside -->v--",Clear,"State Highway numbered route, State owned",19ES06930,Essex PD.,10,5.51,None/Other,Day,Alder Ln,None,None,,VT0040200,Not at a Junction,None,13 Jericho Rd,Dry,150,"44.510056050718845,-73.05693887014273"
4247052,,"December 16, 2019, 7:09 AM",South Burlington,142 TW Twin Oaks Terr,Unknown,Property Damage Only,Rear-to-rear,Clear,"Other Public Roadway (Rest Areas, Shopping Center - anything open to public)",19SB013695,So. Burlington PD.,9,999.99,None/Other,Day,,None,None,,VT0040300,Parking Lot,None,142 TW Twin Oaks Terr,Dry,0,"44.45188409939723,-73.17171340607564"
4247035,,"December 16, 2019, 11:31 AM",South Burlington,155 Dorset St,Unknown,Property Damage Only,Same Direction Sideswipe,Cloudy,"Other Public Roadway (Rest Areas, Shopping Center - anything open to public)",19SB013712,So. Burlington PD.,9,999.99,None/Other,Day,University Mall Parking Lot,None,None,,VT0040300,Parking Lot,None,155 Dorset St,Dry,0,"44.46351647094084,-73.18300587178514"
4247117,,"December 16, 2019, 2:46 PM",South Burlington,Interstate 89,I-89,Injury,Rear End,Freezing Precipitation,Ramp or Spur,19A105979,VSP - A1 Williston,7,0.21,None/Other,Day,Exit 14 Northbound East Offramp,None,None,,VTVSP0100,Off Ramp,"Road Surface Condition(wet, icy, snow, slush, etc)",Interstate 89,Snow,890,"44.46921227069969,-73.18231203794792"
4244866,,"December 16, 2019, 3:23 PM",Milton,US Rt 7,US-7,Property Damage Only,Rear End,Cloudy,"State Highway numbered route, State owned",19MT009225,Milton PD.,10,1.48,None/Other,Day,Andrea Ln,None,None,,VT0040600,T - Intersection,None,US Rt 7,Dry,70,"44.614679071921124,-73.15196077270916"
4244914,,"December 16, 2019, 4:55 PM",South Burlington,White Street,WHITE ST.,Property Damage Only,Rear End,Clear,Federal Aid Urban System (Class 2 TH's and 3 TH's only),19SB013724,So. Burlington PD.,2,0.13,None/Other,Day,Patchen Road,None,None,,VT0040300,Four-way Intersection,None,White Street,Dry,U5226,"44.46828217227263,-73.17167337575135"
4252520,,"December 16, 2019, 8:09 PM",Burlington,165 Intervale Ave,INTERVALE AVE,Property Damage Only,Rear-to-rear,Clear,Street or Town Highways in FA Urban Area,19BU027510,Burlington PD,5,999.99,None/Other,Night,Riverside Ave,None,None,,VT0040100,Not at a Junction,None,165 Intervale Ave,Wet,0,"44.48943825380755,-73.20981638912292"