ObjectID,Mapped,Crash Date,City/Town,Address,AOT Route,Crash Type,Collision Direction,Weather,Road Group,Report Number,Reporting Agency,Road Group ID,AOT Actual Milepoint,Animal,Time of Day,Intersection With,Impairment,Involving,Non Reportable Address,Reporting Agency ID,Road Characteristics,Road Condition,Street Address,Surface Condition,AOT Route ID,Coordinates
4244922,,"December 16, 2019, 8:20 PM",Burlington,166 North St,NORTH ST.,Property Damage Only,Head On,Clear,Federal Aid Urban System (Class 2 TH's and 3 TH's only),19BU027511,Burlington PD,2,0.35,None/Other,Night,Lafountain St,None,None,,VT0040100,Not at a Junction,None,166 North St,Dry,U5032,"44.484693011350174,-73.21531391563566"
4253260,,"December 16, 2019, 11:00 PM",Williston,300 Interstate Corporate Center,Unknown,Property Damage Only,Opp Direction Sideswipe,Freezing Precipitation,"Other Public Roadway (Rest Areas, Shopping Center - anything open to public)",19WT05574,Williston PD.,9,999.99,None/Other,,Williston Road,None,None,,VT0041000,Parking Lot,Unknown,300 Interstate Corporate Center,Wet,0,"44.44937645817596,-73.11188235905293"
4254534,,"December 17, 2019, 1:50 AM",Bolton,Mm 73.4,I-89,Injury,Single Vehicle Crash,Clear,"State Highway numbered route, State owned",19A106025,VSP - A2 St. Albans,10,73.4,None/Other,Night,,None,Heavy Truck,,VTVSP0700,Not at a Junction,"Road Surface Condition(wet, icy, snow, slush, etc)",Mm 73.4,Dry,890,"44.383967146508056,-72.93286587370856"
4244902,,"December 17, 2019, 9:38 AM",Milton,MM 101,I-89,Property Damage Only,Single Vehicle Crash,Freezing Precipitation,"State Highway numbered route, State owned",19A106029,VSP - A1 Williston,10,101.44,None/Other,Day,Lamoille River Bridge,None,None,,VTVSP0100,Not at a Junction,"Road Surface Condition(wet, icy, snow, slush, etc)",MM 101,Snow,890,"44.63429466423884,-73.14146364166787"
4244903,,"December 17, 2019, 10:16 AM",South Burlington,Ethan Allen Drive,AIRPORT PARKWAY,Injury,Head On,Freezing Precipitation,Federal Aid Urban System (Class 2 TH's and 3 TH's only),19SB013746,So. Burlington PD.,2,1.39,None/Other,Day,Lime Kiln Road,None,None,,VT0040300,Other - Explain in Narrative,"Road Surface Condition(wet, icy, snow, slush, etc)",Ethan Allen Drive,Snow,U5206,"44.48545822453868,-73.16241130257731"
4247872,,"December 17, 2019, 10:24 AM",Burlington,Barrett St,BARRETT ST.,Property Damage Only,Same Direction Sideswipe,Freezing Precipitation,Federal Aid Urban System (Class 2 TH's and 3 TH's only),19BU027541,Burlington PD,2,0,None/Other,Day,Colchester Ave,None,None,,VT0040100,Not at a Junction,None,Barrett St,Snow,U5004,"44.487670034870405,-73.18410585005923"
4251779,,"December 17, 2019, 1:39 PM",Colchester,East Lakeshore Drive,E. LAKESHORE DR.,Property Damage Only,Rear End,Freezing Precipitation,Federal Aid Urban System (Class 2 TH's and 3 TH's only),19CC012315,Colchester PD.,2,0.76,None/Other,Day,766 East Lakeshore Drive,None,Heavy Truck,,VT0040500,Not at a Junction,None,East Lakeshore Drive,Snow,U5618,"44.54797838499169,-73.20135867140533"
4245603,,"December 17, 2019, 1:47 PM",Williston,Williston Road,US-2,Property Damage Only,Rear End,Freezing Precipitation,"State Highway numbered route, State owned",19WT05571,Williston PD.,10,0.88,None/Other,Day,Commerce Street,None,None,,VT0041000,T - Intersection,"Road Surface Condition(wet, icy, snow, slush, etc)",Williston Road,Snow,20,"44.4536591055888,-73.12020509665419"
4244742,,"December 17, 2019, 3:15 PM",Essex,161 Sand Hill Rd,SAND HILL ROAD,Injury,Other - Explain in Narrative,Freezing Precipitation,Federal Aid Urban System (Class 2 TH's and 3 TH's only),19ES06957,Essex PD.,2,1.56,None/Other,Day,Maplelawn Dr,Alcohol,Pedestrian,,VT0040200,Not at a Junction,"Road Surface Condition(wet, icy, snow, slush, etc)",161 Sand Hill Rd,Snow,U5402,"44.50060849369902,-73.04912492450063"
4248513,,"December 17, 2019, 4:01 PM",Burlington,College St,US-7,Property Damage Only,Rear End,Freezing Precipitation,"State Highway numbered route, Class 1 TH",19BU027565,Burlington PD,11,2.21,None/Other,Day,S Willard St,None,None,,VT0040100,Four-way Intersection,"Road Surface Condition(wet, icy, snow, slush, etc)",College St,Snow,70,"44.47746708954113,-73.20554156103437"
4248169,,"December 17, 2019, 7:50 PM",Shelburne,6028 Spear St,SPEAR ST,Property Damage Only,Single Vehicle Crash,Freezing Precipitation,Minor Collector - Non Fed Aid Rural TH,19SH05307,Shelburne PD.,4,999.99,None/Other,Night,Bishop Rd,None,None,,VT0040700,T - Intersection,"Road Surface Condition(wet, icy, snow, slush, etc)",6028 Spear St,Snow,S0672,"44.38712851329056,-73.20080417185534"
4249643,,"December 17, 2019, 9:20 PM",South Burlington,Quarry Hill Rd,QUARRY HILL RD,Property Damage Only,Single Vehicle Crash,Freezing Precipitation,Street or Town Highways in FA Urban Area,19SB013770,So. Burlington PD.,5,999.99,None/Other,Night,Spear Street,None,None,,VT0040300,T - Intersection,"Road Surface Condition(wet, icy, snow, slush, etc)",Quarry Hill Rd,Snow,0,"44.46341577519549,-73.19077080583627"
4244910,,"December 18, 2019, 5:31 AM",Williston,Talcott Road,TALCOTT RD,Property Damage Only,Single Vehicle Crash,Freezing Precipitation,Street or Town Highways in FA Urban Area,19WT05576,Williston PD.,5,999.99,None/Other,Night,Seth Cir,None,None,,VT0041000,Not at a Junction,"Road Surface Condition(wet, icy, snow, slush, etc)",Talcott Road,Slush,0,"44.44578008982655,-73.10106598308384"
4254635,,"December 18, 2019, 6:35 AM",Colchester,US Route 2,US-2,Injury,Other - Explain in Narrative,Freezing Precipitation,"State Highway numbered route, State owned",19CC012334,Colchester PD.,10,0.07,None/Other,Day,Lamoille River Bridge,None,None,,VT0040500,Not at a Junction,"Road Surface Condition(wet, icy, snow, slush, etc)",US Route 2,Slush,20,"44.60258816588481,-73.20425409995292"
4248438,,"December 18, 2019, 7:10 AM",South Burlington,1030 Shelburne Rd,US-7,Property Damage Only,Rear End,Cloudy,"State Highway numbered route, State owned",19SB013775,So. Burlington PD.,10,1.36,None/Other,Day,Shearer Volkswagen,None,None,,VT0040300,Not at a Junction,"Road Surface Condition(wet, icy, snow, slush, etc)",1030 Shelburne Rd,Snow,70,"44.44046357208778,-73.21003297562476"
4252231,,"December 18, 2019, 11:14 AM",Williston,St George Road,VT-2A,Property Damage Only,Same Direction Sideswipe,Clear,"State Highway numbered route, State owned",19WT05583,Williston PD.,10,3.34,None/Other,Day,Marshall Avenue,None,None,,VT0041000,Four-way Intersection,None,St George Road,Dry,21,"44.44438513597905,-73.11234820268925"
4247649,,"December 18, 2019, 12:48 PM",Burlington,S Willard St,US-7,Property Damage Only,"No Turns, Thru moves only, Broadside ^<",Cloudy,"State Highway numbered route, Class 1 TH",19BU027630,Burlington PD,11,2.21,None/Other,Day,College St,None,None,,VT0040100,Four-way Intersection,None,S Willard St,Snow,70,"44.47746708954113,-73.20554156103437"
4252167,,"December 18, 2019, 12:48 PM",Williston,115 Trader Lane,Unknown,Property Damage Only,Same Direction Sideswipe,Freezing Precipitation,"Other Public Roadway (Rest Areas, Shopping Center - anything open to public)",19WT05585,Williston PD.,9,999.99,None/Other,Day,Bed Bath & Beyond,None,None,,VT0041000,Parking Lot,"Road Surface Condition(wet, icy, snow, slush, etc)",115 Trader Lane,Snow,0,"44.44592074494833,-73.11655769612399"
4246886,,"December 18, 2019, 1:01 PM",Hinesburg,9271 VT Rt 116,VT-116,Property Damage Only,Head On,Clear,"State Highway numbered route, State owned",19HB01348,Hinesburg PD.,10,5.96,None/Other,Day,116 And Place Road West,None,None,,VT0041200,Not at a Junction,,9271 VT Rt 116,Dry,1160,"44.34794099336201,-73.11794699590594"
4247026,,"December 18, 2019, 1:51 PM",South Burlington,Hinesburg Road,VT-116,Property Damage Only,Rear End,Freezing Precipitation,"State Highway numbered route, State owned",19SB013784,So. Burlington PD.,10,3.83,None/Other,Day,Simpson Ct,None,None,,VT0040300,T - Intersection,"Road Surface Condition(wet, icy, snow, slush, etc)",Hinesburg Road,Snow,1160,"44.46097693966453,-73.1701741560138"
4246592,,"December 18, 2019, 2:20 PM",Williston,St George Rd,VT-2A,Property Damage Only,Rear End,Clear,"State Highway numbered route, State owned",19WT05586,Williston PD.,10,3.72,None/Other,Day,Williston Road,None,None,,VT0041000,Four-way Intersection,None,St George Rd,Snow,21,"44.449595055814854,-73.11097148468568"
4253297,,"December 18, 2019, 2:45 PM",Burlington,585 Pine St,PINE ST.,Injury,"No Turns, Thru moves only, Broadside ^<",Freezing Precipitation,Federal Aid Urban System (Class 2 TH's and 3 TH's only),19BU027640,Burlington PD,2,0.57,None/Other,Day,Pine St,None,Pedestrian,,VT0040100,T - Intersection,None,585 Pine St,Wet,U5040,"44.46371933264633,-73.21473866178248"
4251757,,"December 18, 2019, 3:13 PM",Burlington,Shelburne Rd,US-7,Property Damage Only,"No Turns, Thru moves only, Broadside ^<",Cloudy,"State Highway numbered route, State owned",19BU027641,Burlington PD,10,0.61,None/Other,Day,Proctor Ave,None,None,,VT0040100,T - Intersection,None,Shelburne Rd,Unknown,70,"44.454491724339036,-73.20865569111588"
4248258,,"December 18, 2019, 4:49 PM",Underhill,252 River Rd.,RIVER RD,Property Damage Only,Single Vehicle Crash,Freezing Precipitation,Federal Aid Secondary System (Class 2 TH),19A106061,VSP - A1 Williston,3,1.96,None/Other,Day,Sand Hill Rd,Alcohol,None,,VTVSP0100,Not at a Junction,"Road Surface Condition(wet, icy, snow, slush, etc)",252 River Rd.,Snow,S0233,"44.510687773066074,-72.90590893072944"
4244873,,"December 18, 2019, 5:03 PM",South Burlington,University Mall at Sears,UNIVERSITY MALL,Property Damage Only,Same Direction Sideswipe,Clear,"Other Public Roadway (Rest Areas, Shopping Center - anything open to public)",19SB013803,So. Burlington PD.,9,999.99,None/Other,Night,San Remo Dr,None,None,,VT0040300,Four-way Intersection,None,University Mall at Sears,Dry,0,"44.463262486372415,-73.18183422717337"
4244848,,"December 18, 2019, 8:49 PM",South Burlington,Interstate 89N,I-89,Injury,Rear End,Rain,"State Highway numbered route, State owned",19A105972,VSP - A1 Williston,10,88.08,None/Other,Night,Mile Marker 88.2,Alcohol,None,,VTVSP0100,,"Road Surface Condition(wet, icy, snow, slush, etc)",Interstate 89N,,890,"44.46075675808561,-73.18498743384728"
4244857,,"December 19, 2019, 7:41 AM",Huntington,Mayo Road,TOWN ROAD 0003,Property Damage Only,Single Vehicle Crash,Cloudy,"City, Village or Urban Compact Street not in FA Urban Area (Class 2 and 3 Non-Federal Aid)",19A106066,VSP - A1 Williston,6,999.99,None/Other,Day,Box 1405 And Box 1414,None,None,,VTVSP0100,Not at a Junction,"Road Surface Condition(wet, icy, snow, slush, etc)",Mayo Road,Snow,T0003,"44.352086529447114,-72.98960624808099"
4252001,,"December 19, 2019, 7:43 AM",Burlington,1127 North Ave,NORTH AVE.,Property Damage Only,Rear End,Clear,Federal Aid Urban System (Class 2 TH's and 3 TH's only),19BU027674,Burlington PD,2,2.23,None/Other,Day,Ethan Allen Shopping Center,None,None,,VT0040100,Four-way Intersection,None,1127 North Ave,Dry,U5026,"44.50708414540975,-73.24505990747326"
4253306,,"December 19, 2019, 1:54 PM",South Burlington,99 Westview Dr,WESTVIEW DR,Property Damage Only,Rear-to-rear,Clear,Street or Town Highways in FA Urban Area,19SB013835,So. Burlington PD.,5,999.99,None/Other,Day,Spear St,None,None,,VT0040300,Not at a Junction,"Road Surface Condition(wet, icy, snow, slush, etc)",99 Westview Dr,Snow,0,"44.42428370964001,-73.19705352168239"
4253270,,"December 19, 2019, 3:54 PM",South Burlington,Ethan Allen Dr,AIRPORT PARKWAY,Property Damage Only,"Left Turn and Thru, Angle Broadside -->v--",Clear,Federal Aid Urban System (Class 2 TH's and 3 TH's only),19SB013840,So. Burlington PD.,2,1.39,None/Other,Day,Lime Rock Rd,None,None,,VT0040300,Four-way Intersection,None,Ethan Allen Dr,Dry,U5206,"44.48545822453868,-73.16241130257731"
4252568,,"December 19, 2019, 6:14 PM",Winooski City,Main St,US-7,Property Damage Only,"Right Turn and Thru, Broadside ^<--",Cloudy,"State Highway numbered route, Class 1 TH",19WS008652,Winooski PD.,11,0.16,None/Other,Night,W Center St,None,None,,VT0040400,Traffic circle / roundabout,None,Main St,Dry,70,"44.490847563293855,-73.18640565471719"
4252263,,"December 20, 2019, 9:48 AM",Williston,21 Zephyr Road,ZEPHYR RD,Property Damage Only,Rear End,Clear,Street or Town Highways in FA Urban Area,19WT05618,Williston PD.,5,999.99,None/Other,Day,Essex Rd,None,None,,VT0041000,Not at a Junction,None,21 Zephyr Road,,0,"44.453692764388144,-73.1108468875716"
4251591,,"December 20, 2019, 12:08 PM",Milton,9 Sawyer Ave,SAWYER AVE,Property Damage Only,Single Vehicle Crash,Clear,Street or Town Highways in FA Urban Area,19MT009321,Milton PD.,5,999.99,None/Other,Day,Murray Ave,None,None,,VT0040600,Not at a Junction,None,9 Sawyer Ave,Snow,0,"44.68483362972985,-73.14132214228034"
4253144,,"December 20, 2019, 2:13 PM",Essex,135 Sunderland Way,SUNDERLAND WAY,Property Damage Only,"Left Turn and Thru, Angle Broadside -->v--",Clear,Street or Town Highways in FA Urban Area,19ES07020,Essex PD.,5,999.99,None/Other,Day,,None,None,,VT0040200,Other - Explain in Narrative,None,135 Sunderland Way,Dry,0,"44.50512511361578,-73.13712577214794"
4252063,,"December 20, 2019, 2:55 PM",Williston,MAPLE TREE PLACE,MAPLE TREE PL,Property Damage Only,"Left Turn and Thru, Broadside v<--",Cloudy,Street or Town Highways in FA Urban Area,19WT05627,Williston PD.,5,999.99,None/Other,Day,WALNUT STREET,None,None,,VT0041000,T - Intersection,None,MAPLE TREE PLACE,Dry,0,"44.44504253376193,-73.10779196383857"
4252238,,"December 20, 2019, 3:34 PM",Charlotte,Rt. 7,US-7,Property Damage Only,Rear End,Clear,"State Highway numbered route, State owned",19A106086,VSP - A1 Williston,10,3.43,None/Other,Day,Ferry Rd.,None,None,,VTVSP0100,Four-way Intersection,None,Rt. 7,Dry,70,"44.31129531793481,-73.24703128482241"
4253269,,"December 20, 2019, 3:40 PM",South Burlington,41 Hinesburg Rd,Unknown,Property Damage Only,Other - Explain in Narrative,Clear,"Other Public Roadway (Rest Areas, Shopping Center - anything open to public)",19SB013876,So. Burlington PD.,9,999.99,None/Other,Day,Parking Lot,None,None,,VT0040300,Parking Lot,None,41 Hinesburg Rd,Dry,0,"44.46576584968545,-73.17217181175967"
4254063,,"December 20, 2019, 3:53 PM",Burlington,1218 North Ave,NORTH AVE.,Property Damage Only,Rear End,Clear,Federal Aid Urban System (Class 2 TH's and 3 TH's only),19BU027785,Burlington PD,2,2.39,None/Other,Day,Poirier Place,None,None,,VT0040100,Not at a Junction,None,1218 North Ave,Dry,U5026,"44.50868419237671,-73.24721588212348"
4252567,,"December 20, 2019, 4:06 PM",Winooski City,E Allen St,VT-15,Property Damage Only,Rear End,Clear,"State Highway numbered route, State owned",19WS008662,Winooski PD.,10,0.55,None/Other,Day,Dion St,None,None,,VT0040400,Not at a Junction,None,E Allen St,Wet,150,"44.49316191969811,-73.17528778995994"
4253263,,"December 20, 2019, 4:07 PM",South Burlington,Main Street,US-2,Property Damage Only,Rear End,Cloudy,"State Highway numbered route, Class 1 TH",19SB013877,So. Burlington PD.,11,0.03,None/Other,Day,East Avenue,None,None,,VT0040300,Not at a Junction,None,Main Street,Dry,20,"44.472199808360095,-73.18953355834802"
4253264,,"December 20, 2019, 4:52 PM",South Burlington,Dorset St,DORSET ST.,Property Damage Only,Same Direction Sideswipe,Cloudy,Federal Aid Urban System (Class 2 TH's and 3 TH's only),19SB013879,So. Burlington PD.,2,4.05,None/Other,Day,Williston Rd,None,None,,VT0040300,Four-way Intersection,None,Dorset St,Dry,U5208,"44.4683370731196,-73.18153952594089"
4253271,,"December 20, 2019, 4:54 PM",Williston,2777 St George Rd,VT-2A,Property Damage Only,Rear End,Clear,"State Highway numbered route, State owned",19WT05631,Williston PD.,10,3.2,None/Other,Day,,None,None,,VT0041000,Not at a Junction,None,2777 St George Rd,Dry,21,"44.44251855152831,-73.11330893955686"
4251782,,"December 20, 2019, 6:18 PM",Colchester,Macrae Road,MACRAE RD,Property Damage Only,"Left Turn and Thru, Broadside v<--",Cloudy,Street or Town Highways in FA Urban Area,19CC012413,Colchester PD.,5,999.99,None/Other,Night,49 Heineberg Drive,None,None,,VT0040500,Driveway,None,Macrae Road,Dry,0,"44.53604595067672,-73.24719161181467"
4253225,,"December 20, 2019, 6:25 PM",Shelburne,2655 Shelburne Rd,US-7,Injury,"Left Turn and Thru, Angle Broadside -->v--",Clear,"State Highway numbered route, State owned",19SH05356,Shelburne PD.,10,4.58,None/Other,Night,Shelburne Rd,None,None,,VT0040700,Four-way Intersection,None,2655 Shelburne Rd,Dry,70,"44.41692954816338,-73.21310205189369"
4253236,,"December 21, 2019, 9:30 AM",Williston,863 Harvest Lane,Unknown,Property Damage Only,Single Vehicle Crash,Clear,"Other Public Roadway (Rest Areas, Shopping Center - anything open to public)",19WT05640,Williston PD.,9,999.99,None/Other,Day,Walmart,None,None,,VT0041000,Parking Lot,None,863 Harvest Lane,Dry,0,"44.442191096426065,-73.1209147819654"
4253232,,"December 21, 2019, 10:44 AM",South Burlington,155 Dorset St,DORSET ST.,Property Damage Only,Rear End,Clear,Federal Aid Urban System (Class 2 TH's and 3 TH's only),19SB013910,So. Burlington PD.,2,3.84,None/Other,Day,The Anchorage,None,None,,VT0040300,Not at a Junction,None,155 Dorset St,Unknown,U5208,"44.465331148364754,-73.18103245622129"
4253186,,"December 21, 2019, 10:52 AM",South Burlington,White Street,WHITE ST.,Property Damage Only,Rear End,Clear,Federal Aid Urban System (Class 2 TH's and 3 TH's only),19SB013914,So. Burlington PD.,2,0.18,None/Other,Day,Dumont Avenue,None,None,,VT0040300,Other - Explain in Narrative,None,White Street,Dry,U5226,"44.46855683675794,-73.17076718565995"
4253249,,"December 21, 2019, 12:00 PM",Williston,Maple Tree Place,MAPLE TREE PL,Property Damage Only,"Left Turn and Thru, Angle Broadside -->v--",Cloudy,Street or Town Highways in FA Urban Area,19WT05643,Williston PD.,5,999.99,None/Other,Day,Walnut Lane,None,None,,VT0041000,Four-way Intersection,None,Maple Tree Place,Dry,0,"44.44504253376193,-73.10779196383857"
4251761,,"December 21, 2019, 4:21 PM",Colchester,414 Route 7,US-7,Injury,"Left Turn and Thru, Angle Broadside -->v--",Clear,"State Highway numbered route, State owned",19CC012438,Colchester PD.,10,0.4,None/Other,Day,Mountain View Drive,None,None,,VT0040500,Driveway,None,414 Route 7,Dry,70,"44.50816252536504,-73.18008949808862"
4252497,,"December 21, 2019, 7:54 PM",Colchester,5914 ROOSEVELT HIGHWAY,US-7,Property Damage Only,Single Vehicle Crash,Clear,"State Highway numbered route, State owned",19CC012443,Colchester PD.,10,5.92,None/Other,Night,GRANDVIEW ROAD,Alcohol,None,,VT0040500,Not at a Junction,None,5914 ROOSEVELT HIGHWAY,Dry,70,"44.5817013322096,-73.16250208613172"
4254098,,"December 21, 2019, 8:59 PM",Richmond,1610 E Main St,I-89,Property Damage Only,Single Vehicle Crash,Clear,Ramp or Spur,19A106106,VSP - A1 Williston,7,0.23,None/Other,Night,I- 89,Alcohol,None,,VTVSP0100,On Ramp,None,1610 E Main St,Dry,890,"44.425002702310465,-73.00825273389735"
4248098,,"December 22, 2019, 1:10 AM",Shelburne,7385 Dorset St,DORSET ST,Property Damage Only,Single Vehicle Crash,Cloudy,Minor Collector - Non Fed Aid Rural TH,19SH05381,Shelburne PD.,4,999.99,None/Other,Night,Shelburne Hinesburg Rd,None,None,,VT0040700,Y - Intersection,None,7385 Dorset St,Dry,S0840,"44.36466189045835,-73.17904601307659"
4251610,,"December 22, 2019, 2:43 PM",Burlington,Battery St,BATTERY ST.,Property Damage Only,"Right Turn and Thru, Same Direction Sideswipe/Angle Crash ^^--",Cloudy,Federal Aid Urban System (Class 2 TH's and 3 TH's only),19BU027870,Burlington PD,2,0.31,None/Other,Day,College St,None,None,,VT0040100,Four-way Intersection,None,Battery St,Dry,U5008,"44.476859973277584,-73.21876553420681"
4254001,,"December 23, 2019, 6:06 AM",South Burlington,Hinesburg Road,VT-116,Property Damage Only,Single Vehicle Crash,Cloudy,"State Highway numbered route, State owned",19SB013967,So. Burlington PD.,10,1.2,Deer,Day,VanSicklen Road,None,None,,VT0040300,Not at a Junction,None,Hinesburg Road,Dry,1160,"44.42713866273353,-73.15519575567875"
4253189,,"December 23, 2019, 9:05 AM",South Burlington,1270 US-2,US-2,Property Damage Only,Same Direction Sideswipe,Clear,"State Highway numbered route, Class 1 TH",19SB013972,So. Burlington PD.,11,0.68,None/Other,Day,Midas Dr,None,None,,VT0040300,T - Intersection,None,1270 US-2,Dry,20,"44.46823866357659,-73.1775406754085"
4252130,,"December 23, 2019, 11:50 AM",Williston,5085 Williston Road,US-2,Property Damage Only,Rear End,Clear,"State Highway numbered route, State owned",19WT05674,Williston PD.,10,0.69,None/Other,Day,Near North Brownell Road,None,None,,VT0041000,Not at a Junction,None,5085 Williston Road,Dry,20,"44.45507417976762,-73.12341827216812"
4252197,,"December 23, 2019, 2:10 PM",South Burlington,31 Airport Pkwy,AIRPORT PARKWAY,Property Damage Only,Opp Direction Sideswipe,Cloudy,Federal Aid Urban System (Class 2 TH's and 3 TH's only),19SB013985,So. Burlington PD.,2,0.4,None/Other,Day,White St,None,None,,VT0040300,Not at a Junction,None,31 Airport Pkwy,Dry,U5206,"44.47617207902663,-73.16568269290504"
4252148,,"December 24, 2019, 10:42 AM",Colchester,Belair Drive,BELAIR DR,Property Damage Only,"Left Turn and Thru, Broadside v<--",Clear,Street or Town Highways in FA Urban Area,19CC012514,Colchester PD.,5,999.99,None/Other,Day,Church Road,None,None,,VT0040500,T - Intersection,None,Belair Drive,Dry,0,"44.54613315765112,-73.250101775743"
4253129,,"December 24, 2019, 11:26 AM",Shelburne,3747 Shelburne Rd,US-7,Injury,"No Turns, Thru moves only, Broadside ^<",Clear,"State Highway numbered route, State owned",19SH05414,Shelburne PD.,10,3.49,None/Other,Day,Maple Leaf Ln,None,None,,VT0040700,Crossover,None,3747 Shelburne Rd,Dry,70,"44.40161233205231,-73.21820722452489"
4253130,,"December 24, 2019, 11:31 AM",Bolton,VT Route 2,US-2,Injury,Single Vehicle Crash,Clear,"State Highway numbered route, State owned",19A106140,VSP - A1 Williston,10,0.85,None/Other,Day,Notch Road (TH# 4 ),None,None,,VTVSP0100,Not at a Junction,None,VT Route 2,Dry,20,"44.38036303315992,-72.91704808362947"
4253127,,"December 24, 2019, 12:18 PM",South Burlington,Dorset St,DORSET ST.,Property Damage Only,Same Direction Sideswipe,Clear,Federal Aid Urban System (Class 2 TH's and 3 TH's only),19SB014023,So. Burlington PD.,2,3.79,None/Other,Day,Market St,None,None,,VT0040300,Not at a Junction,None,Dorset St,Dry,U5208,"44.464611646834264,-73.18091758328003"
4253145,,"December 24, 2019, 1:05 PM",Winooski City,,I-89,Property Damage Only,Same Direction Sideswipe,Clear,Ramp or Spur,19A106142,VSP - A1 Williston,7,0.02,None/Other,Day,EXIT 15 / Route 15,None,Heavy Truck,,VTVSP0100,Off Ramp,,,,890,"44.49316662903528,-73.17233179086435"
4252105,,"December 24, 2019, 7:36 PM",Milton,Railroad St,RAILROAD STREET,Property Damage Only,Single Vehicle Crash,Clear,Federal Aid Urban System (Class 2 TH's and 3 TH's only),19MT009416,Milton PD.,2,0.62,None/Other,Night,Barnum St,None,None,,VT0040600,T - Intersection,None,Railroad St,Dry,U5812,"44.62786823887194,-73.10878743657035"
4252235,,"December 26, 2019, 11:09 AM",Williston,Williston Rd,US-2,Injury,Rear End,Cloudy,"State Highway numbered route, State owned",19WT05714,Williston PD.,10,0.69,None/Other,Day,South Brownell Rd,None,None,,VT0041000,Four-way Intersection,None,Williston Rd,Dry,20,"44.45507417976762,-73.12341827216812"
4253944,,"December 26, 2019, 11:16 AM",Burlington,Main St,MAIN ST.,Property Damage Only,Rear End,Cloudy,Federal Aid Urban System (Class 2 TH's and 3 TH's only),19BU028077,Burlington PD,2,0.39,None/Other,Day,S Winooski Ave,None,None,,VT0040100,Not at a Junction,None,Main St,Dry,U5022,"44.47598185721238,-73.21150756973549"
4252104,,"December 26, 2019, 1:21 PM",Milton,551 Us Rt 2,US-2,Property Damage Only,Single Vehicle Crash,Clear,"State Highway numbered route, State owned",19MT009443,Milton PD.,10,999.99,Deer,Day,Cub Rd,None,None,,VT0040600,Not at a Junction,None,551 Us Rt 2,Dry,20,"44.60956328370219,-73.20888662754906"
4252195,,"December 26, 2019, 1:26 PM",Essex,Center Road at Essex Way,VT-15,Property Damage Only,Rear End,Cloudy,"State Highway numbered route, State owned",19ES07106,Essex PD.,10,4.57,None/Other,Day,Essex Way,None,None,,VT0040200,T - Intersection,None,Center Road at Essex Way,Dry,150,"44.51045430304776,-73.0744982169235"
4252102,,"December 26, 2019, 3:56 PM",Milton,259 US RT 7 S,Unknown,Property Damage Only,Other - Explain in Narrative,Clear,"Other Public Roadway (Rest Areas, Shopping Center - anything open to public)",19MT009449,Milton PD.,9,999.99,None/Other,Day,Hannaford Parking Lot,None,None,,VT0040600,Parking Lot,None,259 US RT 7 S,Dry,0,"44.62378864111445,-73.12229850964718"
4252498,,"December 26, 2019, 4:12 PM",Burlington,S Winooski Ave,ALTERNATE US-7,Property Damage Only,Rear End,Clear,"State Highway numbered route, State owned",19BU028098,Burlington PD,10,0.39,None/Other,Day,College St,None,None,,VT0040100,Four-way Intersection,None,S Winooski Ave,Dry,9993,"44.467625010971354,-73.20979441092307"
4248609,,"December 26, 2019, 4:40 PM",Burlington,Elmwood Ave,ELMWOOD AVE,Property Damage Only,Rear End,Clear,Street or Town Highways in FA Urban Area,19BU028099,Burlington PD,5,999.99,None/Other,Day,Pearl St,Alcohol,None,,VT0040100,Other - Explain in Narrative,None,Elmwood Ave,Dry,0,"44.4804252804647,-73.21356860218789"
4252492,,"December 26, 2019, 5:40 PM",South Burlington,Williston Road,US-2,Property Damage Only,Same Direction Sideswipe,Clear,"State Highway numbered route, Class 1 TH",19SB014082,So. Burlington PD.,11,0.59,None/Other,Night,Dorset Street,None,None,,VT0040300,Not at a Junction,None,Williston Road,Dry,20,"44.468664940410406,-73.1792019891511"
4251848,,"December 26, 2019, 6:46 PM",Colchester,SUNSET VIEW ROAD,SUNSET VIEW RD,Injury,Single Vehicle Crash,Freezing Precipitation,Street or Town Highways in FA Urban Area,19CC012583,Colchester PD.,5,999.99,None/Other,Night,MOONLIGHT RIDGE,None,None,,VT0040500,Not at a Junction,"Road Surface Condition(wet, icy, snow, slush, etc)",SUNSET VIEW ROAD,Ice,0,"44.564533642559596,-73.18769897639974"