ObjectID,Mapped,Crash Date,City/Town,Address,AOT Route,Crash Type,Collision Direction,Weather,Road Group,Report Number,Reporting Agency,Road Group ID,AOT Actual Milepoint,Animal,Time of Day,Intersection With,Impairment,Involving,Non Reportable Address,Reporting Agency ID,Road Characteristics,Road Condition,Street Address,Surface Condition,AOT Route ID,Coordinates
4252216,,"December 26, 2019, 6:52 PM",South Burlington,1118 Williston Road,Unknown,Property Damage Only,Other - Explain in Narrative,Clear,"Other Public Roadway (Rest Areas, Shopping Center - anything open to public)",19SB014085,So. Burlington PD.,9,999.99,None/Other,Night,Parking Lot,None,None,,VT0040300,Parking Lot,None,1118 Williston Road,Dry,0,"44.46901186056272,-73.17922277077587"
4251752,,"December 27, 2019, 6:27 AM",Burlington,Shelburne Rd,US-7,Injury,"Left Turn and Thru, Angle Broadside -->v--",Clear,"State Highway numbered route, State owned",19BU028118,Burlington PD,10,0.91,None/Other,Day,Birchcliff Pkwy,None,None,,VT0040100,T - Intersection,None,Shelburne Rd,Wet,70,"44.45864950281961,-73.20826977047123"
4252186,,"December 27, 2019, 11:30 AM",Williston,104 Cornerstone Drive,Unknown,Property Damage Only,Other - Explain in Narrative,Rain,"Other Public Roadway (Rest Areas, Shopping Center - anything open to public)",19WT05730,Williston PD.,9,999.99,None/Other,Day,Vermont Meat And Seafood Parking Lot,None,None,,VT0041000,Parking Lot,None,104 Cornerstone Drive,Wet,0,"44.44719815017076,-73.10350519307214"
4251575,,"December 27, 2019, 11:32 AM",Winooski City,Main St,US-7,Property Damage Only,Same Direction Sideswipe,Cloudy,"State Highway numbered route, Class 1 TH",19WS008794,Winooski PD.,11,0.11,None/Other,Day,W Canal St,None,Heavy Truck,,VT0040400,Traffic circle / roundabout,None,Main St,Wet,70,"44.49014353104273,-73.186499037812"
4252101,,"December 27, 2019, 1:42 PM",Milton,250 Route 7,US-7,Property Damage Only,Rear End,Cloudy,"State Highway numbered route, State owned",19MT009466,Milton PD.,10,3.72,None/Other,Day,Hannaford Plaza,None,None,,VT0040600,,,250 Route 7,,70,"44.6226344856946,-73.12163217329497"
4253813,,"December 27, 2019, 6:18 PM",Williston,299 Williston Rd,US-2,Property Damage Only,"Left Turn and Thru, Head On ^v--",Rain,"State Highway numbered route, State owned",19WT05737,Williston PD.,10,1.47,None/Other,Night,Williston Rd,None,None,,VT0041000,,None,299 Williston Rd,Wet,20,"44.44926563069625,-73.11018515669585"
4252182,,"December 28, 2019, 11:25 AM",Williston,2777 St George Rd,US-2,Property Damage Only,Rear End,Clear,"State Highway numbered route, State owned",19WT05738,Williston PD.,10,3.2,None/Other,Day,State Police Barracks,None,None,,VT0041000,Not at a Junction,None,2777 St George Rd,Dry,20,"44.439673741971546,-73.07865612641223"
4252171,,"December 28, 2019, 12:01 PM",Williston,St George Rd,VT-2A,Property Damage Only,Rear End,Clear,"State Highway numbered route, State owned",19WT05739,Williston PD.,10,3.33,None/Other,Day,Maple Tree Place,None,None,,VT0041000,Four-way Intersection,None,St George Rd,Dry,21,"44.44425194659628,-73.11242020130248"
4253451,,"December 28, 2019, 12:04 PM",Charlotte,Rte. 7,US-7,Property Damage Only,Rear End,Clear,"State Highway numbered route, State owned",19A106188,VSP - A1 Williston,10,3.45,None/Other,Day,Ferry Rd,None,None,,VTVSP0100,Four-way Intersection,None,Rte. 7,Dry,70,"44.311569227749075,-73.24716191757975"
4253678,,"December 28, 2019, 3:09 PM",Colchester,ROUTE 15,VT-15,Property Damage Only,Rear End,Clear,"State Highway numbered route, State owned",19CC012656,Colchester PD.,10,0.93,None/Other,Day,NATIONAL GUARD ROAD,None,None,,VT0040500,Four-way Intersection,None,ROUTE 15,Dry,150,"44.498576571347364,-73.15623690953456"
4252166,,"December 29, 2019, 9:02 AM",Williston,759 Harvest Lane,Unknown,Injury,Head On,Clear,"Other Public Roadway (Rest Areas, Shopping Center - anything open to public)",19WT5748,Williston PD.,9,999.99,None/Other,Day,,None,Pedestrian,,VT0041000,Parking Lot,None,759 Harvest Lane,Dry,0,"44.441387121711486,-73.11981338993371"
4252143,,"December 29, 2019, 12:16 PM",Williston,Saint George Road,VT-2A,Property Damage Only,Rear End,Cloudy,"State Highway numbered route, State owned",19WT05750,Williston PD.,10,3.72,None/Other,Day,Williston Road,None,None,,VT0041000,Four-way Intersection,None,Saint George Road,Dry,21,"44.449595055814854,-73.11097148468568"
4254357,,"December 29, 2019, 1:03 PM",South Burlington,155 Dorset St,DORSET ST.,Injury,Rear End,Clear,Federal Aid Urban System (Class 2 TH's and 3 TH's only),19SB014174,So. Burlington PD.,2,3.82,None/Other,Day,Target,None,None,,VT0040300,T - Intersection,None,155 Dorset St,Dry,U5208,"44.46504313359114,-73.18098889347891"
4252162,,"December 29, 2019, 3:27 PM",Williston,Saint George Road,VT-2A,Property Damage Only,Head On,Cloudy,"State Highway numbered route, State owned",19WT05753,Williston PD.,10,3,None/Other,Day,Interstate 89 North Bound On-Ramp,Alcohol,None,,VT0041000,Four-way Intersection,None,Saint George Road,Dry,21,"44.439879201608036,-73.11477853350053"
4251707,,"December 29, 2019, 3:31 PM",Colchester,86 PINE LANE,PINE LN,Property Damage Only,Other - Explain in Narrative,Clear,Street or Town Highways in FA Urban Area,19CC012704,Colchester PD.,5,999.99,None/Other,Day,,None,None,,VT0040500,Driveway,None,86 PINE LANE,Dry,0,"44.54534220873322,-73.26218496669627"
4252500,,"December 29, 2019, 3:51 PM",Colchester,ROOSEVELT HIGHWAY,US-7,Injury,"Left Turn and Thru, Angle Broadside -->v--",Cloudy,"State Highway numbered route, State owned",19CC012706,Colchester PD.,10,0.84,None/Other,Day,RATHE ROAD,None,None,,VT0040500,Four-way Intersection,None,ROOSEVELT HIGHWAY,Dry,70,"44.51445106163764,-73.1792549684247"
4251566,,"December 29, 2019, 9:01 PM",Winooski City,165 Weaver St,WEAVER ST,Property Damage Only,Opp Direction Sideswipe,Freezing Precipitation,Street or Town Highways in FA Urban Area,19WS008847,Winooski PD.,5,999.99,None/Other,Night,W Spring St,None,None,,VT0040400,Not at a Junction,"Road Surface Condition(wet, icy, snow, slush, etc)",165 Weaver St,Ice,0,"44.49478799710116,-73.1877714374234"
4254673,,"December 30, 2019, 7:34 AM",Burlington,RT 127,VT. 127 BELTLINE,Property Damage Only,Other - Explain in Narrative,Freezing Precipitation,Federal Aid Urban System (Class 2 TH's and 3 TH's only),19BU028311,Burlington PD,2,999.99,None/Other,Day,North Ave Exit,None,None,,VT0040100,Not at a Junction,"Road Surface Condition(wet, icy, snow, slush, etc)",RT 127,Slush,U5009,"44.52431821289396,-73.25541825662073"
4252140,,"December 30, 2019, 8:37 AM",Burlington,St Paul St,ST. PAUL ST.,Property Damage Only,Same Direction Sideswipe,Rain,Federal Aid Urban System (Class 2 TH's and 3 TH's only),19BU028315,Burlington PD,2,0.64,None/Other,Day,Main St,None,Heavy Truck,,VT0040100,Not at a Junction,"Road Surface Condition(wet, icy, snow, slush, etc)",St Paul St,Slush,U5046,"44.47573951891408,-73.2140011804716"
4248514,,"December 30, 2019, 9:49 AM",Milton,Lake Road,LAKE ROAD,Property Damage Only,Single Vehicle Crash,Freezing Precipitation,Federal Aid Urban System (Class 2 TH's and 3 TH's only),19MT009546,Milton PD.,2,999.99,None/Other,Day,Everest Road,None,None,,VT0040600,Not at a Junction,"Road Surface Condition(wet, icy, snow, slush, etc)",Lake Road,Slush,U5806,"44.667877981508134,-73.16656400212099"
4252123,,"December 30, 2019, 11:08 AM",Richmond,I 89 MM 74.2,I-89,Property Damage Only,Single Vehicle Crash,Freezing Precipitation,"State Highway numbered route, State owned",19A106222,VSP - A1 Williston,10,74.2,None/Other,Day,MM74.2,None,None,,VTVSP0100,Not at a Junction,"Road Surface Condition(wet, icy, snow, slush, etc)",I 89 MM 74.2,Ice,890,"44.389263617925664,-72.94667834096445"
4249717,,"December 31, 2019, 10:37 AM",Burlington,Pearl St,PEARL ST.,Property Damage Only,Rear End,Cloudy,Federal Aid Urban System (Class 2 TH's and 3 TH's only),19BU028406,Burlington PD,2,0.34,None/Other,Day,Clark St,None,None,,VT0040100,Not at a Junction,None,Pearl St,Wet,U5038,"44.48046243148008,-73.212354208431"
4251866,,"December 31, 2019, 12:42 PM",Colchester,JOHNSON AVENUE,JOHNSON AVE.,Injury,Rear End,Clear,Federal Aid Urban System (Class 2 TH's and 3 TH's only),19CC012750,Colchester PD.,2,0,None/Other,Day,COLLEGE PARKWAY,None,None,,VT0040500,T - Intersection,None,JOHNSON AVENUE,Dry,U5619,"44.49721580332391,-73.1590066126002"
4253840,,"December 31, 2019, 1:08 PM",Burlington,328 North Ave,NORTH AVE.,Property Damage Only,Rear End,Cloudy,Federal Aid Urban System (Class 2 TH's and 3 TH's only),19BU028421,Burlington PD,2,0.65,None/Other,Day,Champlain Farms,None,None,,VT0040100,Not at a Junction,None,328 North Ave,Wet,U5026,"44.48995327359813,-73.22670171911706"
4252565,,"December 31, 2019, 2:18 PM",Essex,Center Road,VT-15,Property Damage Only,Rear End,Cloudy,"State Highway numbered route, Class 1 TH",19ES07202,Essex PD.,11,4.57,None/Other,Day,Saybrook,None,None,,VT0040200,T - Intersection,"Road Surface Condition(wet, icy, snow, slush, etc)",Center Road,Wet,150,"44.51045430304776,-73.0744982169235"
4252496,,"December 31, 2019, 2:49 PM",Colchester,Roosevelt Highway,US-7,Injury,"No Turns, Thru moves only, Broadside ^<",Clear,"State Highway numbered route, State owned",19CC012757,Colchester PD.,10,0.25,None/Other,Day,Off Ramp Exit 16 NB,None,None,,VT0040500,Four-way Intersection,None,Roosevelt Highway,Dry,70,"44.50610219742692,-73.18095322915832"
4251133,,"January 1, 2020, 2:02 AM",South Burlington,1515 Dorset Street,DORSET ST.,Property Damage Only,Single Vehicle Crash,Freezing Precipitation,Federal Aid Urban System (Class 2 TH's and 3 TH's only),20SB000004,So. Burlington PD.,2,1,None/Other,Night,Cider Mill Drive,None,None,,VT0040300,Not at a Junction,"Road Surface Condition(wet, icy, snow, slush, etc)",1515 Dorset Street,Snow,U5208,"44.42471480070501,-73.17395652363341"
4252546,,"January 1, 2020, 2:58 AM",Charlotte,4424 Mt Philo Rd,MOUNT PHILO RD,Injury,Single Vehicle Crash,Freezing Precipitation,Minor Collector - Non Fed Aid Rural TH,20A100003,VSP - A1 Williston,4,999.99,None/Other,Night,Split Rock Rd,Alcohol,None,,VTVSP0100,Not at a Junction,"Road Surface Condition(wet, icy, snow, slush, etc)",4424 Mt Philo Rd,Snow,S0832,"44.292614523137324,-73.22663129973556"
4248410,,"January 1, 2020, 4:42 AM",Milton,105  Westford Rd,WESTFORD RD,Property Damage Only,Single Vehicle Crash,Cloudy,Federal Aid Urban System (Class 2 TH's and 3 TH's only),20MT000003,Milton PD.,2,1.15,None/Other,Night,Forest Rd,None,None,,VT0040600,Not at a Junction,"Road Surface Condition(wet, icy, snow, slush, etc)",105  Westford Rd,Ice,U5808,"44.63562332595696,-73.09159283236212"
4247323,,"January 1, 2020, 7:52 AM",Milton,Marrs Hollow Rd,TOWN ROAD 0065,Property Damage Only,Single Vehicle Crash,Clear,"City, Village or Urban Compact Street not in FA Urban Area (Class 2 and 3 Non-Federal Aid)",20MT000004,Milton PD.,6,999.99,None/Other,Day,Duffy Rd,None,None,,VT0040600,Shared-use path or trail,"Road Surface Condition(wet, icy, snow, slush, etc)",Marrs Hollow Rd,Ice,T0065,"44.58656828845707,-73.10720202734186"
4251572,,"January 1, 2020, 3:41 PM",Burlington,Pearl St,PEARL ST.,Property Damage Only,Other - Explain in Narrative,Cloudy,Federal Aid Urban System (Class 2 TH's and 3 TH's only),20BU000043,Burlington PD,2,0.28,None/Other,Day,Elmwood Ave,None,None,,VT0040100,Other - Explain in Narrative,None,Pearl St,Wet,U5038,"44.480425472521986,-73.213544163409"
4252827,,"January 1, 2020, 5:44 PM",Colchester,955 MIDDLE ROAD,TOWN ROAD 0012,Property Damage Only,Single Vehicle Crash,Clear,"City, Village or Urban Compact Street not in FA Urban Area (Class 2 and 3 Non-Federal Aid)",20CC000037,Colchester PD.,6,999.99,None/Other,Night,955 MIDDLE ROAD,None,None,,VT0040500,Not at a Junction,"Road Surface Condition(wet, icy, snow, slush, etc)",955 MIDDLE ROAD,Snow,T0012,"44.56070670134023,-73.14965239337937"
4251932,,"January 2, 2020, 4:35 PM",Hinesburg,Vt-116 & CVU Road,VT-116,Property Damage Only,"Left Turn and Thru, Angle Broadside -->v--",Clear,"State Highway numbered route, State owned",20HB00006,Hinesburg PD.,10,5.46,None/Other,Day,Shelburne Falls Road,None,None,,VT0041200,Four-way Intersection,None,Vt-116 & CVU Road,Dry,1160,"44.341121920435896,-73.11640823945261"
4251935,,"January 2, 2020, 6:57 PM",Burlington,North Ave,NORTH AVE.,Injury,"Left Turn and Thru, Angle Broadside -->v--",Clear,Federal Aid Urban System (Class 2 TH's and 3 TH's only),20BU000130,Burlington PD,2,2.09,None/Other,Night,Shore Rd,None,None,,VT0040100,Four-way Intersection,None,North Ave,Dry,U5026,"44.505687875050825,-73.24316449237702"
4251783,,"January 3, 2020, 5:16 AM",Colchester,590 South Bay Circle,S BAY CIR,Property Damage Only,Same Direction Sideswipe,Clear,Street or Town Highways in FA Urban Area,20CC000085,Colchester PD.,5,999.99,None/Other,Night,South Bay Circle,None,None,,VT0040500,Not at a Junction,None,590 South Bay Circle,Dry,0,"44.54374052561476,-73.2090604910136"
4252809,,"January 3, 2020, 10:49 AM",Huntington,173Cummings Dr.,CUMMINGS DR,Property Damage Only,Head On,Cloudy,"City, Village or Urban Compact Street not in FA Urban Area (Class 2 and 3 Non-Federal Aid)",20A100031,VSP - A1 Williston,6,999.99,None/Other,Day,Evergreen Dr.,None,None,,VTVSP0100,Not at a Junction,"Road Surface Condition(wet, icy, snow, slush, etc)",173Cummings Dr.,Ice,0,"44.31629365887013,-72.99195342782458"
4251665,,"January 3, 2020, 10:52 AM",Burlington,S Willard St,US-7,Property Damage Only,Same Direction Sideswipe,Cloudy,"State Highway numbered route, Class 1 TH",20BU000189,Burlington PD,11,1.96,None/Other,Day,Maple St,None,None,,VT0040100,Not at a Junction,None,S Willard St,Dry,70,"44.47376979134045,-73.20528543305062"
4253753,,"January 3, 2020, 11:56 AM",Burlington,St Paul St,ST. PAUL ST.,Property Damage Only,"No Turns, Thru moves only, Broadside ^<",Clear,Federal Aid Urban System (Class 2 TH's and 3 TH's only),20BU000196,Burlington PD,2,0.45,None/Other,Day,Maple St,None,None,,VT0040100,Four-way Intersection,None,St Paul St,Dry,U5046,"44.47298598563145,-73.21379445316559"
4251948,,"January 3, 2020, 3:10 PM",South Burlington,Dorset Street,DORSET ST.,Property Damage Only,Rear End,Clear,Federal Aid Urban System (Class 2 TH's and 3 TH's only),20SB000075,So. Burlington PD.,2,3.85,None/Other,Day,Market Street,None,None,,VT0040300,Not at a Junction,None,Dorset Street,Dry,U5208,"44.46547515784805,-73.18105423778398"
4251944,,"January 3, 2020, 3:37 PM",Shelburne,5172 US-7,US-7,Property Damage Only,Rear End,Cloudy,"State Highway numbered route, State owned",20SH00042,Shelburne PD.,10,2.06,None/Other,Day,Falls Rd,None,None,,VT0040700,Not at a Junction,None,5172 US-7,Dry,70,"44.382070890070445,-73.22700600754598"
4254661,,"January 3, 2020, 3:51 PM",South Burlington,Dorset Street,DORSET ST.,Property Damage Only,Same Direction Sideswipe,Clear,Federal Aid Urban System (Class 2 TH's and 3 TH's only),20SB000076,So. Burlington PD.,2,3.85,None/Other,Day,Market Street,None,None,,VT0040300,Four-way Intersection,None,Dorset Street,Dry,U5208,"44.46547515784805,-73.18105423778398"
4251930,,"January 3, 2020, 5:12 PM",Burlington,Plattsburg Ave,PLATTSBURG AVE.,Property Damage Only,"Left Turn and Thru, Angle Broadside -->v--",Clear,Federal Aid Urban System (Class 2 TH's and 3 TH's only),20BU000223,Burlington PD,2,0.53,None/Other,Night,Rt 127,None,None,,VT0040100,T - Intersection,None,Plattsburg Ave,Wet,U5042,"44.52280708851938,-73.25515508677215"
4251917,,"January 4, 2020, 11:09 AM",Williston,MARSHALL AVE,MARSHALL AVE.,Property Damage Only,Head On,Cloudy,Federal Aid Urban System (Class 2 TH's and 3 TH's only),20WT00045,Williston PD.,2,1.29,None/Other,Day,HARVEST LANE,None,None,,VT0041000,Not at a Junction,None,MARSHALL AVE,Wet,U5505,"44.44575159512697,-73.11767647536125"
4251919,,"January 4, 2020, 1:11 PM",Williston,49 WRIGHT AVE,Unknown,Property Damage Only,Opp Direction Sideswipe,Cloudy,Street or Town Highways in FA Urban Area,20WT00048,Williston PD.,5,999.99,None/Other,Day,,None,None,,VT0041000,Parking Lot,None,49 WRIGHT AVE,Wet,0,"44.44679165586932,-73.11224482554985"
4254492,,"January 4, 2020, 2:25 PM",South Burlington,Market Street,MARKET ST.,Property Damage Only,Opp Direction Sideswipe,Freezing Precipitation,Federal Aid Urban System (Class 2 TH's and 3 TH's only),20SB000132,So. Burlington PD.,2,0,None/Other,Day,Dorset Street,None,None,,VT0040300,Not at a Junction,"Road Surface Condition(wet, icy, snow, slush, etc)",Market Street,Snow,U5228,"44.46547515784805,-73.18105423778398"
4252744,,"January 4, 2020, 2:47 PM",South Burlington,Dorset St,DORSET ST.,Property Damage Only,Rear End,Freezing Precipitation,Federal Aid Urban System (Class 2 TH's and 3 TH's only),20SB000133,So. Burlington PD.,2,2.81,None/Other,Day,Grandview Dr,None,None,,VT0040300,Not at a Junction,"Road Surface Condition(wet, icy, snow, slush, etc)",Dorset St,Snow,U5208,"44.4505480923812,-73.17826756024539"
4247360,,"January 4, 2020, 3:08 PM",Milton,Cobble Hill Rd,TOWN ROAD 0061,Property Damage Only,Single Vehicle Crash,Freezing Precipitation,"City, Village or Urban Compact Street not in FA Urban Area (Class 2 and 3 Non-Federal Aid)",20MT000093,Milton PD.,6,999.99,None/Other,Day,Middle Rd,None,None,,VT0040600,Not at a Junction,"Road Surface Condition(wet, icy, snow, slush, etc)",Cobble Hill Rd,Snow,T0061,"44.60331863429694,-73.12587116263279"
4248338,,"January 4, 2020, 3:15 PM",Milton,Mears Rd,TOWN ROAD 0027,Property Damage Only,Single Vehicle Crash,Freezing Precipitation,"City, Village or Urban Compact Street not in FA Urban Area (Class 2 and 3 Non-Federal Aid)",20MT000094,Milton PD.,6,999.99,None/Other,Day,Sanderson Rd,None,None,,VT0040600,Not at a Junction,"Road Surface Condition(wet, icy, snow, slush, etc)",Mears Rd,Snow,T0027,"44.64734024186183,-73.16649005214751"
4253850,,"January 4, 2020, 5:50 PM",Milton,259 US RT 7 S,Unknown,Property Damage Only,Other - Explain in Narrative,Freezing Precipitation,"Other Public Roadway (Rest Areas, Shopping Center - anything open to public)",20MT000095,Milton PD.,9,999.99,None/Other,Night,Hannaford Parking Lot,None,None,,VT0040600,Parking Lot,None,259 US RT 7 S,Snow,0,"44.62378864111445,-73.12229850964718"
4254440,,"January 4, 2020, 6:30 PM",Shelburne,151 Barstow Rd,BARSTOW ROAD,Property Damage Only,Single Vehicle Crash,Freezing Precipitation,Federal Aid Urban System (Class 2 TH's and 3 TH's only),20SH00061,Shelburne PD.,2,0.21,None/Other,Night,Proctor Kelly Lane,None,None,,VT0040700,Not at a Junction,"Road Surface Condition(wet, icy, snow, slush, etc)",151 Barstow Rd,Snow,U5702,"44.4088420406418,-73.19366141098007"
4251703,,"January 4, 2020, 6:43 PM",Charlotte,Lake Road,TOWN ROAD 0009,Property Damage Only,Single Vehicle Crash,Freezing Precipitation,"City, Village or Urban Compact Street not in FA Urban Area (Class 2 and 3 Non-Federal Aid)",20A100059,VSP - A2 St. Albans,6,999.99,None/Other,Night,Orchard Road,None,None,,VTVSP0700,Not at a Junction,"Road Surface Condition(wet, icy, snow, slush, etc)",Lake Road,Snow,T0009,"44.33140506781568,-73.27164610270145"
4251017,,"January 4, 2020, 10:40 PM",Colchester,FARNSWORTH ROAD,FARNSWORTH RD,Property Damage Only,Single Vehicle Crash,Freezing Precipitation,Minor Collector - Non Fed Aid Rural TH,20CC000155,Colchester PD.,4,999.99,None/Other,Night,156 FARNSWORTH ROAD,None,None,,VT0040500,Not at a Junction,Unknown,FARNSWORTH ROAD,Snow,S0837,"44.57166571599091,-73.12586633420152"
4248176,,"January 5, 2020, 1:29 AM",Colchester,Main Street,VT-2A,Property Damage Only,Opp Direction Sideswipe,Clear,"State Highway numbered route, State owned",20CC000157,Colchester PD.,10,1.8,None/Other,Night,Village Drive,None,Heavy Truck,,VT0040500,T - Intersection,Unknown,Main Street,Slush,21,"44.546067995200474,-73.15395898588666"
4253644,,"January 5, 2020, 9:35 AM",Jericho,Browns Trace Road,BROWNS TRCE,Property Damage Only,Head On,Freezing Precipitation,Federal Aid Secondary System (Class 2 TH),20A100067,VSP - A1 Williston,3,3.61,None/Other,Day,Jericho Center Circle,None,None,,VTVSP0100,Not at a Junction,"Road Surface Condition(wet, icy, snow, slush, etc)",Browns Trace Road,Ice,S0046,"44.470047652382156,-72.97289959970165"
4254243,,"January 6, 2020, 7:04 AM",South Burlington,Williston Rd,US-2,Property Damage Only,Same Direction Sideswipe,Cloudy,"State Highway numbered route, Class 1 TH",20SB000186,So. Burlington PD.,11,0.49,None/Other,Day,Dorset St,None,Heavy Truck,,VT0040300,Not at a Junction,None,Williston Rd,Snow,20,"44.469125217696885,-73.18105440647804"
4251694,,"January 6, 2020, 9:05 AM",Hinesburg,695 RICHMOND RD,RICHMOND RD,Property Damage Only,Single Vehicle Crash,Freezing Precipitation,Federal Aid Secondary System (Class 2 TH),20HB00015,Hinesburg PD.,3,1.6,None/Other,Day,IROQUOIS MANUFACTURING,None,None,,VT0041200,Not at a Junction,None,695 RICHMOND RD,Snow,S0209,"44.34604138853192,-73.09260328387003"
4247427,,"January 6, 2020, 9:37 AM",Burlington,207 Riverside Ave,US-7,Property Damage Only,Single Vehicle Crash,Freezing Precipitation,"State Highway numbered route, Class 1 TH",20BU000356,Burlington PD,11,3.79,None/Other,Day,220 Riverside Ave/Salmon Run,None,None,,VT0040100,Not at a Junction,"Road Surface Condition(wet, icy, snow, slush, etc)",207 Riverside Ave,Snow,70,"44.48646335469018,-73.1914871130376"
4251931,,"January 6, 2020, 10:04 AM",Williston,I-89 South,I-89,Property Damage Only,Single Vehicle Crash,Freezing Precipitation,"State Highway numbered route, State owned",20A100081,VSP - A1 Williston,10,80,None/Other,Day,Area Of Mile Marker 80,None,None,,VTVSP0100,Not at a Junction,"Road Surface Condition(wet, icy, snow, slush, etc)",I-89 South,Other - Explain in Narrative,890,"44.431028973141444,-73.03896426807034"
4251870,,"January 6, 2020, 12:10 PM",Essex,30 Susie Wilson,SUSIE WILSON RD.,Property Damage Only,"Left Turn and Thru, Head On ^v--",Freezing Precipitation,Federal Aid Urban System (Class 2 TH's and 3 TH's only),20ES00091,Essex PD.,2,0.25,None/Other,Day,,None,None,,VT0040200,Not at a Junction,"Road Surface Condition(wet, icy, snow, slush, etc)",30 Susie Wilson,Wet,U5410,"44.50706028576959,-73.13471392754346"
4251545,,"January 6, 2020, 2:02 PM",Burlington,N Winooski Ave,ALTERNATE US-7,Injury,"Right Turn and Thru, Same Direction Sideswipe/Angle Crash ^^--",Clear,"State Highway numbered route, Class 1 TH",20BU000386,Burlington PD,11,1.78,None/Other,Day,N Union St,None,None,,VT0040100,Not at a Junction,None,N Winooski Ave,Wet,9993,"44.48633138610114,-73.20979378924171"
4251998,,"January 6, 2020, 2:04 PM",Burlington,Pine St,PINE ST.,Property Damage Only,Opp Direction Sideswipe,Cloudy,Federal Aid Urban System (Class 2 TH's and 3 TH's only),20BU000388,Burlington PD,2,0,None/Other,Day,Flynn Ave,None,None,,VT0040100,Four-way Intersection,,Pine St,Dry,U5040,"44.45544086080939,-73.21418452795729"
4251446,,"January 6, 2020, 2:30 PM",Hinesburg,89 PATRICIAS PLACE,PATRICA'S PL,Property Damage Only,Single Vehicle Crash,Clear,"Other Public Roadway (Rest Areas, Shopping Center - anything open to public)",20HB00017,Hinesburg PD.,9,999.99,None/Other,Day,97 PATRICIAS PLACE,None,None,,VT0041200,Driveway,"Road Surface Condition(wet, icy, snow, slush, etc)",89 PATRICIAS PLACE,Snow,0,"44.32997201549084,-73.07863007389861"
4251802,,"January 6, 2020, 3:04 PM",Colchester,Malletts Bay Avenue,MALLETTS BAY AVE.,Injury,Single Vehicle Crash,Cloudy,Federal Aid Urban System (Class 2 TH's and 3 TH's only),20CC000215,Colchester PD.,2,0.84,None/Other,Day,Senesac Road,None,None,,VT0040500,Not at a Junction,None,Malletts Bay Avenue,Wet,U5608,"44.511238740512965,-73.20266451743403"
4251908,,"January 6, 2020, 4:21 PM",Burlington,66 North Ave,NORTH AVE.,Property Damage Only,Rear End,Cloudy,Federal Aid Urban System (Class 2 TH's and 3 TH's only),20BU000398,Burlington PD,2,0.06,None/Other,Day,North St,None,None,,VT0040100,Not at a Junction,None,66 North Ave,Snow,U5026,"44.482769054418064,-73.22102361057246"
4251442,,"January 6, 2020, 6:55 PM",Milton,VT RT 7,US ROUTE 7,Property Damage Only,Other - Explain in Narrative,Clear,"Other Public Roadway (Rest Areas, Shopping Center - anything open to public)",20MT000123,Milton PD.,9,999.99,None/Other,Night,Snap Fitness,None,None,,VT0040600,Parking Lot,"Road Surface Condition(wet, icy, snow, slush, etc)",VT RT 7,Snow,0,"44.59883362601128,-73.16391515311938"
4251546,,"January 7, 2020, 8:19 AM",Burlington,117 Archibald St,Unknown,Property Damage Only,Opp Direction Sideswipe,Cloudy,Street or Town Highways in FA Urban Area,20BU000420,Burlington PD,5,999.99,None/Other,Day,117 Archibald St,None,Heavy Truck,,VT0040100,Not at a Junction,None,117 Archibald St,Slush,0,"44.48776168600616,-73.20902054161023"
4251731,,"January 7, 2020, 10:10 AM",South Burlington,Dorset St,DORSET ST.,Property Damage Only,Rear End,Clear,Federal Aid Urban System (Class 2 TH's and 3 TH's only),20SB000234,So. Burlington PD.,2,3.83,None/Other,Day,Market St,None,None,,VT0040300,Not at a Junction,None,Dorset St,Wet,U5208,"44.465187141685185,-73.1810106748026"
4253803,,"January 7, 2020, 11:31 AM",South Burlington,102 Dorset St,DORSET ST.,Property Damage Only,Rear-to-rear,Clear,Federal Aid Urban System (Class 2 TH's and 3 TH's only),20SB000240,So. Burlington PD.,2,3.93,None/Other,Day,Dorset Street,None,None,,VT0040300,Parking Lot,None,102 Dorset St,Dry,U5208,"44.46661897286595,-73.18125478149312"
4254776,,"January 7, 2020, 11:59 AM",Shelburne,2689 Shelburne Rd,US-7,Property Damage Only,Same Direction Sideswipe,Cloudy,"State Highway numbered route, State owned",20SH00108,Shelburne PD.,10,4.54,None/Other,Day,Penny Ln,None,Heavy Truck,,VT0040700,Not at a Junction,None,2689 Shelburne Rd,Dry,70,"44.41636759427839,-73.21328746096464"
4251528,,"January 7, 2020, 12:04 PM",Burlington,99 N Champlain St.,N CHAMPLAIN ST.,Injury,Rear End,Clear,Federal Aid Urban System (Class 2 TH's and 3 TH's only),20BU000431,Burlington PD,2,0.2,None/Other,Day,99 N Champlain St,None,None,,VT0040100,Not at a Junction,None,99 N Champlain St.,Wet,U5028,"44.483209802930986,-73.21764671602702"
4251751,,"January 7, 2020, 2:53 PM",Essex,6 Logwood Cir,LOGWOOD CIR,Property Damage Only,"No Turns, Thru moves only, Broadside ^<",Freezing Precipitation,Street or Town Highways in FA Urban Area,20ES00117,Essex PD.,5,999.99,None/Other,Day,Greenbriar Dr,None,None,,VT0040200,T - Intersection,"Road Surface Condition(wet, icy, snow, slush, etc)",6 Logwood Cir,Slush,0,"44.48510357529899,-73.05385002345268"