ObjectID,Mapped,Crash Date,City/Town,Address,AOT Route,Crash Type,Collision Direction,Weather,Road Group,Report Number,Reporting Agency,Road Group ID,AOT Actual Milepoint,Animal,Time of Day,Intersection With,Impairment,Involving,Non Reportable Address,Reporting Agency ID,Road Characteristics,Road Condition,Street Address,Surface Condition,AOT Route ID,Coordinates
4251849,,"January 7, 2020, 3:56 PM",South Burlington,Shelburne Rd,US-7,Property Damage Only,Same Direction Sideswipe,Clear,"State Highway numbered route, State owned",20SB000248,So. Burlington PD.,10,0.54,None/Other,Day,Nesti Drive,None,None,,VT0040300,Not at a Junction,None,Shelburne Rd,Dry,70,"44.42861155436856,-73.21127130674125"
4248275,,"January 8, 2020, 5:39 AM",Colchester,Curve Hill Road,TOWN ROAD 0017,Property Damage Only,Single Vehicle Crash,Freezing Precipitation,"City, Village or Urban Compact Street not in FA Urban Area (Class 2 and 3 Non-Federal Aid)",20CC000266,Colchester PD.,6,999.99,None/Other,Night,Colchester Pond Road,None,None,,VT0040500,Y - Intersection,"Road Surface Condition(wet, icy, snow, slush, etc)",Curve Hill Road,Ice,T0017,"44.54687489285151,-73.12543702369888"
4252244,,"January 8, 2020, 7:12 AM",Essex,13 Susie Wilson Rd,SUSIE WILSON RD.,Injury,Rear End,Freezing Precipitation,Federal Aid Urban System (Class 2 TH's and 3 TH's only),20ES00126,Essex PD.,2,0.1,None/Other,Day,PINECREST DRIVE,None,None,,VT0040200,Four-way Intersection,None,13 Susie Wilson Rd,Wet,U5410,"44.50545906676696,-73.1367147506753"
4252743,,"January 8, 2020, 1:43 PM",Williston,5303 WILLISTON ROAD,US-2,Property Damage Only,Single Vehicle Crash,Cloudy,"State Highway numbered route, State owned",20WT00100,Williston PD.,10,0.986,None/Other,Day,,None,Heavy Truck,,VT0041000,Not at a Junction,"Road Surface Condition(wet, icy, snow, slush, etc)",5303 WILLISTON ROAD,Ice,20,"44.4528668534541,-73.11841788917953"
4251765,,"January 8, 2020, 3:25 PM",Essex,50 Susie Wilson Rd,SUSIE WILSON RD.,Injury,"No Turns, Thru moves only, Broadside ^<",Wind,Federal Aid Urban System (Class 2 TH's and 3 TH's only),20ES00134,Essex PD.,2,0.42,None/Other,Day,Kellogg Rd,None,None,,VT0040200,Not at a Junction,Other - Explain in Narrative,50 Susie Wilson Rd,Wet,U5410,"44.508869958455364,-73.1324382578414"
4245987,,"January 8, 2020, 3:45 PM",Williston,Marshall Ave,MARSHALL AVE.,Property Damage Only,Rear End,Cloudy,Federal Aid Urban System (Class 2 TH's and 3 TH's only),20WT00104,Williston PD.,2,0.85,None/Other,Day,Wellness Dr,None,None,,VT0041000,T - Intersection,"Road Surface Condition(wet, icy, snow, slush, etc)",Marshall Ave,Ice,U5505,"44.44500607522992,-73.12616597721912"
4244786,,"January 8, 2020, 4:14 PM",South Burlington,I-89,I-89,Property Damage Only,Rear End,Cloudy,"State Highway numbered route, State owned",20A100121,VSP - A1 Williston,10,89.015,None/Other,Day,I- 89,None,Heavy Truck,,VTVSP0100,On Ramp,None,I-89,Wet,890,"44.47355364367228,-73.18148385153184"
4252339,,"January 8, 2020, 4:29 PM",South Burlington,Hinesburg Road,VT-116,Property Damage Only,Rear End,Clear,"State Highway numbered route, State owned",20SB000285,So. Burlington PD.,10,3.06,None/Other,Day,Kennedy Drive,None,None,,VT0040300,Not at a Junction,None,Hinesburg Road,Wet,1160,"44.45259282593768,-73.16163048475374"
4251416,,"January 8, 2020, 5:17 PM",Hinesburg,96 SILVER ST,SILVER ST,Property Damage Only,"No Turns, Thru moves only, Broadside ^<",Clear,Federal Aid Secondary System (Class 2 TH),20HB00026,Hinesburg PD.,3,3.3,None/Other,Night,VT-116,None,None,,VT0041200,Not at a Junction,"Road Surface Condition(wet, icy, snow, slush, etc)",96 SILVER ST,Ice,S0199,"44.3254175960506,-73.11017012160926"
4251721,,"January 9, 2020, 2:40 AM",South Burlington,I-89,I-89,Injury,Single Vehicle Crash,Clear,"State Highway numbered route, State owned",20A100130,VSP - A1 Williston,10,85,None/Other,Night,,None,None,,VTVSP0100,Not at a Junction,None,I-89,Dry,890,"44.44215743027287,-73.13545889150785"
4249952,,"January 9, 2020, 8:16 AM",Winooski City,Main St,US-7,Property Damage Only,Rear End,Clear,"State Highway numbered route, Class 1 TH",20WS000184,Winooski PD.,11,0.2,None/Other,Day,W Allen St,None,None,,VT0040400,Traffic circle / roundabout,None,Main St,Dry,70,"44.49140960622884,-73.18653017361537"
4251564,,"January 9, 2020, 9:18 AM",Winooski City,Main St,US-7,Property Damage Only,Rear End,Clear,"State Highway numbered route, Class 1 TH",20WS000186,Winooski PD.,11,0.579,None/Other,Day,Stevens St,None,None,,VT0040400,Not at a Junction,None,Main St,Dry,70,"44.496651728396586,-73.18520101922128"
4251724,,"January 9, 2020, 11:20 AM",Williston,Marshall Ave,MARSHALL AVE.,Injury,Single Vehicle Crash,Clear,Federal Aid Urban System (Class 2 TH's and 3 TH's only),20WT00115,Williston PD.,2,0.896,None/Other,Day,E Commerce  Park Driveway,None,Pedestrian,,VT0041000,T - Intersection,None,Marshall Ave,Dry,U5505,"44.44513926392912,-73.12526142837866"
4252081,,"January 9, 2020, 12:09 PM",South Burlington,80 Ethan Allen Dr,Unknown,Property Damage Only,Other - Explain in Narrative,Clear,"Other Public Roadway (Rest Areas, Shopping Center - anything open to public)",20SB000311,So. Burlington PD.,9,999.99,None/Other,Day,Parking Lot,None,Heavy Truck,,VT0040300,Parking Lot,None,80 Ethan Allen Dr,Dry,0,"44.48370216996004,-73.15679337209946"
4251666,,"January 10, 2020, 1:02 AM",Milton,301 Bear Trap Road,BEAR TRAP ROAD,Injury,Single Vehicle Crash,Wind,Federal Aid Secondary System (Class 2 TH),20CC000325,Colchester PD.,3,1.35,None/Other,Night,Sampsonville Way,None,None,,VT0040500,Not at a Junction,"Road Surface Condition(wet, icy, snow, slush, etc)",301 Bear Trap Road,Snow,U5802,"44.62619679485791,-73.19771292444258"
4251543,,"January 10, 2020, 5:09 AM",Shelburne,5153 Burlington Rd,VT-116,Injury,Single Vehicle Crash,Freezing Precipitation,"State Highway numbered route, State owned",20SH00153,Shelburne PD.,10,1.169,None/Other,Night,State Rte 116,None,None,,VT0040700,Other - Explain in Narrative,"Road Surface Condition(wet, icy, snow, slush, etc)",5153 Burlington Rd,Snow,1160,"44.40137131495908,-73.1429052686863"
4251695,,"January 10, 2020, 6:04 AM",Essex,1601 VT-128,VT-128,Property Damage Only,Rear End,Clear,"State Highway numbered route, State owned",20ES00166,Essex PD.,10,1.03,None/Other,Day,Weed Rd,None,Heavy Truck,,VT0040200,Not at a Junction,None,1601 VT-128,Dry,1280,"44.516482745551414,-73.0401338873684"
4251690,,"January 10, 2020, 12:47 PM",Williston,ESSEX ROAD,VT-2A,Property Damage Only,Rear End,Cloudy,"State Highway numbered route, State owned",20WT00144,Williston PD.,10,4.012,None/Other,Day,PAUL STREET,None,None,,VT0041000,Not at a Junction,Unknown,ESSEX ROAD,Wet,21,"44.45379415218241,-73.11148100275678"
4251576,,"January 10, 2020, 3:06 PM",Colchester,BLAKELY ROAD,VT. 127 TH,Property Damage Only,Rear End,Clear,Federal Aid Urban System (Class 2 TH's and 3 TH's only),20CC000356,Colchester PD.,2,5.021,None/Other,Day,EDGEWOOD DRIVE,None,None,,VT0040500,Not at a Junction,None,BLAKELY ROAD,Dry,U5600,"44.52959841417241,-73.18734847722988"
4251804,,"January 10, 2020, 4:21 PM",Burlington,Shelburne Rd,US-7,Property Damage Only,Other - Explain in Narrative,Clear,"State Highway numbered route, Class 1 TH",20BU000681,Burlington PD,11,1.242,None/Other,Day,S Willard St,None,Heavy Truck,,VT0040100,Traffic circle / roundabout,None,Shelburne Rd,Dry,70,"44.46324434045147,-73.2077476074782"
4254221,,"January 10, 2020, 5:20 PM",Burlington,Route 127,VT. 127 BELTLINE,Property Damage Only,Head On,Clear,Federal Aid Urban System (Class 2 TH's and 3 TH's only),20BU000688,Burlington PD,2,1.931,None/Other,Night,Plattsburg Ave,None,None,,VT0040100,Not at a Junction,None,Route 127,Snow,U5009,"44.51206449438636,-73.23427961799935"
4251670,,"January 11, 2020, 1:59 PM",Shelburne,Shelburne Road,US-7,Injury,Rear End,Rain,"State Highway numbered route, State owned",20SH00180,Shelburne PD.,10,4.572,None/Other,Day,Martindale Road,None,None,,VT0040700,Four-way Intersection,None,Shelburne Road,Wet,70,"44.41681715825423,-73.21313913438946"
4254187,,"January 12, 2020, 5:23 PM",Burlington,S Winooski Ave,ALTERNATE US-7,Property Damage Only,"Left Turn and Thru, Angle Broadside -->v--",Clear,"State Highway numbered route, Class 1 TH",20BU000807,Burlington PD,11,1.146,None/Other,Night,Bank St,None,None,,VT0040100,Not at a Junction,None,S Winooski Ave,Dry,9993,"44.478074522817586,-73.21110012759618"
4251669,,"January 13, 2020, 6:52 AM",Essex,97 Center Rd,VT-15,Property Damage Only,Rear End,Clear,"State Highway numbered route, State owned",20ES00221,Essex PD.,10,5.04,None/Other,Day,Clover Dr,None,None,,VT0040200,Not at a Junction,"Road Surface Condition(wet, icy, snow, slush, etc)",97 Center Rd,Wet,150,"44.51095735881117,-73.06515039630517"
4251667,,"January 13, 2020, 6:56 AM",Williston,Talcott Road,Unknown,Property Damage Only,"Left Turn and Thru, Angle Broadside -->v--",Clear,Street or Town Highways in FA Urban Area,20WT00174,Williston PD.,5,999.99,None/Other,Day,37 Talcott Road,None,None,,VT0041000,Not at a Junction,None,Talcott Road,Dry,0,"44.447372738687235,-73.10500598434182"
4251537,,"January 13, 2020, 8:34 AM",Colchester,Middle Road,MIDDLE RD,Property Damage Only,Single Vehicle Crash,Clear,Street or Town Highways in FA Urban Area,20CC000468,Colchester PD.,5,999.99,None/Other,Day,1739 Middle Road,None,None,,VT0040500,Not at a Junction,"Road Surface Condition(wet, icy, snow, slush, etc)",Middle Road,Ice,0,"44.55982131252276,-73.15025931611014"
4244897,,"January 13, 2020, 9:27 AM",Burlington,1 North Ave,NORTH AVE,Property Damage Only,Same Direction Sideswipe,Clear,Private Property (Driveways),20BU000838,Burlington PD,8,999.99,None/Other,Day,Sherman St,None,None,,VT0040100,Not at a Junction,None,1 North Ave,Dry,0,"44.482010861411226,-73.22041308128343"
4253284,,"January 13, 2020, 10:24 AM",South Burlington,26 Hinesburg Rd,VT-116,Property Damage Only,Same Direction Sideswipe,Cloudy,"State Highway numbered route, State owned",20SB000451,So. Burlington PD.,10,4.195,None/Other,Day,Williston Rd,None,None,,VT0040300,Not at a Junction,None,26 Hinesburg Rd,Dry,1160,"44.466203982619135,-73.171199336094"
4254153,,"January 13, 2020, 11:41 AM",Jericho,VT Route 15,VT-15,Property Damage Only,Single Vehicle Crash,Cloudy,"State Highway numbered route, State owned",20A100192,VSP - A1 Williston,10,1.57,None/Other,Day,Woodland Drive,None,None,,VTVSP0100,Not at a Junction,None,VT Route 15,Wet,150,"44.509645397395,-72.97770328639383"
4248476,,"January 13, 2020, 3:38 PM",Milton,349 Middle Rd,MIDDLE ROAD,Property Damage Only,Head On,Freezing Precipitation,Federal Aid Urban System (Class 2 TH's and 3 TH's only),20MT000269,Milton PD.,2,1.24,None/Other,Day,Midle Rd,None,None,,VT0040600,Not at a Junction,"Road Surface Condition(wet, icy, snow, slush, etc)",349 Middle Rd,Snow,U5810,"44.59929250615602,-73.12820487546345"
4251568,,"January 13, 2020, 5:00 PM",Hinesburg,10460 VT-116,VT-116,Property Damage Only,Rear End,Cloudy,"State Highway numbered route, State owned",20HB00044,Hinesburg PD.,10,4.758,None/Other,Night,PUBLIC HOUSE,None,None,,VT0041200,T - Intersection,None,10460 VT-116,Dry,1160,"44.331734262066604,-73.1107677333063"
4249975,,"January 13, 2020, 9:18 PM",Burlington,North Ave,NORTH AVE.,Property Damage Only,Other - Explain in Narrative,Freezing Precipitation,Federal Aid Urban System (Class 2 TH's and 3 TH's only),20BU000903,Burlington PD,2,2.365,None/Other,Night,Poirier Pl,None,None,,VT0040100,T - Intersection,"Road Surface Condition(wet, icy, snow, slush, etc)",North Ave,Snow,U5026,"44.50843401950104,-73.24688273974623"
4251831,,"January 14, 2020, 8:49 AM",Winooski City,E Allen St,VT-15,Property Damage Only,Rear End,Clear,"State Highway numbered route, Class 1 TH",20WS000283,Winooski PD.,11,0.557,None/Other,Day,Dion St,None,None,,VT0040400,Not at a Junction,None,E Allen St,Wet,150,"44.493169879604054,-73.17514823610861"
4251621,,"January 14, 2020, 11:06 AM",South Burlington,Tilley Dr,TILLEY DR,Property Damage Only,Rear End,Cloudy,Street or Town Highways in FA Urban Area,20SB000488,So. Burlington PD.,5,999.99,None/Other,Day,Hinesburg Rd,None,None,,VT0040300,T - Intersection,None,Tilley Dr,Dry,0,"44.44896358653852,-73.15747433971131"
4252866,,"January 14, 2020, 12:08 PM",South Burlington,3 Green Tree Dr,GREEN TREE DR,Property Damage Only,"No Turns, Thru moves only, Broadside ^<",Cloudy,"Other Public Roadway (Rest Areas, Shopping Center - anything open to public)",20SB000490,So. Burlington PD.,9,999.99,None/Other,Day,Gregory Dr,None,None,,VT0040300,Parking Lot,,3 Green Tree Dr,Dry,0,"44.45534875128053,-73.13972579971859"
4249136,,"January 14, 2020, 1:18 PM",Burlington,Pearl St,PEARL ST.,Property Damage Only,"Left Turn and Thru, Angle Broadside -->v--",Clear,Federal Aid Urban System (Class 2 TH's and 3 TH's only),20BU000959,Burlington PD,2,0.623,None/Other,Day,300 Pearl St,None,None,,VT0040100,Not at a Junction,None,Pearl St,Wet,U5038,"44.48062169035759,-73.20678825625868"
4251587,,"January 14, 2020, 4:19 PM",Shelburne,Bostwick Rd,BOSTWICK RD,Property Damage Only,Single Vehicle Crash,Cloudy,Minor Collector - Non Fed Aid Rural TH,20SH00226,Shelburne PD.,4,999.99,Deer,Day,Bostwick Farm Rd,None,None,,VT0040700,Not at a Junction,None,Bostwick Rd,Dry,S0831,"44.366751182584856,-73.24522430693229"
4252062,,"January 15, 2020, 8:46 AM",South Burlington,Dorset Street at Hickory Lane,DORSET ST.,Property Damage Only,Same Direction Sideswipe,Clear,Federal Aid Urban System (Class 2 TH's and 3 TH's only),20SB000542,So. Burlington PD.,2,3.4,None/Other,Day,Hickory Ln,None,Heavy Truck,,VT0040300,Not at a Junction,None,Dorset Street at Hickory Lane,Dry,U5208,"44.4590270474451,-73.1797841742061"
4251449,,"January 15, 2020, 9:16 AM",South Burlington,Gregory Drive,GREGORY DR,Property Damage Only,"Left Turn and Thru, Broadside v<--",Cloudy,Street or Town Highways in FA Urban Area,20SB000544,So. Burlington PD.,5,999.99,None/Other,Day,Williston Road,None,None,,VT0040300,,"Road Surface Condition(wet, icy, snow, slush, etc)",Gregory Drive,Wet,0,"44.45818089783545,-73.13767054357487"
4251603,,"January 15, 2020, 11:30 AM",Shelburne,Shelburne Road,US-7,Property Damage Only,Rear End,Cloudy,"State Highway numbered route, State owned",20SH00241,Shelburne PD.,10,1.937,None/Other,Day,Falls Road,None,None,,VT0040700,Four-way Intersection,None,Shelburne Road,Wet,70,"44.38035118843188,-73.22765473173772"
4253761,,"January 15, 2020, 4:54 PM",Winooski City,E Allen St,VT-15,Property Damage Only,Rear End,Freezing Precipitation,Ramp or Spur,20WS000319,Winooski PD.,7,0.019,None/Other,Day,Weaver Ln,None,Heavy Truck,,VT0040400,Traffic circle / roundabout,"Road Surface Condition(wet, icy, snow, slush, etc)",E Allen St,Snow,150,"44.49135683545083,-73.18564797157501"
4251560,,"January 15, 2020, 5:18 PM",South Burlington,Dorset Street,DORSET ST.,Injury,"Left Turn and Thru, Broadside v<--",Clear,Federal Aid Urban System (Class 2 TH's and 3 TH's only),20SB000559,So. Burlington PD.,2,3.704,None/Other,Night,Garden Street,None,None,,VT0040300,Four-way Intersection,None,Dorset Street,Dry,U5208,"44.46337587882169,-73.18067264224658"
4251254,,"January 16, 2020, 5:32 AM",Colchester,COLLEGE PARKWAY,VT-15,Property Damage Only,Rear End,Freezing Precipitation,"State Highway numbered route, State owned",20CC000591,Colchester PD.,10,0.932,None/Other,Night,VT NATIONAL GUARD ROAD,None,Heavy Truck,,VT0040500,Four-way Intersection,"Road Surface Condition(wet, icy, snow, slush, etc)",COLLEGE PARKWAY,Snow,150,"44.49859285097835,-73.15620378263318"
4251403,,"January 16, 2020, 6:12 AM",South Burlington,Lime Kiln Rd,AIRPORT PARKWAY,Injury,Rear End,Freezing Precipitation,Federal Aid Urban System (Class 2 TH's and 3 TH's only),20SB000574,So. Burlington PD.,2,1.429,None/Other,Day,Shamrock Rd,None,None,,VT0040300,Not at a Junction,"Road Surface Condition(wet, icy, snow, slush, etc)",Lime Kiln Rd,Snow,U5206,"44.48593626259511,-73.16207180973582"
4251433,,"January 16, 2020, 6:13 AM",Essex,33 Jericho Rd,VT-15,Property Damage Only,Single Vehicle Crash,Freezing Precipitation,"State Highway numbered route, State owned",20ES00269,Essex PD.,10,5.74,None/Other,Day,Frederick Rd,None,None,,VT0040200,Not at a Junction,"Road Surface Condition(wet, icy, snow, slush, etc)",33 Jericho Rd,Slush,150,"44.508416926007236,-73.05299542192792"
4251444,,"January 16, 2020, 6:22 AM",Essex,Jericho Road,VT-15,Property Damage Only,"Left Turn and Thru, Broadside v<--",Freezing Precipitation,"State Highway numbered route, State owned",20ES00270,Essex PD.,10,6.51,None/Other,Day,Allen Martin Drive,None,None,,VT0040200,T - Intersection,"Road Surface Condition(wet, icy, snow, slush, etc)",Jericho Road,Snow,150,"44.50452969143644,-73.03839071140288"
4251327,,"January 16, 2020, 6:38 AM",Colchester,2763 MALLETTS BAY AVENUE,MALLETTS BAY AVE.,Property Damage Only,Other - Explain in Narrative,Freezing Precipitation,Federal Aid Urban System (Class 2 TH's and 3 TH's only),20CC000594,Colchester PD.,2,0.143,None/Other,Day,YOUNG STREET,None,None,,VT0040500,Other - Explain in Narrative,"Road Surface Condition(wet, icy, snow, slush, etc)",2763 MALLETTS BAY AVENUE,Snow,U5608,"44.50167919362253,-73.19846181470159"
4247588,,"January 16, 2020, 6:40 AM",Richmond,Huntington Road,HUNTINGTON RD,Property Damage Only,Opp Direction Sideswipe,Freezing Precipitation,Federal Aid Secondary System (Class 2 TH),20A100230,VSP - A1 Williston,3,4.16,None/Other,Day,Residence # 400,None,None,,VTVSP0100,Not at a Junction,"Road Surface Condition(wet, icy, snow, slush, etc)",Huntington Road,Snow,S0209,"44.398454925865195,-73.00811873761741"
4245172,,"January 16, 2020, 6:45 AM",Burlington,Home Ave,HOME AVE,Property Damage Only,Head On,Freezing Precipitation,Street or Town Highways in FA Urban Area,20BU001076,Burlington PD,5,999.99,None/Other,Day,Richardson Pl,None,None,,VT0040100,Four-way Intersection,"Road Surface Condition(wet, icy, snow, slush, etc)",Home Ave,Snow,0,"44.450944736712906,-73.21303389525173"
4251800,,"January 16, 2020, 6:47 AM",Colchester,790 COLLEGE PARKWAY,Unknown,Property Damage Only,Rear End,Freezing Precipitation,"Other Public Roadway (Rest Areas, Shopping Center - anything open to public)",20CC00596,Colchester PD.,9,999.99,None/Other,Day,FANNY ALLEN PARKING LOT,None,Heavy Truck,,VT0040500,Driveway,"Road Surface Condition(wet, icy, snow, slush, etc)",790 COLLEGE PARKWAY,Snow,0,"44.49687274741274,-73.15774479270871"
4251440,,"January 16, 2020, 7:06 AM",Williston,Industrial Avenue,INDUSTRIAL AVE.,Property Damage Only,Other - Explain in Narrative,Freezing Precipitation,Federal Aid Urban System (Class 2 TH's and 3 TH's only),20SB000576,So. Burlington PD.,2,0.654,None/Other,Day,Ave D,None,None,,VT0040300,T - Intersection,"Road Surface Condition(wet, icy, snow, slush, etc)",Industrial Avenue,Snow,U5504,"44.462924216763405,-73.11972694368356"
4246783,,"January 16, 2020, 7:07 AM",Colchester,East Road,EAST ROAD,Property Damage Only,Single Vehicle Crash,Freezing Precipitation,Federal Aid Urban System (Class 2 TH's and 3 TH's only),20CC000601,Colchester PD.,2,0.015,None/Other,Day,21 East Road,None,None,,VT0040500,Not at a Junction,"Road Surface Condition(wet, icy, snow, slush, etc)",East Road,Snow,U5610,"44.54388962712681,-73.14796157602578"
4251439,,"January 16, 2020, 7:19 AM",South Burlington,Williston Rd,US-2,Property Damage Only,Same Direction Sideswipe,Freezing Precipitation,"State Highway numbered route, Class 1 TH",20SB000578,So. Burlington PD.,11,0.31,None/Other,Day,Overpass,None,None,,VT0040300,Not at a Junction,,Williston Rd,Snow,20,"44.47007917928653,-73.18442172976711"
4251556,,"January 16, 2020, 7:27 AM",Colchester,342 Main St,VT-2A,Injury,Rear End,Freezing Precipitation,"State Highway numbered route, State owned",20CC000603,Colchester PD.,10,2.117,None/Other,Day,Middle Rd,None,None,,VT0040500,Not at a Junction,"Road Surface Condition(wet, icy, snow, slush, etc)",342 Main St,Snow,21,"44.54818471265769,-73.15960173726407"
4247361,,"January 16, 2020, 7:40 AM",Shelburne,3640 Shelburne Road,US-7,Property Damage Only,Head On,Freezing Precipitation,"State Highway numbered route, State owned",20SH00261,Shelburne PD.,10,3.622,None/Other,Day,Bay Road,None,None,,VT0040700,Not at a Junction,"Road Surface Condition(wet, icy, snow, slush, etc)",3640 Shelburne Road,Snow,70,"44.40344943638308,-73.21747594015045"
4253104,,"January 16, 2020, 7:41 AM",Colchester,Main Street,VT-2A,Property Damage Only,Head On,Freezing Precipitation,"State Highway numbered route, State owned",20CC000606,Colchester PD.,10,0.646,None/Other,Day,Birchwood Drive,None,None,,VT0040500,Not at a Junction,"Road Surface Condition(wet, icy, snow, slush, etc)",Main Street,Snow,21,"44.536071662075045,-73.13598784111882"
4251257,,"January 16, 2020, 7:55 AM",Milton,89 US RT 7 N,Unknown,Property Damage Only,Other - Explain in Narrative,Clear,"Other Public Roadway (Rest Areas, Shopping Center - anything open to public)",20MT000336,Milton PD.,9,999.99,None/Other,Day,Dam Store/Frey Deli,None,None,,VT0040600,Parking Lot,None,89 US RT 7 N,Snow,0,"44.65155632881347,-73.11455838446977"
4254682,,"January 16, 2020, 8:10 AM",Richmond,1436 W Main St,US-2,Property Damage Only,"No Turns, Thru moves only, Broadside ^<",Freezing Precipitation,"State Highway numbered route, State owned",20RM00025,Richmond PD.,10,1.3,None/Other,Day,W Main St,None,None,,VT0040800,Driveway,"Road Surface Condition(wet, icy, snow, slush, etc)",1436 W Main St,Snow,20,"44.42191535085031,-73.00593546050585"
4251766,,"January 16, 2020, 8:16 AM",St. George,VT-116,VT-116,Property Damage Only,Same Direction Sideswipe,Freezing Precipitation,"State Highway numbered route, State owned",20HB00049,Hinesburg PD.,10,0.343,None/Other,Day,VT ROUTE 2A,None,None,,VT0041200,Not at a Junction,"Road Surface Condition(wet, icy, snow, slush, etc)",VT-116,Snow,1160,"44.36993343750384,-73.12865038947345"
4251517,,"January 16, 2020, 9:04 AM",Colchester,CAMPUS ROAD,CAMPUS RD,Property Damage Only,Opp Direction Sideswipe,Freezing Precipitation,"Other Public Roadway (Rest Areas, Shopping Center - anything open to public)",20CC000608,Colchester PD.,9,999.99,None/Other,Day,ST MICHAELS COLLEGE,None,Heavy Truck,,VT0040500,Parking Lot,None,CAMPUS ROAD,Snow,0,"44.49629965545257,-73.16347190295343"
4251835,,"January 16, 2020, 9:14 AM",Colchester,Blakely Road,VT. 127 TH,Property Damage Only,Single Vehicle Crash,Freezing Precipitation,Federal Aid Urban System (Class 2 TH's and 3 TH's only),20CC000610,Colchester PD.,2,4.44,None/Other,Day,Lavigne Road,None,None,,VT0040500,Not at a Junction,"Road Surface Condition(wet, icy, snow, slush, etc)",Blakely Road,Snow,U5600,"44.531425374792185,-73.19946638741236"
4251290,,"January 16, 2020, 11:08 AM",Winooski City,E Allen St,I-89,Property Damage Only,Same Direction Sideswipe,Clear,Ramp or Spur,20WS000343,Winooski PD.,7,0.005,None/Other,Day,Exit 15,None,Heavy Truck,,VT0040400,Off Ramp,None,E Allen St,Wet,890,"44.49314896215946,-73.17414807768603"
4247428,,"January 16, 2020, 12:27 PM",South Burlington,150 Dorset St,Unknown,Property Damage Only,Same Direction Sideswipe,Freezing Precipitation,"Other Public Roadway (Rest Areas, Shopping Center - anything open to public)",20SB000589,So. Burlington PD.,9,999.99,None/Other,Day,Blue Mall,None,None,,VT0040300,Parking Lot,None,150 Dorset St,Snow,0,"44.46515156647361,-73.18046129226227"
4252467,,"January 16, 2020, 2:37 PM",Milton,US RT 7,US-7,Property Damage Only,Rear End,Freezing Precipitation,"State Highway numbered route, State owned",20MT000345,Milton PD.,10,3.47,None/Other,Day,Bombardier RD,None,None,,VT0040600,Not at a Junction,"Road Surface Condition(wet, icy, snow, slush, etc)",US RT 7,Snow,70,"44.62125180281824,-73.12629243930793"
4251889,,"January 16, 2020, 3:19 PM",Essex,I289,VT-289,Property Damage Only,Same Direction Sideswipe,Freezing Precipitation,"Other Public Roadway (Rest Areas, Shopping Center - anything open to public)",20ES00280,Essex PD.,9,0.23,None/Other,Day,EXIT 7,None,None,,VT0040200,Off Ramp,"Road Surface Condition(wet, icy, snow, slush, etc)",I289,Snow,2890,"44.5182327659888,-73.12100016455452"
4253741,,"January 16, 2020, 4:44 PM",Burlington,1127 North Ave,NORTH AVE.,Injury,Single Vehicle Crash,Freezing Precipitation,Federal Aid Urban System (Class 2 TH's and 3 TH's only),20BU001129,Burlington PD,2,2.201,None/Other,Day,Farmington Trailer Park Entrance,None,Pedestrian,,VT0040100,Four-way Intersection,None,1127 North Ave,Slush,U5026,"44.506795797113554,-73.24466599434405"
4253594,,"January 16, 2020, 8:11 PM",Milton,US RT 7,US-7,Property Damage Only,Single Vehicle Crash,Freezing Precipitation,"State Highway numbered route, State owned",20MT000348,Milton PD.,10,0.59,None/Other,Night,Allen Dr,None,None,,VT0040600,Not at a Junction,"Road Surface Condition(wet, icy, snow, slush, etc)",US RT 7,Snow,70,"44.60328016135003,-73.16033049142223"
4251408,,"January 17, 2020, 7:04 AM",Richmond,Huntington Road,HUNTINGTON RD,Property Damage Only,Rear End,Cloudy,Federal Aid Secondary System (Class 2 TH),20A100269,VSP - A1 Williston,3,3.47,None/Other,Day,Hinesburg Road,None,None,,VTVSP0100,T - Intersection,"Road Surface Condition(wet, icy, snow, slush, etc)",Huntington Road,Ice,S0211,"44.39797220558598,-73.01247430559336"
4249159,,"January 17, 2020, 7:17 AM",Bolton,,I-89,Property Damage Only,Single Vehicle Crash,Clear,"State Highway numbered route, State owned",20A100272,VSP - A3 Middlesex,10,58.78,None/Other,Day,Exit 10,None,None,,VTVSP1200,Not at a Junction,"Road Surface Condition(wet, icy, snow, slush, etc)",,Ice,890,"44.298808288735145,-72.68639747047882"
4251335,,"January 17, 2020, 7:30 AM",Colchester,Heineberg Drive,HEINEBERG DR,Property Damage Only,"Left Turn and Thru, Head On ^v--",Clear,Private Property (Driveways),20CC000636,Colchester PD.,8,999.99,None/Other,Day,16 Heineberg Drive,None,None,,VT0040500,Driveway,None,Heineberg Drive,Dry,0,"44.5363379638986,-73.24795027766314"
4246978,,"January 17, 2020, 8:02 AM",Colchester,ROUTE 7,US-7,Property Damage Only,Single Vehicle Crash,Clear,"State Highway numbered route, State owned",20CC000637,Colchester PD.,10,6.802,None/Other,Day,PARK AND RIDE,None,None,,VT0040500,Not at a Junction,"Road Surface Condition(wet, icy, snow, slush, etc)",ROUTE 7,Ice,70,"44.59370657869406,-73.16620416935162"