ObjectID,Mapped,Crash Date,City/Town,Address,AOT Route,Crash Type,Collision Direction,Weather,Road Group,Report Number,Reporting Agency,Road Group ID,AOT Actual Milepoint,Animal,Time of Day,Intersection With,Impairment,Involving,Non Reportable Address,Reporting Agency ID,Road Characteristics,Road Condition,Street Address,Surface Condition,AOT Route ID,Coordinates
4247315,,"January 17, 2020, 9:05 AM",Burlington,Pearl St,PEARL ST.,Property Damage Only,"Left Turn and Thru, Head On ^v--",Clear,Federal Aid Urban System (Class 2 TH's and 3 TH's only),20BU001183,Burlington PD,2,0.649,None/Other,Day,S Willard St,None,None,,VT0040100,Not at a Junction,None,Pearl St,Ice,U5038,"44.48063625138964,-73.2062720044836"
4245676,,"January 17, 2020, 9:44 AM",Burlington,237 East Ave,EAST AVE.,Injury,Rear End,Clear,Federal Aid Urban System (Class 2 TH's and 3 TH's only),20BU001186,Burlington PD,2,0.225,None/Other,Day,Hope Lodge,None,None,,VT0040100,Not at a Junction,Unknown,237 East Ave,Ice,U5016,"44.4757882987316,-73.19097354664454"
4252389,,"January 17, 2020, 10:22 AM",South Burlington,Dorset St,DORSET ST.,Property Damage Only,Same Direction Sideswipe,Clear,Federal Aid Urban System (Class 2 TH's and 3 TH's only),20SB000616,So. Burlington PD.,2,3.7,None/Other,Day,Garden St,None,None,,VT0040300,Four-way Intersection,"Road Surface Condition(wet, icy, snow, slush, etc)",Dorset St,Slush,U5208,"44.46332098554462,-73.1806614229919"
4251391,,"January 17, 2020, 11:44 AM",South Burlington,Dorset Street,US-2,Property Damage Only,Rear End,Clear,"State Highway numbered route, State owned",20SB000617,So. Burlington PD.,10,0.487,None/Other,Day,Williston Rd,None,None,,VT0040300,Four-way Intersection,,Dorset Street,Slush,20,"44.46913872211855,-73.1811101267072"
4251373,,"January 17, 2020, 3:42 PM",Williston,Maple Tree Place,MAPLE TREE PL,Property Damage Only,"Left Turn and Thru, Angle Broadside -->v--",Clear,"Other Public Roadway (Rest Areas, Shopping Center - anything open to public)",20WT00241,Williston PD.,9,999.99,None/Other,Day,Shaws Parking Lot Entrance,None,None,,VT0041000,T - Intersection,None,Maple Tree Place,Dry,0,"44.446838748928755,-73.10679298979916"
4252463,,"January 17, 2020, 5:50 PM",Richmond,2675 Huntington Rd,HUNTINGTON RD,Property Damage Only,Single Vehicle Crash,Clear,Federal Aid Secondary System (Class 2 TH),20RM00031,Richmond PD.,3,1.46,Deer,Night,Pine Tree Ln,None,None,,VT0040800,Not at a Junction,None,2675 Huntington Rd,Snow,S0211,"44.37267263151845,-73.00016484070741"
4251355,,"January 17, 2020, 9:40 PM",Burlington,College St,COLLEGE ST,Injury,Rear End,Clear,Street or Town Highways in FA Urban Area,20BU001223,Burlington PD,5,999.99,None/Other,Night,S Prospect St,Alcohol,None,,VT0040100,T - Intersection,None,College St,Wet,0,"44.47777513616252,-73.20059091073949"
4251359,,"January 18, 2020, 12:33 PM",South Burlington,1087 Williston Rd,US-2,Property Damage Only,Same Direction Sideswipe,Cloudy,"State Highway numbered route, Class 1 TH",20SB000648,So. Burlington PD.,11,0.543,None/Other,Day,,None,None,,VT0040300,Not at a Junction,None,1087 Williston Rd,Dry,20,"44.46888663793337,-73.1800700108214"
4251679,,"January 18, 2020, 1:28 PM",Richmond,319 Hillview Rd,TOWN ROAD 0009,Property Damage Only,"No Turns, Thru moves only, Broadside ^<",Clear,"City, Village or Urban Compact Street not in FA Urban Area (Class 2 and 3 Non-Federal Aid)",20RM00033,Richmond PD.,6,999.99,None/Other,Day,Mountain View Rd,None,None,,VT0040800,Driveway,None,319 Hillview Rd,Snow,T0009,"44.39237736705432,-73.01828291689722"
4251367,,"January 18, 2020, 2:28 PM",South Burlington,10 Dorset St,DORSET ST.,Property Damage Only,"Left Turn and Thru, Head On ^v--",Freezing Precipitation,Federal Aid Urban System (Class 2 TH's and 3 TH's only),20SB000652,So. Burlington PD.,2,4.069,None/Other,Day,Dorset St,None,None,,VT0040300,Not at a Junction,,10 Dorset St,Snow,U5208,"44.4685997519092,-73.18145971887606"
4251332,,"January 18, 2020, 4:26 PM",Winooski City,99 Malletts Bay Ave,Unknown,Property Damage Only,Rear End,Clear,"Other Public Roadway (Rest Areas, Shopping Center - anything open to public)",20WS000385,Winooski PD.,9,999.99,None/Other,Day,Parking Lot,None,None,,VT0040400,Parking Lot,None,99 Malletts Bay Ave,Wet,0,"44.494011073848036,-73.19124505061811"
4246745,,"January 18, 2020, 4:55 PM",Williston,MARSHALL AVE,MARSHALL AVE.,Property Damage Only,"No Turns, Thru moves only, Broadside ^<",Freezing Precipitation,Federal Aid Urban System (Class 2 TH's and 3 TH's only),20WT00258,Williston PD.,2,1.497,None/Other,Day,MERCHANTS ROW,Alcohol,None,,VT0041000,T - Intersection,"Road Surface Condition(wet, icy, snow, slush, etc)",MARSHALL AVE,Snow,U5505,"44.44465056406422,-73.11377911565297"
4253424,,"January 18, 2020, 5:42 PM",Underhill,Pleasant Valley Road,PLEASANT VALLEY RD,Injury,Single Vehicle Crash,Clear,Federal Aid Secondary System (Class 2 TH),20A100289,VSP - A1 Williston,3,5.92,None/Other,Night,Ellsworth Meadow Lane,None,None,,VTVSP0100,Not at a Junction,"Road Surface Condition(wet, icy, snow, slush, etc)",Pleasant Valley Road,Snow,S0233,"44.55024332692236,-72.86732738435667"
4250319,,"January 18, 2020, 6:45 PM",Colchester,BAY ROAD,E. LAKESHORE DR.,Property Damage Only,Single Vehicle Crash,Freezing Precipitation,Federal Aid Urban System (Class 2 TH's and 3 TH's only),20CC000676,Colchester PD.,2,1.464,None/Other,Night,EAST LAKESHORE DRIVE,None,None,,VT0040500,Y - Intersection,"Road Surface Condition(wet, icy, snow, slush, etc)",BAY ROAD,Snow,U5618,"44.554766771208726,-73.19108465750149"
4254453,,"January 18, 2020, 7:18 PM",Winooski City,E Allen St,VT-15,Property Damage Only,Opp Direction Sideswipe,Freezing Precipitation,"State Highway numbered route, State owned",20WS000386,Winooski PD.,10,0.38,None/Other,Night,HHHHHod St,None,None,,VT0040400,Y - Intersection,"Road Surface Condition(wet, icy, snow, slush, etc)",E Allen St,Snow,150,"44.49264190778521,-73.17859741149569"
4246742,,"January 18, 2020, 8:33 PM",Burlington,418 North St,NORTH ST,Property Damage Only,Other - Explain in Narrative,Clear,Street or Town Highways in FA Urban Area,20BU001280,Burlington PD,5,999.99,None/Other,Night,Dans Ct,None,None,,VT0040100,Other - Explain in Narrative,"Road Surface Condition(wet, icy, snow, slush, etc)",418 North St,Snow,0,"44.48495028668218,-73.20518434990723"
4252169,,"January 18, 2020, 9:30 PM",Colchester,SHADY LANE,SHADY LN,Property Damage Only,Head On,Freezing Precipitation,Street or Town Highways in FA Urban Area,20CC000697,Colchester PD.,5,999.99,None/Other,Night,,None,None,,VT0040500,Not at a Junction,Unknown,SHADY LANE,Snow,0,"44.545762189905496,-73.25857877606673"
4254480,,"January 18, 2020, 11:59 PM",South Burlington,1055 Williston Rd,US-2,Property Damage Only,Rear End,Freezing Precipitation,"State Highway numbered route, State owned",20SB000670,So. Burlington PD.,10,1.002,None/Other,Night,Williston Rd,None,None,,VT0040300,Four-way Intersection,"Road Surface Condition(wet, icy, snow, slush, etc)",1055 Williston Rd,Snow,20,"44.46698552915496,-73.17137482669013"
4251467,,"January 19, 2020, 5:01 AM",Milton,6 River St,US-7,Property Damage Only,Single Vehicle Crash,Freezing Precipitation,"State Highway numbered route, State owned",20MT000407,Milton PD.,10,5.01,None/Other,Night,Jenkins Auto,None,None,,VT0040600,Not at a Junction,"Road Surface Condition(wet, icy, snow, slush, etc)",6 River St,Snow,70,"44.639475518442445,-73.11342649758386"
4251547,,"January 19, 2020, 5:07 AM",Colchester,Roosevelt Highway,US-7,Property Damage Only,Rear End,Freezing Precipitation,"State Highway numbered route, State owned",20CC000690,Colchester PD.,10,6.517,None/Other,Night,US Route 2,None,None,,VT0040500,T - Intersection,"Road Surface Condition(wet, icy, snow, slush, etc)",Roosevelt Highway,Snow,70,"44.589547402577054,-73.16644712402515"
4251406,,"January 19, 2020, 7:54 AM",Williston,I-89 South,I-89,Property Damage Only,Other - Explain in Narrative,Freezing Precipitation,"State Highway numbered route, State owned",20A100312,VSP - A1 Williston,10,80,None/Other,Day,Area Of Mile Marker 80,None,None,,VTVSP0100,Not at a Junction,"Road Surface Condition(wet, icy, snow, slush, etc)",I-89 South,Other - Explain in Narrative,890,"44.431028973141444,-73.03896426807034"
4251339,,"January 19, 2020, 9:29 AM",Burlington,315 Pine St,PINE ST.,Property Damage Only,Rear End,Clear,Federal Aid Urban System (Class 2 TH's and 3 TH's only),20BU001310,Burlington PD,2,1.09,None/Other,Day,Kilburn St,None,None,,VT0040100,T - Intersection,None,315 Pine St,Dry,U5040,"44.47112615580692,-73.21525172668244"
4247723,,"January 19, 2020, 11:20 AM",South Burlington,635 Hinesburg Rd,Unknown,Property Damage Only,Other - Explain in Narrative,Freezing Precipitation,"Other Public Roadway (Rest Areas, Shopping Center - anything open to public)",20SB000679,So. Burlington PD.,9,999.99,None/Other,Day,,None,None,,VT0040300,Parking Lot,None,635 Hinesburg Rd,Snow,0,"44.452842183036644,-73.16330634023656"
4248590,,"January 19, 2020, 12:02 PM",South Burlington,Lime Kiln Rd,AIRPORT PARKWAY,Property Damage Only,"No Turns, Thru moves only, Broadside ^<",Freezing Precipitation,Federal Aid Urban System (Class 2 TH's and 3 TH's only),20SB000682,So. Burlington PD.,2,1.394,None/Other,Day,Airport Pkwy,None,None,,VT0040300,T - Intersection,"Road Surface Condition(wet, icy, snow, slush, etc)",Lime Kiln Rd,Snow,U5206,"44.48548762006237,-73.16236699157355"
4249576,,"January 19, 2020, 2:56 PM",Shelburne,Marsett Road at Falls Roadd,MARSETT ROAD,Property Damage Only,"No Turns, Thru moves only, Broadside ^<",Cloudy,Federal Aid Urban System (Class 2 TH's and 3 TH's only),20SH00313,Shelburne PD.,2,0,None/Other,Day,Marsett Rd,None,None,,VT0040700,Four-way Intersection,None,Marsett Road at Falls Roadd,Wet,U5718,"44.36940175234458,-73.23174947793187"
4247434,,"January 19, 2020, 3:10 PM",Shelburne,5288 Shelburne Rd,US-7,Property Damage Only,Same Direction Sideswipe,Cloudy,"State Highway numbered route, State owned",20SH00314,Shelburne PD.,10,1.96,None/Other,Day,Shelburne Rd,None,None,,VT0040700,Four-way Intersection,None,5288 Shelburne Rd,Wet,70,"44.38067165353356,-73.22753263667211"
4249394,,"January 20, 2020, 11:27 AM",Colchester,Route 7,US-7,Property Damage Only,Rear End,Clear,"State Highway numbered route, State owned",20CC000734,Colchester PD.,10,2.078,None/Other,Day,Severance Corners,None,None,,VT0040500,Not at a Junction,None,Route 7,Wet,70,"44.530164374997945,-73.171357745004"
4249164,,"January 20, 2020, 11:41 AM",Williston,329 Harvest Lane,Unknown,Property Damage Only,Rear-to-rear,Clear,"Other Public Roadway (Rest Areas, Shopping Center - anything open to public)",20WT00295,Williston PD.,9,999.99,None/Other,Day,Natural Provisions,None,None,,VT0041000,Parking Lot,None,329 Harvest Lane,Wet,0,"44.448190800244575,-73.11504425798584"
4247560,,"January 20, 2020, 12:55 PM",South Burlington,Shelburne Rd,US-7,Property Damage Only,Rear End,Clear,"State Highway numbered route, State owned",20SB000716,So. Burlington PD.,10,1.619,None/Other,Day,Lindenwood Dr,None,None,,VT0040300,Not at a Junction,None,Shelburne Rd,Wet,70,"44.444205722988045,-73.20961600591005"
4252031,,"January 20, 2020, 1:15 PM",Milton,Railroad St,RAILROAD STREET,Property Damage Only,Single Vehicle Crash,Clear,Federal Aid Urban System (Class 2 TH's and 3 TH's only),20MT000431,Milton PD.,2,0.63,None/Other,Day,Train Crossing,None,None,,VT0040600,Railway grade crossing,None,Railroad St,Wet,U5812,"44.6279437929883,-73.10863865273691"
4247600,,"January 20, 2020, 4:59 PM",Richmond,I-89 SB - Exit 11,I-89,Property Damage Only,Single Vehicle Crash,Cloudy,"State Highway numbered route, State owned",20A100347,VSP - A1 Williston,10,0.01,None/Other,Day,Exit 11,None,None,,VTVSP0100,Not at a Junction,"Road Surface Condition(wet, icy, snow, slush, etc)",I-89 SB - Exit 11,Ice,890,"44.42358128230587,-73.01174206209953"
4247391,,"January 21, 2020, 6:50 AM",South Burlington,South Burlington opposite Trader Joe's,DORSET ST.,Property Damage Only,Same Direction Sideswipe,Clear,Federal Aid Urban System (Class 2 TH's and 3 TH's only),20SB000745,So. Burlington PD.,2,3.723,None/Other,Day,San Remo Dr,None,None,,VT0040300,Not at a Junction,None,South Burlington opposite Trader Joe's,Dry,U5208,"44.46365079629468,-73.1807271320318"
4248697,,"January 21, 2020, 9:33 AM",South Burlington,47 Tilley Dr,TILLEY DR,Property Damage Only,"Left Turn and Thru, Angle Broadside -->v--",Clear,Street or Town Highways in FA Urban Area,20SB000752,So. Burlington PD.,5,999.99,None/Other,Day,Tilley Dr,None,Heavy Truck,,VT0040300,T - Intersection,None,47 Tilley Dr,Dry,0,"44.44894357580451,-73.15739509918825"
4249741,,"January 21, 2020, 4:00 PM",Williston,Williston Road,US-2,Property Damage Only,Rear End,Clear,"State Highway numbered route, State owned",20WT00320,Williston PD.,10,0.171,None/Other,Day,Miller Ln,None,None,,VT0041000,Not at a Junction,None,Williston Road,Dry,20,"44.45829898762353,-73.13257752166378"
4247367,,"January 21, 2020, 4:57 PM",Essex,Irene Ave,VT-128,Property Damage Only,Single Vehicle Crash,Clear,"State Highway numbered route, State owned",20ES00377,Essex PD.,10,0.71,Deer,Day,Route 128,None,None,,VT0040200,Not at a Junction,None,Irene Ave,Dry,1280,"44.51566160685695,-73.0464804726052"
4251551,,"January 21, 2020, 6:56 PM",Colchester,Main Street,VT-2A,Property Damage Only,Opp Direction Sideswipe,Clear,Federal Aid Urban System (Class 2 TH's and 3 TH's only),20CC000779,Colchester PD.,2,1.473,None/Other,Night,East Road,None,None,,VT0040500,Four-way Intersection,None,Main Street,Wet,21,"44.5437838989505,-73.14822394923365"
4253668,,"January 21, 2020, 8:15 PM",Bolton,INTERSTATE 89 NORTH,I-89,Injury,Same Direction Sideswipe,Clear,"State Highway numbered route, State owned",20A100367,VSP - A1 Williston,10,73,None/Other,Night,MILE MARKER 73,None,Heavy Truck,,VTVSP0100,Not at a Junction,None,INTERSTATE 89 NORTH,Dry,890,"44.38309492162436,-72.92521763741536"
4247921,,"January 21, 2020, 8:40 PM",Essex,W Hillcrest,VT-15,Property Damage Only,Single Vehicle Crash,Freezing Precipitation,"State Highway numbered route, Class 1 TH",20ES00320,Essex PD.,11,1.84,None/Other,Night,,None,None,,VT0040200,T - Intersection,"Road Surface Condition(wet, icy, snow, slush, etc)",W Hillcrest,Snow,150,"44.49314879684632,-73.11736209368551"
4251838,,"January 22, 2020, 6:58 AM",Williston,WILLISTON ROAD,US-2,Property Damage Only,"No Turns, Thru moves only, Broadside ^<",Cloudy,"State Highway numbered route, State owned",20WT00333,Williston PD.,10,3.738,None/Other,Day,OAK HILL ROAD,None,None,,VT0041000,Four-way Intersection,,WILLISTON ROAD,Dry,20,"44.43749070169543,-73.06819109935819"
4247380,,"January 22, 2020, 9:06 AM",Burlington,645 Pine St,Unknown,Property Damage Only,Opp Direction Sideswipe,Clear,"Other Public Roadway (Rest Areas, Shopping Center - anything open to public)",20BU001500,Burlington PD,9,999.99,None/Other,Day,645 Pine St,None,None,,VT0040100,Parking Lot,None,645 Pine St,Snow,0,"44.461746045303094,-73.215218427091"
4251814,,"January 22, 2020, 9:46 AM",Essex,Essex Way at Post Office,ESSEX WAY,Property Damage Only,"No Turns, Thru moves only, Broadside ^<",Clear,Federal Aid Urban System (Class 2 TH's and 3 TH's only),20ES00389,Essex PD.,2,0.29,None/Other,Day,Carmichael St,None,None,,VT0040200,Four-way Intersection,None,Essex Way at Post Office,Dry,U5414,"44.5086962822649,-73.07875872927426"
4251548,,"January 22, 2020, 10:29 AM",Colchester,College Parkway,VT-15,Property Damage Only,Rear End,Clear,"State Highway numbered route, State owned",20CC000805,Colchester PD.,10,0.459,None/Other,Day,Lime Kiln Road,None,None,,VT0040500,Not at a Junction,None,College Parkway,Dry,150,"44.493629348934704,-73.16249554928282"
4252634,,"January 22, 2020, 1:38 PM",Bolton,5490 Theodore Roosevelt Hwy,I-89,Property Damage Only,Single Vehicle Crash,Clear,"State Highway numbered route, State owned",20RM00040,Richmond PD.,10,72.6,None/Other,Day,E Main St,None,None,,VT0040800,Not at a Junction,None,5490 Theodore Roosevelt Hwy,Dry,890,"44.38113506831198,-72.91759086768216"
4251550,,"January 22, 2020, 4:05 PM",Colchester,East Road,EAST ROAD,Property Damage Only,Single Vehicle Crash,Clear,Federal Aid Urban System (Class 2 TH's and 3 TH's only),20CC000818,Colchester PD.,2,0.23,Deer,Day,Depot Road,None,None,,VT0040500,Not at a Junction,None,East Road,Dry,U5610,"44.54595440029914,-73.14485088720502"
4251805,,"January 22, 2020, 8:30 PM",Essex,54 Sleepy Hollow Rd,SLEEPY HOLLOW RD,Property Damage Only,Single Vehicle Crash,Cloudy,Street or Town Highways in FA Urban Area,20ES00395,Essex PD.,5,999.99,None/Other,Night,Sleepy Hollow Rd,None,None,,VT0040200,T - Intersection,None,54 Sleepy Hollow Rd,Dry,0,"44.50632461803488,-73.01929158347801"
4247794,,"January 23, 2020, 9:02 AM",South Burlington,1800 Williston Road,US-2,Property Damage Only,Rear End,Clear,"State Highway numbered route, Class 1 TH",20SB000809,So. Burlington PD.,11,1.856,None/Other,Day,Kennedy Drive,None,None,,VT0040300,Not at a Junction,None,1800 Williston Road,Dry,20,"44.463252363092,-73.15486178115836"
4251801,,"January 23, 2020, 9:10 AM",Williston,St George Rd,VT-2A,Property Damage Only,Rear End,Clear,"State Highway numbered route, State owned",20WT00349,Williston PD.,10,3.008,None/Other,Day,I89 Exit 12 NB Ramp,None,None,,VT0041000,Four-way Intersection,None,St George Rd,Dry,21,"44.43998585035456,-73.11472363937823"
4251799,,"January 23, 2020, 10:38 AM",South Burlington,977 Shelburne Rd,Unknown,Property Damage Only,Same Direction Sideswipe,Clear,"Other Public Roadway (Rest Areas, Shopping Center - anything open to public)",20SB000818,So. Burlington PD.,9,999.99,None/Other,Day,Jolley,None,None,,VT0040300,Not at a Junction,None,977 Shelburne Rd,Dry,0,"44.44251514691919,-73.21046041677197"
4251127,,"January 23, 2020, 11:12 AM",Colchester,69 Creek Farm Rd,Unknown,Injury,Rear End,Clear,"Other Public Roadway (Rest Areas, Shopping Center - anything open to public)",20CC000839,Colchester PD.,9,999.99,None/Other,Day,,None,None,,VT0040500,Parking Lot,None,69 Creek Farm Rd,Dry,0,"44.55090757636529,-73.16508625917041"
4251796,,"January 23, 2020, 2:25 PM",Williston,Connor Way,CONNOR WAY,Property Damage Only,Rear End,Clear,"Other Public Roadway (Rest Areas, Shopping Center - anything open to public)",20WT00357,Williston PD.,9,999.99,None/Other,Day,St George Rd,None,None,,VT0041000,Four-way Intersection,None,Connor Way,Dry,0,"44.446987698103094,-73.11092775851581"
4251786,,"January 23, 2020, 4:30 PM",Williston,497 Talcott Rd,Unknown,Property Damage Only,Other - Explain in Narrative,Clear,"Other Public Roadway (Rest Areas, Shopping Center - anything open to public)",20WT00358,Williston PD.,9,999.99,None/Other,Day,Allen Brook School Parking Lot,None,None,,VT0041000,Parking Lot,None,497 Talcott Rd,Dry,0,"44.44742126282717,-73.0970123717231"
4251790,,"January 23, 2020, 4:35 PM",Williston,1246 SOUTH BROWNELL ROAD,S BROWNELL RD,Property Damage Only,Rear End,Clear,Federal Aid Secondary System (Class 2 TH),20WT00359,Williston PD.,3,3.2,None/Other,Day,,None,None,,VT0041000,Not at a Junction,None,1246 SOUTH BROWNELL ROAD,Dry,S0333,"44.446445357189795,-73.12803620977186"
4251129,,"January 23, 2020, 4:57 PM",Colchester,Roosevelt Highway,US-7,Injury,Other - Explain in Narrative,Clear,"State Highway numbered route, State owned",20CC000855,Colchester PD.,10,0.091,None/Other,Day,South Park Drive,None,None,,VT0040500,T - Intersection,None,Roosevelt Highway,Dry,70,"44.50380918617327,-73.18188459536876"
4246747,,"January 24, 2020, 5:45 AM",Essex,11 Jackson Street,Unknown,Property Damage Only,Other - Explain in Narrative,Cloudy,"Other Public Roadway (Rest Areas, Shopping Center - anything open to public)",20ES00422,Essex PD.,9,999.99,None/Other,Night,,None,Pedestrian,,VT0040200,Parking Lot,None,11 Jackson Street,Snow,0,"44.487350742919354,-73.10917402712938"
4246794,,"January 24, 2020, 7:00 AM",Williston,ESSEX ROAD,VT-2A,Property Damage Only,Rear End,Clear,"State Highway numbered route, State owned",20WT00365,Williston PD.,10,4.119,None/Other,Day,KNIGHT LANE,None,None,,VT0041000,Not at a Junction,None,ESSEX ROAD,Dry,21,"44.45533336032229,-73.11166309559"
4248241,,"January 24, 2020, 7:55 AM",Colchester,Roosevelt Highway,US-2,Property Damage Only,Rear End,Cloudy,"State Highway numbered route, State owned",20CC000873,Colchester PD.,10,2.016,None/Other,Day,Interstate 89,None,None,,VT0040500,Four-way Intersection,None,Roosevelt Highway,Dry,20,"44.5899221517582,-73.17008773012786"
4246701,,"January 24, 2020, 12:32 PM",Burlington,1 S Prospect St,Unknown,Injury,"No Turns, Thru moves only, Broadside ^<",Clear,"Other Public Roadway (Rest Areas, Shopping Center - anything open to public)",20BU001676,Burlington PD,9,999.99,None/Other,Day,1 S Prospect St Parking Lot,None,Bicycle,,VT0040100,Parking Lot,None,1 S Prospect St,Dry,0,"44.48025601143212,-73.20131291925824"
4251778,,"January 24, 2020, 12:50 PM",Burlington,Pearl St,PEARL ST.,Property Damage Only,"No Turns, Thru moves only, Broadside ^<",Clear,Federal Aid Urban System (Class 2 TH's and 3 TH's only),20BU001678,Burlington PD,2,0.697,None/Other,Day,N Willard St,None,None,,VT0040100,Driveway,None,Pearl St,Dry,U5038,"44.480665233703746,-73.20532726217857"
4249674,,"January 24, 2020, 2:39 PM",South Burlington,155 Dorset St,Unknown,Property Damage Only,Head On,Clear,"Other Public Roadway (Rest Areas, Shopping Center - anything open to public)",20SB000849,So. Burlington PD.,9,999.99,None/Other,Day,Williston Rd,None,None,,VT0040300,Parking Lot,None,155 Dorset St,Dry,0,"44.46674039011289,-73.18265388199637"
4246758,,"January 24, 2020, 2:43 PM",South Burlington,Shelburne Rd,US-7,Property Damage Only,Rear End,Clear,"State Highway numbered route, State owned",20SB000850,So. Burlington PD.,10,0.212,None/Other,Day,Allen Road,None,None,,VT0040300,Not at a Junction,None,Shelburne Rd,Dry,70,"44.42387097510023,-73.21177762776993"
4251313,,"January 24, 2020, 3:16 PM",Colchester,PRIM ROAD,VT. 127 TH,Property Damage Only,Rear End,Cloudy,Federal Aid Urban System (Class 2 TH's and 3 TH's only),20CC000889,Colchester PD.,2,1.639,None/Other,Day,,None,None,,VT0040500,Not at a Junction,None,PRIM ROAD,Dry,U5600,"44.543984002639036,-73.23934324955826"
4248559,,"January 24, 2020, 6:30 PM",Essex,76 Center Rd,VT-15,Property Damage Only,"Left Turn and Thru, Angle Broadside -->v--",Clear,"State Highway numbered route, State owned",20ES00437,Essex PD.,10,4.85,None/Other,Night,Sunset Dr,None,None,,VT0040200,Not at a Junction,None,76 Center Rd,Dry,150,"44.510720839759855,-73.06892391845857"
4246734,,"January 24, 2020, 9:44 PM",Colchester,817 VT-15,VT-15,Property Damage Only,"No Turns, Thru moves only, Broadside ^<",Clear,"State Highway numbered route, State owned",20ES00439,Essex PD.,10,0.837,None/Other,Night,Red Pines Ln,None,None,,VT0040200,Not at a Junction,None,817 VT-15,Dry,150,"44.49766287524559,-73.15782754697419"
4251283,,"January 25, 2020, 2:24 PM",Winooski City,North St,NORTH ST,Property Damage Only,Head On,Cloudy,Street or Town Highways in FA Urban Area,20WS000542,Winooski PD.,5,999.99,None/Other,Day,Pine St,None,None,,VT0040400,T - Intersection,None,North St,Dry,0,"44.49872671537308,-73.18976672485469"
4246746,,"January 25, 2020, 2:31 PM",South Burlington,Williston Rd,US-2,Property Damage Only,Same Direction Sideswipe,Rain,"State Highway numbered route, Class 1 TH",20SB000876,So. Burlington PD.,11,0.426,None/Other,Day,I-89 Overpass,None,None,,VT0040300,Not at a Junction,None,Williston Rd,Wet,20,"44.4694484384882,-73.18225240990373"
4251018,,"January 25, 2020, 2:42 PM",Burlington,S Union St,S UNION ST.,Injury,Other - Explain in Narrative,Freezing Precipitation,Federal Aid Urban System (Class 2 TH's and 3 TH's only),20BU001770,Burlington PD,2,0.304,None/Other,Day,Cliff St,None,None,,VT0040100,T - Intersection,None,S Union St,Unknown,U5052,"44.46936866199761,-73.20838319598715"
4248106,,"January 25, 2020, 3:30 PM",Williston,863 Harvest Lane,Unknown,Property Damage Only,Other - Explain in Narrative,Rain,"Other Public Roadway (Rest Areas, Shopping Center - anything open to public)",20WT00388,Williston PD.,9,999.99,None/Other,Day,Walmart Parking Lot,None,None,,VT0041000,Parking Lot,None,863 Harvest Lane,Wet,0,"44.4418337301882,-73.12043364477982"
4248470,,"January 25, 2020, 4:46 PM",Essex,Educational Drive at Main Street,EDUCATIONAL DR,Property Damage Only,"Left Turn and Thru, Angle Broadside -->v--",Rain,Street or Town Highways in FA Urban Area,20ES00450,Essex PD.,5,999.99,None/Other,Day,Central St,None,None,,VT0040200,Four-way Intersection,"Road Surface Condition(wet, icy, snow, slush, etc)",Educational Drive at Main Street,Wet,0,"44.494420837266986,-73.10644380902693"
4251505,,"January 25, 2020, 4:51 PM",Burlington,191 College St,COLLEGE ST,Property Damage Only,Other - Explain in Narrative,Rain,Street or Town Highways in FA Urban Area,20BU001777,Burlington PD,5,999.99,None/Other,Day,Church St,None,None,,VT0040100,Not at a Junction,None,191 College St,Wet,0,"44.477103413241046,-73.21254772309814"
4248372,,"January 25, 2020, 9:30 PM",Burlington,Plattsburg Ave,PLATTSBURG AVE,Property Damage Only,Other - Explain in Narrative,Freezing Precipitation,Street or Town Highways in FA Urban Area,20BU001794,Burlington PD,5,999.99,None/Other,Night,Barley Rd,None,None,,VT0040100,T - Intersection,"Road Surface Condition(wet, icy, snow, slush, etc)",Plattsburg Ave,Snow,0,"44.517254719585395,-73.25709423134104"
4253877,,"January 25, 2020, 10:34 PM",Colchester,1465 EAST LAKESHORE DRIVE,E. LAKESHORE DR.,Property Damage Only,Head On,Freezing Precipitation,Federal Aid Urban System (Class 2 TH's and 3 TH's only),20CC000935,Colchester PD.,2,1.464,None/Other,Night,GOODSELL POINT,Alcohol,None,,VT0040500,Y - Intersection,"Road Surface Condition(wet, icy, snow, slush, etc)",1465 EAST LAKESHORE DRIVE,Slush,U5618,"44.554766771208726,-73.19108465750149"