ObjectID,Mapped,Crash Date,City/Town,Address,AOT Route,Crash Type,Collision Direction,Weather,Road Group,Report Number,Reporting Agency,Road Group ID,AOT Actual Milepoint,Animal,Time of Day,Intersection With,Impairment,Involving,Non Reportable Address,Reporting Agency ID,Road Characteristics,Road Condition,Street Address,Surface Condition,AOT Route ID,Coordinates
4251118,,"January 26, 2020, 12:17 AM",Colchester,Blakely Road,VT. 127 TH,Property Damage Only,Single Vehicle Crash,Freezing Precipitation,Federal Aid Urban System (Class 2 TH's and 3 TH's only),20CC000936,Colchester PD.,2,5.581,None/Other,Night,Poor Farm Road,None,None,,VT0040500,T - Intersection,"Road Surface Condition(wet, icy, snow, slush, etc)",Blakely Road,Slush,U5600,"44.53128514924617,-73.17836432791178"
4253159,,"January 26, 2020, 3:49 PM",Colchester,Roosevelt Highway,US-7,Property Damage Only,Single Vehicle Crash,Clear,"State Highway numbered route, State owned",20CC000951,Colchester PD.,10,1.809,Deer,Day,Sunny Hollow,None,None,,VT0040500,Not at a Junction,None,Roosevelt Highway,Dry,70,"44.526431712259914,-73.17289758149005"
4245067,,"January 26, 2020, 6:40 PM",Burlington,James Ave,JAMES AVE,Injury,Other - Explain in Narrative,Freezing Precipitation,Street or Town Highways in FA Urban Area,20BU001852,Burlington PD,5,999.99,None/Other,Night,Ethan Allen Pkwy,None,Pedestrian,,VT0040100,T - Intersection,Unknown,James Ave,Wet,0,"44.51437480156381,-73.24234098520888"
4246697,,"January 27, 2020, 5:30 AM",Colchester,MILL POND ROAD,MILL POND ROAD,Property Damage Only,Single Vehicle Crash,Freezing Precipitation,Federal Aid Urban System (Class 2 TH's and 3 TH's only),20CC000959,Colchester PD.,2,1.354,None/Other,Night,MAIN STREET,None,None,,VT0040500,Not at a Junction,"Road Surface Condition(wet, icy, snow, slush, etc)",MILL POND ROAD,Ice,U5614,"44.54203381647095,-73.15244207275045"
4251265,,"January 27, 2020, 6:30 AM",Colchester,CHURCH ROAD,CHURCH RD.,Property Damage Only,Rear End,Freezing Precipitation,Federal Aid Urban System (Class 2 TH's and 3 TH's only),20CC000961,Colchester PD.,2,0.91,None/Other,Day,WEST LAKESHORE DRIVE,None,None,,VT0040500,T - Intersection,"Road Surface Condition(wet, icy, snow, slush, etc)",CHURCH ROAD,Ice,U5603,"44.5510117727694,-73.24986068337502"
4249033,,"January 27, 2020, 1:48 PM",South Burlington,1220 US-2,US-2,Property Damage Only,"Left Turn and Thru, Angle Broadside -->v--",Clear,"State Highway numbered route, Class 1 TH",20SB000929,So. Burlington PD.,11,0.798,None/Other,Day,White St,None,None,,VT0040300,Not at a Junction,None,1220 US-2,Wet,20,"44.46775069119792,-73.17533064084026"
4251275,,"January 28, 2020, 1:55 AM",Milton,Boysenberry Dr,BOYSENBERRY DR,Property Damage Only,Single Vehicle Crash,Cloudy,"Other Public Roadway (Rest Areas, Shopping Center - anything open to public)",20MT000580,Milton PD.,9,999.99,None/Other,Night,Route 7,None,None,,VT0040600,Not at a Junction,"Road Surface Condition(wet, icy, snow, slush, etc)",Boysenberry Dr,Snow,0,"44.62281260983775,-73.1307395061007"
4251538,,"January 28, 2020, 4:58 AM",Williston,921 Marshall Ave,MARSHALL AVE.,Injury,Single Vehicle Crash,Freezing Precipitation,Federal Aid Urban System (Class 2 TH's and 3 TH's only),20WT00427,Williston PD.,2,0.642,None/Other,Night,S Brownell Rd,None,Bicycle,,VT0041000,Driveway,None,921 Marshall Ave,Snow,U5505,"44.445953647835005,-73.13013628768641"
4248706,,"January 28, 2020, 8:00 AM",Colchester,EAST ROAD,EAST ROAD,Property Damage Only,Opp Direction Sideswipe,Freezing Precipitation,Federal Aid Urban System (Class 2 TH's and 3 TH's only),20CC001005,Colchester PD.,2,2.93,None/Other,Day,,None,None,,VT0040500,Not at a Junction,"Road Surface Condition(wet, icy, snow, slush, etc)",EAST ROAD,Ice,U5610,"44.58158024277746,-73.12800436019211"
4251064,,"January 28, 2020, 8:05 AM",Milton,374 East Rd,TOWN ROAD 0005,Property Damage Only,Single Vehicle Crash,Clear,Minor Collector - Non Fed Aid Rural TH,20MT000584,Milton PD.,4,999.99,None/Other,Day,Tree Farm,None,None,,VT0040600,Not at a Junction,"Road Surface Condition(wet, icy, snow, slush, etc)",374 East Rd,Wet,T0005,"44.61585619094883,-73.0998897708332"
4251183,,"January 28, 2020, 8:36 AM",Winooski City,348 Main St,US-7,Property Damage Only,Rear End,Cloudy,"State Highway numbered route, Class 1 TH",20WS000582,Winooski PD.,11,0.765,None/Other,Day,Bellevue St,None,None,,VT0040400,Not at a Junction,None,348 Main St,Wet,70,"44.49915026525756,-73.18393333846558"
4250898,,"January 28, 2020, 2:42 PM",Winooski City,E Allen St,VT-15,Property Damage Only,Rear End,Cloudy,"State Highway numbered route, Class 1 TH",20WS000591,Winooski PD.,11,0.204,None/Other,Day,Abenaki Way,None,None,,VT0040400,Four-way Intersection,None,E Allen St,Wet,150,"44.491625826699426,-73.18189666549875"
4251501,,"January 28, 2020, 4:09 PM",South Burlington,I-189,I-189,Injury,Rear End,Clear,"State Highway numbered route, State owned",20A100479,VSP - A1 Williston,10,0.459,None/Other,Day,Farrell St,Alcohol,None,,VTVSP0100,Not at a Junction,None,I-189,Dry,1890,"44.44916889764713,-73.2012279544617"
4251292,,"January 29, 2020, 6:23 AM",Milton,434 Middle Rd,MIDDLE ROAD,Property Damage Only,Head On,Clear,Federal Aid Urban System (Class 2 TH's and 3 TH's only),20MT000610,Milton PD.,2,0.82,Deer,Day,Middle Rd,None,None,,VT0040600,Not at a Junction,None,434 Middle Rd,Wet,U5810,"44.59348561279397,-73.13023671225926"
4251791,,"January 29, 2020, 8:05 AM",Charlotte,Spear Street,TOWN ROAD 0001,Property Damage Only,"No Turns, Thru moves only, Broadside ^<",Clear,Minor Collector - Non Fed Aid Rural TH,20A100486,VSP - A1 Williston,4,999.99,None/Other,Day,Hinesburg Road (TH# 2 ),None,None,,VTVSP0100,Four-way Intersection,None,Spear Street,Dry,T0001,"44.31961272013449,-73.18903117944764"
4247354,,"January 29, 2020, 10:43 AM",South Burlington,45 Hinesburg Rd,Unknown,Property Damage Only,Other - Explain in Narrative,Clear,"Other Public Roadway (Rest Areas, Shopping Center - anything open to public)",20SB000999,So. Burlington PD.,9,999.99,None/Other,Day,Hinesburg Rd,None,None,,VT0040300,Not at a Junction,None,45 Hinesburg Rd,Dry,0,"44.466141266859196,-73.17290739397264"
4252253,,"January 29, 2020, 11:40 AM",Williston,491 Industrial Avenue,INDUSTRIAL AVE.,Property Damage Only,Rear End,Clear,Federal Aid Urban System (Class 2 TH's and 3 TH's only),20WT00448,Williston PD.,2,0.49,None/Other,Day,Winter Sport Ln,None,None,,VT0041000,Not at a Junction,None,491 Industrial Avenue,Dry,U5504,"44.461841854818076,-73.12258203011221"
4253281,,"January 29, 2020, 2:30 PM",Milton,US RT 7,US-7,Property Damage Only,Rear End,Clear,"State Highway numbered route, State owned",20MT000622,Milton PD.,10,2.34,None/Other,Day,Milton Diner,None,None,,VT0040600,T - Intersection,None,US RT 7,Dry,70,"44.62637694264109,-73.14608866445056"
4251513,,"January 29, 2020, 4:01 PM",Essex,Jericho Road and Allen Martin Drive,VT-15,Property Damage Only,Rear End,Cloudy,"State Highway numbered route, State owned",20ES00530,Essex PD.,10,6.51,None/Other,Day,Allen Martin Dr,None,None,,VT0040200,T - Intersection,None,Jericho Road and Allen Martin Drive,Dry,150,"44.50452969143644,-73.03839071140288"
4253397,,"January 29, 2020, 4:34 PM",Burlington,Pine St,PINE ST.,Property Damage Only,Opp Direction Sideswipe,Clear,Federal Aid Urban System (Class 2 TH's and 3 TH's only),20BU002070,Burlington PD,2,0,None/Other,Day,Flynn Ave,None,None,,VT0040100,Four-way Intersection,None,Pine St,Dry,U5040,"44.45544086080939,-73.21418452795729"
4251029,,"January 30, 2020, 7:54 AM",Colchester,427 Porters Point Road,PORTER POINT RD.,Injury,Rear End,Clear,Federal Aid Urban System (Class 2 TH's and 3 TH's only),20CC001092,Colchester PD.,2,0.53,None/Other,Day,Porters Point School,None,None,,VT0040500,Not at a Junction,None,427 Porters Point Road,Dry,U5605,"44.54105565555932,-73.2567008987807"
4254688,,"January 30, 2020, 10:08 AM",Burlington,95 North Ave,Unknown,Property Damage Only,Other - Explain in Narrative,Clear,"Other Public Roadway (Rest Areas, Shopping Center - anything open to public)",20BU002115,Burlington PD,9,999.99,None/Other,Day,95 North Ave,None,Heavy Truck,,VT0040100,Parking Lot,None,95 North Ave,Dry,0,"44.484413913240274,-73.22261765418756"
4253228,,"January 30, 2020, 11:49 AM",Williston,Williston Rd,US-2,Property Damage Only,Same Direction Sideswipe,Clear,"State Highway numbered route, State owned",20WT00464,Williston PD.,10,1.367,None/Other,Day,Essex Rd,None,None,,VT0041000,Four-way Intersection,None,Williston Rd,Dry,20,"44.45005034420328,-73.11196792959976"
4253168,,"January 30, 2020, 3:57 PM",Essex,5 Fuller Pl #202,Unknown,Property Damage Only,Head On,Clear,"Other Public Roadway (Rest Areas, Shopping Center - anything open to public)",20ES00548,Essex PD.,9,999.99,None/Other,Day,Franklin St,None,None,,VT0040200,Parking Lot,None,5 Fuller Pl #202,Dry,0,"44.48578304741592,-73.10950970788008"
4251342,,"January 30, 2020, 4:22 PM",Essex,190 Colchester Rd,VT-2A,Property Damage Only,Head On,Clear,"State Highway numbered route, State owned",20ES00549,Essex PD.,10,1.87,None/Other,Day,Pinecrest Dr,None,None,,VT0040200,T - Intersection,None,190 Colchester Rd,Dry,21,"44.50718014249861,-73.11703357704377"
4251329,,"January 30, 2020, 4:38 PM",Colchester,Main Street,VT-2A,Property Damage Only,"Left Turn and Thru, Angle Broadside -->v--",Clear,"State Highway numbered route, State owned",20CC001111,Colchester PD.,10,1.473,None/Other,Day,Mill Pond Road,None,None,,VT0040500,Four-way Intersection,None,Main Street,Dry,21,"44.5437838989505,-73.14822394923365"
4249931,,"January 30, 2020, 6:21 PM",Colchester,423 SAND ROAD,SAND RD,Injury,Head On,Clear,Street or Town Highways in FA Urban Area,20CC001116,Colchester PD.,5,999.99,None/Other,Night,DEPOT ROAD,None,None,,VT0040500,Not at a Junction,None,423 SAND ROAD,Dry,0,"44.54349576344444,-73.13113902614319"
4253878,,"January 31, 2020, 6:55 AM",Burlington,590 Main St,US-2,Property Damage Only,Rear End,Clear,"State Highway numbered route, Class 1 TH",20BU002189,Burlington PD,11,0.524,None/Other,Day,University Heights,None,None,,VT0040100,T - Intersection,None,590 Main St,Dry,20,"44.474856680456014,-73.19535382196939"
4252506,,"January 31, 2020, 7:10 AM",Essex,3 Gentes Rd,GENTES RD,Property Damage Only,Other - Explain in Narrative,Clear,Street or Town Highways in FA Urban Area,20ES00558,Essex PD.,5,999.99,None/Other,Day,Lamore Rd,None,None,,VT0040200,T - Intersection,None,3 Gentes Rd,Dry,0,"44.519876277736664,-73.12222986644457"
4251341,,"January 31, 2020, 11:10 AM",Essex,74 Pearl St,VT-15,Property Damage Only,Other - Explain in Narrative,Clear,"State Highway numbered route, Class 1 TH",20ES00567,Essex PD.,11,1.74,None/Other,Day,Pearl St,None,None,,VT0040200,Parking Lot,None,74 Pearl St,Dry,150,"44.49396783579901,-73.1190400944646"
4251333,,"January 31, 2020, 11:46 AM",South Burlington,2073 Williston Rd,US-2,Property Damage Only,Rear End,Clear,"State Highway numbered route, State owned",20SB001084,So. Burlington PD.,10,2.439,None/Other,Day,Munson Ct,None,None,,VT0040300,Not at a Junction,None,2073 Williston Rd,Dry,20,"44.458649155782204,-73.1451077081006"
4250332,,"January 31, 2020, 1:45 PM",Colchester,BLAKELY ROAD,VT. 127 TH,Property Damage Only,Rear End,Cloudy,Federal Aid Urban System (Class 2 TH's and 3 TH's only),20CC001144,Colchester PD.,2,5.933,None/Other,Day,ROUTE 7,None,None,,VT0040500,Four-way Intersection,None,BLAKELY ROAD,Dry,U5600,"44.52895325885878,-73.17207792215443"
4251211,,"January 31, 2020, 2:01 PM",Burlington,339 Pine St,Unknown,Property Damage Only,Other - Explain in Narrative,Clear,"Other Public Roadway (Rest Areas, Shopping Center - anything open to public)",20BU002219,Burlington PD,9,999.99,None/Other,Day,339 Pine St,None,None,,VT0040100,Parking Lot,None,339 Pine St,Wet,0,"44.46987848258468,-73.21552723880212"
4250322,,"January 31, 2020, 2:10 PM",Burlington,Shelburne Rd,US-7,Property Damage Only,Same Direction Sideswipe,Clear,"State Highway numbered route, Class 1 TH",20BU002273,Burlington PD,11,0.434,None/Other,Day,Hadley Rd,None,None,,VT0040100,Not at a Junction,None,Shelburne Rd,Dry,70,"44.452063440820105,-73.20887238842019"
4254047,,"January 31, 2020, 2:50 PM",Milton,US Rt 7,US-7,Property Damage Only,Rear End,Cloudy,"State Highway numbered route, State owned",20MT000677,Milton PD.,10,3.65,None/Other,Day,Mcdonalds,None,None,,VT0040600,Four-way Intersection,None,US Rt 7,Dry,70,"44.62221885502026,-73.12292446560448"
4253775,,"January 31, 2020, 5:30 PM",Colchester,US ROUTE 2,US-2,Property Damage Only,Rear End,Clear,"State Highway numbered route, State owned",20CC001155,Colchester PD.,10,1.944,None/Other,Night,EXIT 17,None,None,,VT0040500,Four-way Intersection,None,US ROUTE 2,Dry,20,"44.590244286875105,-73.17148945976878"
4251337,,"February 1, 2020, 9:28 AM",South Burlington,1030 Shelburne Rd,US-7,Property Damage Only,Rear End,Cloudy,"State Highway numbered route, State owned",20SB001122,So. Burlington PD.,10,1.377,None/Other,Day,Shearer Volkswagen,None,None,,VT0040300,Not at a Junction,None,1030 Shelburne Rd,Dry,70,"44.440709587112856,-73.2100132167743"
4251067,,"February 1, 2020, 1:56 PM",Burlington,68 N Willard St,US-7,Property Damage Only,Rear End,Clear,"State Highway numbered route, Class 1 TH",20BU002292,Burlington PD,11,2.565,None/Other,Day,Loomis St,None,None,,VT0040100,Not at a Junction,None,68 N Willard St,Dry,70,"44.48257630269314,-73.20577260493887"
4251123,,"February 1, 2020, 4:22 PM",Winooski City,E Allen St,VT-15,Injury,"Left Turns, Opposite Directions, Head On/Angle Crash --^v--",Clear,"State Highway numbered route, Class 1 TH",20WS000687,Winooski PD.,11,0.55,None/Other,Day,Dion St,None,None,,VT0040400,Not at a Junction,None,E Allen St,Wet,150,"44.49316191969811,-73.17528778995994"
4251262,,"February 2, 2020, 7:31 AM",Milton,514 US Rt 7 S,Unknown,Property Damage Only,Other - Explain in Narrative,Wind,"Other Public Roadway (Rest Areas, Shopping Center - anything open to public)",20MT000725,Milton PD.,9,999.99,None/Other,Day,514 US Rte 7,None,None,,VT0040600,Parking Lot,"Road Surface Condition(wet, icy, snow, slush, etc)",514 US Rt 7 S,Ice,0,"44.62655215145071,-73.14546609092241"
4251613,,"February 2, 2020, 9:17 AM",Colchester,Roosevelt Highway,US-7,Injury,"Left Turn and Thru, Broadside v<--",Cloudy,"State Highway numbered route, State owned",20CC001190,Colchester PD.,10,3.427,None/Other,Day,Bay Road,None,None,,VT0040500,Four-way Intersection,None,Roosevelt Highway,Dry,70,"44.54826147423097,-73.1648836939531"
4253207,,"February 2, 2020, 11:17 AM",Williston,Essex Road,VT-2A,Property Damage Only,Single Vehicle Crash,Cloudy,"State Highway numbered route, State owned",20WT00515,Williston PD.,10,4.381,Deer,Day,Beaudry Lane,None,None,,VT0041000,Not at a Junction,None,Essex Road,Dry,21,"44.45909990844639,-73.1121468913364"
4250787,,"February 2, 2020, 12:42 PM",Burlington,North Ave,NORTH AVE.,Injury,Rear End,Clear,Federal Aid Urban System (Class 2 TH's and 3 TH's only),20BU002356,Burlington PD,2,0.474,None/Other,Day,Berry St,None,None,,VT0040100,T - Intersection,None,North Ave,Dry,U5026,"44.487852111789074,-73.22503964012344"
4252010,,"February 2, 2020, 3:01 PM",Essex,106 Pearl Street,VT-15,Injury,Rear End,Clear,"State Highway numbered route, Class 1 TH",20ES00605,Essex PD.,11,1.56,None/Other,Day,Willeys Ct,None,None,,VT0040200,Not at a Junction,None,106 Pearl Street,Dry,150,"44.49537757213099,-73.12212058286272"
4247809,,"February 3, 2020, 7:47 AM",Burlington,Colchester Ave,US-7,Property Damage Only,Rear End,Clear,"State Highway numbered route, Class 1 TH",20BU002391,Burlington PD,11,4.171,None/Other,Day,Winooski Bridge,None,None,,VT0040100,Not at a Junction,None,Colchester Ave,Dry,70,"44.48886788160785,-73.18658476779514"
4253216,,"February 3, 2020, 10:52 AM",Richmond,,I-89,Injury,"Left Turn and Thru, Angle Broadside -->v--",Clear,"State Highway numbered route, State owned",20A100556,VSP - A1 Williston,10,79.2,None/Other,Day,MM 79.2,None,Heavy Truck,,VTVSP0100,Not at a Junction,None,,Dry,890,"44.42264767681833,-73.02694039532741"
4249018,,"February 3, 2020, 4:37 PM",Williston,Mountain View,MT. VIEW ROAD,Property Damage Only,Single Vehicle Crash,Cloudy,Federal Aid Urban System (Class 2 TH's and 3 TH's only),20WT00534,Williston PD.,2,1.052,Deer,Day,Redmond Road,None,None,,VT0041000,Not at a Junction,None,Mountain View,Dry,U5506,"44.46209930809307,-73.09335094130954"
4251755,,"February 3, 2020, 5:04 PM",Winooski City,E Allen St,VT-15,Property Damage Only,Other - Explain in Narrative,Freezing Precipitation,"State Highway numbered route, Class 1 TH",20UV000625,UVM Police,11,0.204,None/Other,Night,Abenaki Way,None,None,,VT0041100,,,E Allen St,,150,"44.491625826699426,-73.18189666549875"
4252637,,"February 3, 2020, 11:00 PM",Shelburne,4142 Harbor Rd,HARBOR RD,Fatal,Single Vehicle Crash,Clear,Minor Collector - Non Fed Aid Rural TH,20SH00608,Shelburne PD.,4,999.99,None/Other,,Ticonderoga Rd,None,None,,VT0040700,T - Intersection,None,4142 Harbor Rd,Dry,S0834,"44.4302739116754,-73.25153208798308"
4251397,,"February 4, 2020, 4:06 AM",Colchester,65 Wentworth Road,WENTWORTH RD,Injury,Rear End,Clear,Private Property (Driveways),20CC001273,Colchester PD.,8,999.99,None/Other,Night,Shannon Road,None,None,,VT0040500,Not at a Junction,None,65 Wentworth Road,Snow,0,"44.51313034028512,-73.15380231561416"
4251304,,"February 4, 2020, 6:00 AM",Williston,Williston Road,US-2,Property Damage Only,Rear End,Cloudy,"State Highway numbered route, State owned",20WT00539,Williston PD.,10,0.083,None/Other,Day,Adams Drive,None,None,,VT0041000,Not at a Junction,None,Williston Road,Dry,20,"44.458408224733425,-73.13434642189111"
4252757,,"February 4, 2020, 6:07 AM",Burlington,Beltline,VT. 127 BELTLINE,Property Damage Only,Other - Explain in Narrative,Clear,Federal Aid Urban System (Class 2 TH's and 3 TH's only),20BU002459,Burlington PD,2,1.562,Deer,Day,North Ave Beach Exit,None,None,,VT0040100,Not at a Junction,None,Beltline,Dry,U5009,"44.50695833585132,-73.23417254885526"
4247321,,"February 4, 2020, 10:25 AM",Burlington,27 Greene St,GREENE ST,Property Damage Only,"Right Turn and Thru, Same Direction Sideswipe/Angle Crash ^^--",Clear,Street or Town Highways in FA Urban Area,20BU002482,Burlington PD,5,999.99,None/Other,Day,Hickok Pl,None,Heavy Truck,,VT0040100,T - Intersection,None,27 Greene St,Dry,0,"44.481503956056024,-73.20756703252887"
4254043,,"February 4, 2020, 12:12 PM",Colchester,Roosevelt Highway,US-7,Property Damage Only,Rear End,Cloudy,"State Highway numbered route, State owned",20CC001293,Colchester PD.,10,0.312,None/Other,Day,Lower Mountain View Drive,None,None,,VT0040500,Not at a Junction,None,Roosevelt Highway,Dry,70,"44.50695784992537,-73.18061368420543"
4252070,,"February 4, 2020, 12:15 PM",Colchester,Roosevelt Highway,US-7,Property Damage Only,Same Direction Sideswipe,Cloudy,"State Highway numbered route, State owned",20CC001296,Colchester PD.,10,0.252,None/Other,Day,"I-89, Exit 16 SB",None,None,,VT0040500,Not at a Junction,None,Roosevelt Highway,Wet,70,"44.506129761350905,-73.18094207867925"
4248641,,"February 4, 2020, 4:33 PM",Essex,46 Park St,VT-2A,Property Damage Only,"No Turns, Thru moves only, Broadside ^<",Cloudy,"State Highway numbered route, Class 1 TH",20ES00634,Essex PD.,11,0.44,None/Other,Day,Franklin St,None,None,,VT0040200,Four-way Intersection,None,46 Park St,Dry,21,"44.4874601814428,-73.11300775792684"
4250245,,"February 5, 2020, 12:15 PM",Milton,US Rt 7,US-7,Property Damage Only,Rear End,Clear,"State Highway numbered route, State owned",20MT000822,Milton PD.,10,3.39,None/Other,Day,Willys ln,None,None,,VT0040600,T - Intersection,None,US Rt 7,Dry,70,"44.621525993194865,-73.12783842310972"
4247887,,"February 5, 2020, 8:20 PM",Burlington,Riverside Ave,US-7,Property Damage Only,Single Vehicle Crash,Clear,"State Highway numbered route, Class 1 TH",20BU002608,Burlington PD,11,3.96,None/Other,Night,Barrett St,None,None,,VT0040100,Other - Explain in Narrative,None,Riverside Ave,Wet,70,"44.486168852206134,-73.1883150902556"
4251200,,"February 6, 2020, 4:28 AM",Colchester,MAIN STREET,VT-2A,Property Damage Only,Single Vehicle Crash,Freezing Precipitation,"State Highway numbered route, State owned",20CC001356,Colchester PD.,10,0.392,Deer,Night,8 CANYON ESTATES,None,None,,VT0040500,Not at a Junction,"Road Surface Condition(wet, icy, snow, slush, etc)",MAIN STREET,Snow,21,"44.53304692678287,-73.13332809175333"
4250270,,"February 6, 2020, 7:29 AM",Milton,US RT 7,US-7,Property Damage Only,Single Vehicle Crash,Freezing Precipitation,"State Highway numbered route, State owned",20MT000837,Milton PD.,10,3.49,None/Other,Day,Bombardier RD,None,None,,VT0040600,T - Intersection,"Road Surface Condition(wet, icy, snow, slush, etc)",US RT 7,Snow,70,"44.62129632084911,-73.12589309314492"
4253166,,"February 6, 2020, 7:36 AM",Colchester,East Rd,EAST ROAD,Property Damage Only,Rear End,Freezing Precipitation,Federal Aid Urban System (Class 2 TH's and 3 TH's only),20A100594,VSP - A2 St. Albans,2,0.061,None/Other,Day,VT Route 2A,None,None,,VTVSP0700,Not at a Junction,"Road Surface Condition(wet, icy, snow, slush, etc)",East Rd,Snow,U5610,"44.54427802332619,-73.14720582450386"
4251264,,"February 6, 2020, 7:58 AM",Williston,1064 Essex Rd,VT-2A,Property Damage Only,Single Vehicle Crash,Freezing Precipitation,"State Highway numbered route, State owned",20WT00587,Williston PD.,10,4.914,None/Other,Day,Sharon Dr,None,None,,VT0041000,T - Intersection,"Road Surface Condition(wet, icy, snow, slush, etc)",1064 Essex Rd,Snow,21,"44.466772500861715,-73.1129568636466"
4252681,,"February 6, 2020, 8:31 AM",Williston,St George Rd,VT-2A,Property Damage Only,Rear End,Freezing Precipitation,"State Highway numbered route, State owned",20WT00588,Williston PD.,10,3.282,None/Other,Day,Maple Tree Place,None,None,,VT0041000,Four-way Intersection,"Road Surface Condition(wet, icy, snow, slush, etc)",St George Rd,Snow,21,"44.4436122904921,-73.11274790254015"
4253935,,"February 6, 2020, 9:55 AM",Burlington,404 North Ave,NORTH AVE.,Property Damage Only,Other - Explain in Narrative,Freezing Precipitation,Federal Aid Urban System (Class 2 TH's and 3 TH's only),20BU002629,Burlington PD,2,0.824,None/Other,Day,Institute Rd,None,None,,VT0040100,Not at a Junction,"Road Surface Condition(wet, icy, snow, slush, etc)",404 North Ave,Snow,U5026,"44.492031717126515,-73.22834251164298"
4251209,,"February 6, 2020, 11:06 AM",Williston,Harvest Ln,HARVEST LN,Injury,Head On,Freezing Precipitation,Street or Town Highways in FA Urban Area,20WT00591,Williston PD.,5,999.99,None/Other,Day,863 Harvest Ln,None,None,,VT0041000,Not at a Junction,"Road Surface Condition(wet, icy, snow, slush, etc)",Harvest Ln,Snow,0,"44.44289527135849,-73.12050769079538"
4251013,,"February 6, 2020, 11:12 AM",Colchester,ROOSEVELT HIGHWAY,US-7,Property Damage Only,Head On,Freezing Precipitation,"State Highway numbered route, State owned",20CC001367,Colchester PD.,10,3.427,None/Other,Day,BAY ROAD,None,None,,VT0040500,Four-way Intersection,Unknown,ROOSEVELT HIGHWAY,Snow,70,"44.54826147423097,-73.1648836939531"
4251461,,"February 6, 2020, 11:30 AM",Williston,Interstate 89,I-89,Injury,Rear End,Freezing Precipitation,"State Highway numbered route, State owned",20A100601,VSP - A1 Williston,10,84.493,None/Other,Day,North Of Exit 12,None,Heavy Truck,,VTVSP0100,Not at a Junction,"Road Surface Condition(wet, icy, snow, slush, etc)",Interstate 89,Snow,890,"44.44053372316152,-73.12562376886326"
4250948,,"February 6, 2020, 11:40 AM",Burlington,Main St,BATTERY ST.,Property Damage Only,"Left Turn and Thru, Same Direction Sideswipe/Angle Crash vv--",Freezing Precipitation,Federal Aid Urban System (Class 2 TH's and 3 TH's only),20BU002642,Burlington PD,2,0.233,None/Other,Day,Battery St,Alcohol,Heavy Truck,,VT0040100,Four-way Intersection,None,Main St,Snow,U5008,"44.475768620269214,-73.21867894292384"
4251024,,"February 6, 2020, 11:44 AM",Colchester,107 BELWOOD AVENUE,BELWOOD AVE,Property Damage Only,Single Vehicle Crash,Freezing Precipitation,Street or Town Highways in FA Urban Area,20CC001368,Colchester PD.,5,999.99,None/Other,Day,AL SHIR ROAD,None,None,,VT0040500,Y - Intersection,"Road Surface Condition(wet, icy, snow, slush, etc)",107 BELWOOD AVENUE,Snow,0,"44.5444496644401,-73.2474501129441"
4254208,,"February 6, 2020, 12:30 PM",Williston,St George Rd,VT-2A,Property Damage Only,"Left Turn and Thru, Angle Broadside -->v--",Freezing Precipitation,"State Highway numbered route, State owned",20WT00592,Williston PD.,10,3.533,None/Other,Day,Wright Ave,None,None,,VT0041000,Four-way Intersection,"Road Surface Condition(wet, icy, snow, slush, etc)",St George Rd,Snow,21,"44.44695697022746,-73.11102741608774"
4251177,,"February 6, 2020, 12:48 PM",Williston,863 HARVEST LANE,Unknown,Property Damage Only,Rear-to-rear,Cloudy,"Other Public Roadway (Rest Areas, Shopping Center - anything open to public)",20WT00593,Williston PD.,9,999.99,None/Other,Day,WALMART,Alcohol,None,,VT0041000,Parking Lot,None,863 HARVEST LANE,Wet,0,"44.44166211348877,-73.12220305026048"
4251176,,"February 6, 2020, 2:02 PM",Williston,ESSEX ROAD,VT-2A,Injury,"No Turns, Thru moves only, Broadside ^<",Freezing Precipitation,"State Highway numbered route, State owned",20WT00596,Williston PD.,10,4.009,None/Other,Day,PAUL STREET,None,None,,VT0041000,Four-way Intersection,"Road Surface Condition(wet, icy, snow, slush, etc)",ESSEX ROAD,Slush,21,"44.453751039031125,-73.11147520707385"
4251882,,"February 6, 2020, 2:05 PM",Burlington,St Paul St,ST. PAUL ST.,Property Damage Only,"Left Turn and Thru, Broadside v<--",Freezing Precipitation,Federal Aid Urban System (Class 2 TH's and 3 TH's only),20BU002657,Burlington PD,2,0.392,None/Other,Day,Adams St,None,None,,VT0040100,Not at a Junction,"Road Surface Condition(wet, icy, snow, slush, etc)",St Paul St,Snow,U5046,"44.472145208662724,-73.21373664097457"
4250327,,"February 6, 2020, 2:07 PM",Milton,US Route 2,US-2,Injury,Single Vehicle Crash,Freezing Precipitation,"State Highway numbered route, State owned",20MT000845,Milton PD.,10,1.43,None/Other,Day,Flats,None,None,,VT0040600,Not at a Junction,Other - Explain in Narrative,US Route 2,Other - Explain in Narrative,20,"44.62460142038754,-73.22899332479841"