ObjectID,Mapped,Crash Date,City/Town,Address,AOT Route,Crash Type,Collision Direction,Weather,Road Group,Report Number,Reporting Agency,Road Group ID,AOT Actual Milepoint,Animal,Time of Day,Intersection With,Impairment,Involving,Non Reportable Address,Reporting Agency ID,Road Characteristics,Road Condition,Street Address,Surface Condition,AOT Route ID,Coordinates
4251207,,"February 6, 2020, 3:53 PM",Milton,Middle Road,MIDDLE ROAD,Property Damage Only,Head On,Freezing Precipitation,Federal Aid Secondary System (Class 2 TH),20MT000847,Milton PD.,3,0.07,None/Other,Day,Gardner Road,None,None,,VT0040600,Not at a Junction,"Road Surface Condition(wet, icy, snow, slush, etc)",Middle Road,Snow,U5810,"44.58294644174387,-73.12865593513342"
4250813,,"February 6, 2020, 4:47 PM",Milton,Railroad St,RAILROAD STREET,Property Damage Only,Head On,Freezing Precipitation,Federal Aid Urban System (Class 2 TH's and 3 TH's only),20MT000850,Milton PD.,2,1.12,None/Other,Day,Cherry St,None,None,,VT0040600,Not at a Junction,"Road Surface Condition(wet, icy, snow, slush, etc)",Railroad St,Slush,U5812,"44.63465448680271,-73.1058556195954"
4253445,,"February 6, 2020, 5:40 PM",Williston,Marshall Ave,MARSHALL AVE.,Property Damage Only,Single Vehicle Crash,Freezing Precipitation,Federal Aid Urban System (Class 2 TH's and 3 TH's only),20WT00602,Williston PD.,2,1.495,None/Other,Night,Merchants Row,None,None,,VT0041000,T - Intersection,"Road Surface Condition(wet, icy, snow, slush, etc)",Marshall Ave,Snow,U5505,"44.44466298151132,-73.11382290233128"
4250854,,"February 6, 2020, 8:11 PM",Richmond,I - 89 SB,I-89,Property Damage Only,Single Vehicle Crash,Freezing Precipitation,"State Highway numbered route, State owned",20A100610,VSP - A1 Williston,10,76.2,None/Other,Night,Richmond Flats,None,None,,VTVSP0100,Not at a Junction,"Road Surface Condition(wet, icy, snow, slush, etc)",I - 89 SB,Snow,890,"44.40049821077779,-72.98412284597768"
4250329,,"February 6, 2020, 8:28 PM",Burlington,Pearl St,PEARL ST.,Property Damage Only,Rear End,Cloudy,Federal Aid Urban System (Class 2 TH's and 3 TH's only),20BU002677,Burlington PD,2,0.606,None/Other,Night,Hungerford Ter,None,None,,VT0040100,T - Intersection,"Road Surface Condition(wet, icy, snow, slush, etc)",Pearl St,Snow,U5038,"44.48061386344292,-73.20711859915471"
4253788,,"February 6, 2020, 9:13 PM",Burlington,Colchester Ave,COLCHESTER AVE.,Property Damage Only,Single Vehicle Crash,Freezing Precipitation,Federal Aid Urban System (Class 2 TH's and 3 TH's only),20BU002681,Burlington PD,2,0.093,None/Other,Night,Mansfield Ave,None,Heavy Truck,,VT0040100,T - Intersection,,Colchester Ave,Snow,U5014,"44.480629205910056,-73.19877357192173"
4251188,,"February 7, 2020, 7:43 AM",Charlotte,US Route 7,US-7,Injury,Other - Explain in Narrative,Freezing Precipitation,"State Highway numbered route, State owned",20A100616,VSP - A1 Williston,10,3.73,None/Other,Day,Ferry Road,None,Heavy Truck,,VTVSP0100,Not at a Junction,"Road Surface Condition(wet, icy, snow, slush, etc)",US Route 7,Snow,70,"44.31549673593226,-73.24847922421186"
4250331,,"February 7, 2020, 11:17 AM",Colchester,77 US Rt 7,Unknown,Property Damage Only,Other - Explain in Narrative,Freezing Precipitation,"Other Public Roadway (Rest Areas, Shopping Center - anything open to public)",20MT000858,Milton PD.,9,999.99,None/Other,Day,Maplefields Parking Lot,None,None,,VT0040600,Parking Lot,"Road Surface Condition(wet, icy, snow, slush, etc)",77 US Rt 7,Snow,0,"44.59072922272646,-73.1670341199271"
4251158,,"February 7, 2020, 11:52 AM",Burlington,Pearl St,PEARL ST.,Property Damage Only,"No Turns, Thru moves only, Broadside ^<",Freezing Precipitation,Federal Aid Urban System (Class 2 TH's and 3 TH's only),20BU002714,Burlington PD,2,0.495,None/Other,Day,S Union St,None,Heavy Truck,,VT0040100,Four-way Intersection,"Road Surface Condition(wet, icy, snow, slush, etc)",Pearl St,Snow,U5038,"44.48055845642177,-73.20930894854838"
4253737,,"February 7, 2020, 1:19 PM",South Burlington,1730 Spear St,SPEAR ST.,Property Damage Only,Head On,Freezing Precipitation,Federal Aid Urban System (Class 2 TH's and 3 TH's only),20SB001309,So. Burlington PD.,2,2.336,None/Other,Day,Overpass,None,None,,VT0040300,Not at a Junction,"Road Surface Condition(wet, icy, snow, slush, etc)",1730 Spear St,Ice,U5222,"44.449849803602504,-73.18836086913176"
4251415,,"February 7, 2020, 1:25 PM",South Burlington,Dorset Street at Barnes & Noble,DORSET ST.,Property Damage Only,Rear End,Freezing Precipitation,Federal Aid Urban System (Class 2 TH's and 3 TH's only),20SB001312,So. Burlington PD.,2,3.957,None/Other,Day,Barnes And Noble,None,None,,VT0040300,Four-way Intersection,"Road Surface Condition(wet, icy, snow, slush, etc)",Dorset Street at Barnes & Noble,Snow,U5208,"44.46700525234338,-73.18131972712254"
4251638,,"February 7, 2020, 2:30 PM",South Burlington,Dorset Street at Barnes & Noble,DORSET ST.,Property Damage Only,Rear End,Freezing Precipitation,Federal Aid Urban System (Class 2 TH's and 3 TH's only),20SB001328,So. Burlington PD.,2,3.957,None/Other,Day,Barnes And Noble,None,None,,VT0040300,Four-way Intersection,"Road Surface Condition(wet, icy, snow, slush, etc)",Dorset Street at Barnes & Noble,Snow,U5208,"44.46700525234338,-73.18131972712254"
4251011,,"February 7, 2020, 2:34 PM",Colchester,BLAKELY ROAD,VT. 127 TH,Injury,"No Turns, Thru moves only, Broadside ^<",Freezing Precipitation,Federal Aid Urban System (Class 2 TH's and 3 TH's only),20CC001403,Colchester PD.,2,3.21,None/Other,Day,EAST LAKESHORE DRIVE,None,None,,VT0040500,Four-way Intersection,"Road Surface Condition(wet, icy, snow, slush, etc)",BLAKELY ROAD,Snow,U5600,"44.54449237100479,-73.21557682891898"
4246942,,"February 7, 2020, 4:03 PM",Burlington,Rt 127,VT. 127 BELTLINE,Property Damage Only,Other - Explain in Narrative,Freezing Precipitation,Federal Aid Urban System (Class 2 TH's and 3 TH's only),20BU002746,Burlington PD,2,1.595,None/Other,Day,North Ave Exit,None,None,,VT0040100,Not at a Junction,"Road Surface Condition(wet, icy, snow, slush, etc)",Rt 127,Snow,U5009,"44.507427976213926,-73.23414188352139"
4250755,,"February 7, 2020, 8:23 PM",Williston,I 89 NB - MM 84,I-89,Property Damage Only,Single Vehicle Crash,Freezing Precipitation,"State Highway numbered route, State owned",20A100671,VSP - A1 Williston,10,84.873,None/Other,Night,I-89 NB EXIT 12,None,None,,VTVSP0100,Not at a Junction,"Road Surface Condition(wet, icy, snow, slush, etc)",I 89 NB - MM 84,Snow,890,"44.441596846307476,-73.13301541105139"
4253889,,"February 7, 2020, 10:36 PM",Williston,Williston Road,US-2,Property Damage Only,Single Vehicle Crash,Freezing Precipitation,"State Highway numbered route, State owned",20WT00607,Williston PD.,10,1.124,None/Other,Night,Harvest Lane,None,None,,VT0041000,Not at a Junction,"Road Surface Condition(wet, icy, snow, slush, etc)",Williston Road,Snow,20,"44.451840171642935,-73.11608731667332"
4250272,,"February 8, 2020, 7:30 AM",Colchester,BAY ROAD,BAY RD.,Property Damage Only,Rear End,Clear,Federal Aid Urban System (Class 2 TH's and 3 TH's only),20CC001419,Colchester PD.,2,1.105,None/Other,Day,1084 BAY ROAD,None,None,,VT0040500,Not at a Junction,"Road Surface Condition(wet, icy, snow, slush, etc)",BAY ROAD,Ice,U5617,"44.54922775012329,-73.1706598917358"
4251180,,"February 8, 2020, 8:32 AM",South Burlington,Dorset Street at Barnes & Noble,DORSET ST.,Property Damage Only,Rear End,Clear,Federal Aid Urban System (Class 2 TH's and 3 TH's only),20SB001367,So. Burlington PD.,2,3.957,None/Other,Day,Barnes And Noble,None,None,,VT0040300,Four-way Intersection,"Road Surface Condition(wet, icy, snow, slush, etc)",Dorset Street at Barnes & Noble,Ice,U5208,"44.46700525234338,-73.18131972712254"
4252950,,"February 8, 2020, 8:50 AM",Williston,South Brownell Rd,S BROWNELL RD,Property Damage Only,"Left Turn and Thru, Angle Broadside -->v--",Clear,Federal Aid Urban System (Class 2 TH's and 3 TH's only),20WT00643,Williston PD.,2,3.614,None/Other,Day,Shunpike Rd,None,Heavy Truck,,VT0041000,T - Intersection,None,South Brownell Rd,Slush,S0333,"44.451901782389385,-73.12491958790307"
4252894,,"February 8, 2020, 9:17 AM",South Burlington,8 Dorset St,US-2,Property Damage Only,Rear End,Clear,"State Highway numbered route, Class 1 TH",20SB001371,So. Burlington PD.,11,0.495,None/Other,Day,Williston Rd,None,None,,VT0040300,Not at a Junction,None,8 Dorset St,Dry,20,"44.46910271027437,-73.18096153817685"
4253416,,"February 8, 2020, 9:41 AM",Milton,Railroad St,RAILROAD STREET,Property Damage Only,Rear End,Clear,Federal Aid Urban System (Class 2 TH's and 3 TH's only),20MT000878,Milton PD.,2,0.06,None/Other,Day,Middle Rd,None,None,,VT0040600,Four-way Intersection,"Road Surface Condition(wet, icy, snow, slush, etc)",Railroad St,Snow,U5812,"44.623664397671384,-73.11842341001298"
4250981,,"February 8, 2020, 10:06 AM",Colchester,419 BONANZA PARK,BONANZA PARK,Property Damage Only,Other - Explain in Narrative,Clear,Street or Town Highways in FA Urban Area,20CC001423,Colchester PD.,5,999.99,None/Other,Day,,None,None,,VT0040500,Not at a Junction,None,419 BONANZA PARK,Snow,0,"44.53368289144266,-73.24523640618466"
4252042,,"February 8, 2020, 10:35 AM",Jericho,Brown's Trace Road,BROWNS TRCE,Injury,Single Vehicle Crash,Clear,Federal Aid Secondary System (Class 2 TH),20A100685,VSP - A1 Williston,3,2.14,None/Other,Day,Fitzsimonds Road,None,None,,VTVSP0100,Not at a Junction,"Road Surface Condition(wet, icy, snow, slush, etc)",Brown's Trace Road,Ice,S0046,"44.45069254086061,-72.97319508030667"
4252052,,"February 8, 2020, 12:36 PM",Milton,US RT 7,US-7,Property Damage Only,"No Turns, Thru moves only, Broadside ^<",Clear,"State Highway numbered route, State owned",20MT000882,Milton PD.,10,4.5,None/Other,Day,Rene's,None,None,,VT0040600,Not at a Junction,None,US RT 7,Snow,70,"44.63226035234562,-73.1151256667347"
4251004,,"February 8, 2020, 2:52 PM",Colchester,MAIN STREET,VT-2A,Property Damage Only,"No Turns, Thru moves only, Broadside ^<",Clear,"State Highway numbered route, State owned",20CC001430,Colchester PD.,10,1.473,None/Other,Day,EAST ROAD,None,None,,VT0040500,Four-way Intersection,"Road Surface Condition(wet, icy, snow, slush, etc)",MAIN STREET,Snow,21,"44.5437838989505,-73.14822394923365"
4250334,,"February 9, 2020, 10:57 AM",Milton,Railroad St,RAILROAD STREET,Property Damage Only,Rear End,Clear,Federal Aid Urban System (Class 2 TH's and 3 TH's only),20MT000891,Milton PD.,2,0.06,None/Other,Day,Middle Rd,None,None,,VT0040600,Four-way Intersection,"Road Surface Condition(wet, icy, snow, slush, etc)",Railroad St,Ice,U5812,"44.623664397671384,-73.11842341001298"
4250699,,"February 9, 2020, 11:10 AM",Colchester,38 LOWER MOUNTAIN VIEW DRIVE,LOWER MOUNTAIN VIEW DR,Property Damage Only,Rear End,Clear,Street or Town Highways in FA Urban Area,20CC001452,Colchester PD.,5,999.99,None/Other,Day,,None,None,,VT0040500,Parking Lot,None,38 LOWER MOUNTAIN VIEW DRIVE,Dry,0,"44.506989491333314,-73.17903633386575"
4251178,,"February 9, 2020, 12:45 PM",Burlington,221 N Champlain St,N CHAMPLAIN ST.,Property Damage Only,Head On,Clear,Federal Aid Urban System (Class 2 TH's and 3 TH's only),20BU002838,Burlington PD,2,0.451,None/Other,Day,Poplar St,None,None,,VT0040100,Not at a Junction,None,221 N Champlain St,Wet,U5028,"44.48685686009357,-73.21790418504476"
4253505,,"February 9, 2020, 5:21 PM",Milton,East Rd,TOWN ROAD 0005,Property Damage Only,Single Vehicle Crash,Clear,Minor Collector - Non Fed Aid Rural TH,20MT000899,Milton PD.,4,999.99,None/Other,Night,Marrs Hollow Rd,None,None,,VT0040600,Not at a Junction,"Road Surface Condition(wet, icy, snow, slush, etc)",East Rd,Ice,T0005,"44.58646149214988,-73.11870712900672"
4252528,,"February 10, 2020, 2:40 AM",Milton,288 North Rd,Unknown,Property Damage Only,Other - Explain in Narrative,Freezing Precipitation,"Other Public Roadway (Rest Areas, Shopping Center - anything open to public)",20MT000907,Milton PD.,9,999.99,None/Other,Night,Husky Injection Molding Parking Lot,None,None,,VT0040600,Parking Lot,None,288 North Rd,Snow,0,"44.65337424704505,-73.10149756470075"
4250330,,"February 10, 2020, 7:54 AM",Burlington,50 Colchester Ave,COLCHESTER AVE.,Property Damage Only,Rear End,Clear,Federal Aid Urban System (Class 2 TH's and 3 TH's only),20BU002874,Burlington PD,2,0.152,None/Other,Day,50 Colchester Ave,None,None,,VT0040100,Not at a Junction,None,50 Colchester Ave,Wet,U5014,"44.48067351935297,-73.19763826544381"
4247385,,"February 10, 2020, 8:00 AM",Williston,31 Market Street,MARKET ST,Property Damage Only,Same Direction Sideswipe,Cloudy,"Other Public Roadway (Rest Areas, Shopping Center - anything open to public)",20WT00675,Williston PD.,9,999.99,None/Other,Day,Zephyr Road,None,Heavy Truck,,VT0041000,Parking Lot,None,31 Market Street,Snow,0,"44.44890695320995,-73.10559949548285"
4250947,,"February 10, 2020, 8:06 AM",Burlington,S Winooski Ave,ALTERNATE US-7,Property Damage Only,"No Turns, Thru moves only, Broadside ^<",Clear,"State Highway numbered route, Class 1 TH",20BU002873,Burlington PD,11,1.08,None/Other,Day,College St,None,Heavy Truck,,VT0040100,Four-way Intersection,None,S Winooski Ave,Dry,9993,"44.47715937912807,-73.21105715681915"
4253699,,"February 10, 2020, 10:59 AM",Charlotte,Hinesburg Road,HINESBURG RD,Injury,Single Vehicle Crash,Cloudy,Federal Aid Secondary System (Class 2 TH),20A100713,VSP - A1 Williston,3,3.24,None/Other,Day,Camel View Road,None,Heavy Truck,,VTVSP0100,Not at a Junction,None,Hinesburg Road,Other - Explain in Narrative,S0208,"44.320415291755204,-73.18376318815635"
4251205,,"February 10, 2020, 12:40 PM",Winooski City,E Allen St,VT-15,Property Damage Only,"No Turns, Thru moves only, Broadside ^<",Cloudy,"State Highway numbered route, Class 1 TH",20WS000889,Winooski PD.,11,0.209,None/Other,Day,East St,None,None,,VT0040400,Parking Lot,None,E Allen St,Wet,150,"44.49164838069924,-73.18181813948866"
4250949,,"February 11, 2020, 7:07 AM",Burlington,North Ave,NORTH AVE.,Property Damage Only,Rear End,Clear,Federal Aid Urban System (Class 2 TH's and 3 TH's only),20BU002931,Burlington PD,2,0.298,None/Other,Day,Ward St,None,None,,VT0040100,Not at a Junction,None,North Ave,Dry,U5026,"44.48565626375949,-73.22331201460996"
4249451,,"February 11, 2020, 8:20 AM",Burlington,Pearl St,PEARL ST.,Property Damage Only,Same Direction Sideswipe,Cloudy,Federal Aid Urban System (Class 2 TH's and 3 TH's only),20BU002935,Burlington PD,2,0.771,None/Other,Day,N Willliams,None,None,,VT0040100,Not at a Junction,None,Pearl St,Snow,U5038,"44.48070391581587,-73.20387032814503"
4248096,,"February 11, 2020, 9:04 AM",Burlington,S Winooski Ave,ALTERNATE US-7,Property Damage Only,"Right Turn and Thru, Broadside ^<--",Freezing Precipitation,"State Highway numbered route, Class 1 TH",20BU002939,Burlington PD,11,1.077,None/Other,Day,College St,None,None,,VT0040100,Four-way Intersection,"Road Surface Condition(wet, icy, snow, slush, etc)",S Winooski Ave,Wet,9993,"44.47711624666742,-73.2110544019043"
4250984,,"February 11, 2020, 12:07 PM",South Burlington,Shelburne Rd,US-7,Property Damage Only,Same Direction Sideswipe,Cloudy,"State Highway numbered route, State owned",20SB001474,So. Burlington PD.,10,1.62,None/Other,Day,Lindenwood Dr,None,None,,VT0040300,T - Intersection,None,Shelburne Rd,Wet,70,"44.44422015903383,-73.2096141530264"
4254402,,"February 11, 2020, 5:09 PM",South Burlington,Spear St,SPEAR ST.,Property Damage Only,Rear End,Clear,Federal Aid Urban System (Class 2 TH's and 3 TH's only),20SB001488,So. Burlington PD.,2,3.86,None/Other,Night,East Terr,None,None,,VT0040300,T - Intersection,None,Spear St,Dry,U5222,"44.47199647012157,-73.19175514894943"
4252247,,"February 12, 2020, 9:04 AM",South Burlington,550 Dorset Street,Unknown,Property Damage Only,Other - Explain in Narrative,Clear,"Other Public Roadway (Rest Areas, Shopping Center - anything open to public)",20SB001504,So. Burlington PD.,9,999.99,None/Other,Day,South Burlington High School,None,None,,VT0040300,Parking Lot,None,550 Dorset Street,Dry,0,"44.45493254975814,-73.17789242516166"
4250957,,"February 12, 2020, 11:17 AM",South Burlington,Airport Pkwy,AIRPORT PARKWAY,Property Damage Only,Other - Explain in Narrative,Clear,Federal Aid Urban System (Class 2 TH's and 3 TH's only),20SB001515,So. Burlington PD.,2,0.014,None/Other,Day,White St,None,None,,VT0040300,T - Intersection,None,Airport Pkwy,Dry,U5206,"44.47099249241726,-73.16341882142198"
4253332,,"February 12, 2020, 1:12 PM",Richmond,1 Huntington Rd,HUNTINGTON RD,Injury,"Left Turn and Thru, Angle Broadside -->v--",Clear,Federal Aid Secondary System (Class 2 TH),20RM00080,Richmond PD.,3,4.58,None/Other,Day,Thompson Rd,None,None,,VT0040800,Four-way Intersection,None,1 Huntington Rd,Wet,S0209,"44.398836098897505,-72.99993140298915"
4253441,,"February 12, 2020, 2:46 PM",South Burlington,Dorset St,DORSET ST.,Property Damage Only,"Left Turn and Thru, Broadside v<--",Clear,Federal Aid Urban System (Class 2 TH's and 3 TH's only),20SB001526,So. Burlington PD.,2,3.85,None/Other,Day,Market St,None,None,,VT0040300,Four-way Intersection,None,Dorset St,Dry,U5208,"44.46547515784805,-73.18105423778398"
4250964,,"February 12, 2020, 3:15 PM",Williston,S. Brownell Road,S BROWNELL RD,Property Damage Only,Rear End,Clear,Federal Aid Urban System (Class 2 TH's and 3 TH's only),20WT00717,Williston PD.,2,3.838,None/Other,Day,Williston Rd,None,None,,VT0041000,Four-way Intersection,None,S. Brownell Road,Dry,S0333,"44.454867835161444,-73.12327942006743"
4250952,,"February 12, 2020, 3:39 PM",South Burlington,24 Berard Dr,AIRPORT PARKWAY,Property Damage Only,Same Direction Sideswipe,Clear,Federal Aid Urban System (Class 2 TH's and 3 TH's only),20SB001532,So. Burlington PD.,2,1.09,None/Other,Day,Berard Dr,None,None,,VT0040300,Not at a Junction,None,24 Berard Dr,Dry,U5206,"44.483538873018475,-73.1674804869615"
4250958,,"February 12, 2020, 4:15 PM",Essex,Center Road,VT-15,Injury,Rear End,Cloudy,"State Highway numbered route, State owned",20ES00792,Essex PD.,10,4.14,None/Other,Day,Commonwealth Ave,None,None,,VT0040200,Four-way Intersection,None,Center Road,Dry,150,"44.51018696646606,-73.08306856102632"
4251080,,"February 12, 2020, 5:00 PM",Hinesburg,10370 VT ROUTE 116,VT-116,Property Damage Only,Rear End,Clear,"State Highway numbered route, State owned",20HB00163,Hinesburg PD.,10,4.765,None/Other,Night,MECHANICSVILLE RD,None,None,,VT0041200,Not at a Junction,None,10370 VT ROUTE 116,Dry,1160,"44.33182842763101,-73.11080653345783"
4250202,,"February 12, 2020, 6:10 PM",Shelburne,Shelburne Road,US-7,Property Damage Only,Rear End,Cloudy,"State Highway numbered route, State owned",20SH00764,Shelburne PD.,10,2.004,None/Other,Night,Harbor Road,None,None,,VT0040700,Not at a Junction,None,Shelburne Road,Dry,70,"44.381287151576,-73.22730005315827"
4250955,,"February 12, 2020, 6:10 PM",Essex,Susie Wilson Road,SUSIE WILSON RD.,Injury,Head On,Cloudy,Federal Aid Urban System (Class 2 TH's and 3 TH's only),20ES00795,Essex PD.,2,0.48,None/Other,Night,Kellogg Road,None,None,,VT0040200,Four-way Intersection,None,Susie Wilson Road,Dry,U5410,"44.509580662520165,-73.13178012134283"
4250820,,"February 13, 2020, 7:11 AM",Williston,Williston Rd,VT-2A,Property Damage Only,"Left Turn and Thru, Head On ^v--",Rain,"State Highway numbered route, State owned",20WT00721,Williston PD.,10,3.706,None/Other,Day,St George Rd,None,Heavy Truck,,VT0041000,Four-way Intersection,None,Williston Rd,Wet,21,"44.44939719480858,-73.1109425222969"
4251054,,"February 13, 2020, 10:57 AM",Bolton,I-89 North,I-89,Property Damage Only,Single Vehicle Crash,Freezing Precipitation,"State Highway numbered route, State owned",20A100767,VSP - A1 Williston,10,70,None/Other,Day,Area Of Mile Marker 70,Alcohol,None,,VTVSP0100,,Other - Explain in Narrative,I-89 North,Wet,890,"44.36985401464931,-72.86783929920232"
4250810,,"February 13, 2020, 12:08 PM",Williston,108 Cornerstone Drive,Unknown,Property Damage Only,Rear-to-rear,Rain,"Other Public Roadway (Rest Areas, Shopping Center - anything open to public)",20WT00727,Williston PD.,9,999.99,None/Other,Day,Walgreens Parking Lot,None,None,,VT0041000,Parking Lot,None,108 Cornerstone Drive,Wet,0,"44.44712715349518,-73.103316016591"
4250762,,"February 13, 2020, 1:15 PM",Winooski City,Interstate 89 Exit 15 NB,I-89,Property Damage Only,Same Direction Sideswipe,Clear,"State Highway numbered route, State owned",20A100769,VSP - A1 Williston,10,90.308,None/Other,Day,Exit 15,None,None,,VTVSP0100,Not at a Junction,None,Interstate 89 Exit 15 NB,Dry,890,"44.490769757007925,-73.17300869199873"
4253527,,"February 13, 2020, 2:08 PM",Burlington,Maple St,MAPLE ST. BURLINGTON,Property Damage Only,"Right Turn and Thru, Angle Broadside -->^--",Rain,Federal Aid Urban System (Class 2 TH's and 3 TH's only),20BU003115,Burlington PD,2,0.59,None/Other,Day,Willard St,None,Heavy Truck,,VT0040100,Not at a Junction,None,Maple St,Wet,U5066,"44.47392292039426,-73.2063673277595"
4250269,,"February 13, 2020, 2:32 PM",Colchester,BESSETTE DRIVE,PORTER POINT RD.,Property Damage Only,Rear End,Freezing Precipitation,Federal Aid Urban System (Class 2 TH's and 3 TH's only),20CC001587,Colchester PD.,2,0.094,None/Other,Day,PORTERS POINT ROAD,None,None,,VT0040500,T - Intersection,None,BESSETTE DRIVE,Wet,U5605,"44.53731547982602,-73.24935378005875"
4250324,,"February 13, 2020, 4:02 PM",Burlington,317 Riverside Ave,US-7,Property Damage Only,Rear End,Freezing Precipitation,"State Highway numbered route, Class 1 TH",20BU003125,Burlington PD,11,3.522,None/Other,Day,Hillside Terr,None,None,,VT0040100,T - Intersection,"Road Surface Condition(wet, icy, snow, slush, etc)",317 Riverside Ave,Snow,70,"44.487901071627235,-73.19648223139194"
4250942,,"February 13, 2020, 4:53 PM",Shelburne,1237 Irish Hill Rd,IRISH HILL ROAD,Property Damage Only,Opp Direction Sideswipe,Freezing Precipitation,Federal Aid Urban System (Class 2 TH's and 3 TH's only),20SH00782,Shelburne PD.,2,1.061,None/Other,Day,Northern Hts Dr,None,None,,VT0040700,Not at a Junction,"Road Surface Condition(wet, icy, snow, slush, etc)",1237 Irish Hill Rd,Snow,U5716,"44.37157938045666,-73.19122688729465"
4251240,,"February 13, 2020, 5:00 PM",Colchester,WATER TOWER CIRCLE,WATERTOWER CIR,Property Damage Only,"No Turns, Thru moves only, Broadside ^<",Cloudy,Street or Town Highways in FA Urban Area,20CC001591,Colchester PD.,5,999.99,None/Other,Night,MOUNTAIN VIEW DRIVE,None,None,,VT0040500,T - Intersection,Unknown,WATER TOWER CIRCLE,Snow,0,"44.51051997928877,-73.18461104689779"
4250305,,"February 13, 2020, 5:23 PM",Burlington,Pine St,PINE ST,Property Damage Only,Rear End,Freezing Precipitation,Street or Town Highways in FA Urban Area,20BU003134,Burlington PD,5,999.99,None/Other,Night,Queen City Park Rd,None,None,,VT0040100,T - Intersection,"Road Surface Condition(wet, icy, snow, slush, etc)",Pine St,Snow,0,"44.44625730992695,-73.21479621439818"
4250066,,"February 13, 2020, 9:30 PM",Colchester,US Route 2,US-2,Property Damage Only,"No Turns, Thru moves only, Broadside ^<",Cloudy,"State Highway numbered route, State owned",20CC001603,Colchester PD.,10,1.943,None/Other,Night,"I89 Southbound, Exit 17",None,None,,VT0040500,Four-way Intersection,None,US Route 2,Wet,20,"44.590249819783644,-73.17151054728794"
4250941,,"February 14, 2020, 5:42 AM",South Burlington,Williston Rd,US-2,Property Damage Only,"Right Turn and Thru, Same Direction Sideswipe/Angle Crash ^^--",Clear,"State Highway numbered route, Class 1 TH",20SB001587,So. Burlington PD.,11,1.898,None/Other,Night,Kennedy Dr,None,None,,VT0040300,Four-way Intersection,None,Williston Rd,Wet,20,"44.46298892755813,-73.15409188735539"
4253349,,"February 14, 2020, 6:45 AM",Williston,Vietnam Veterans HWY,I-89,Property Damage Only,Rear End,Cloudy,"State Highway numbered route, State owned",20A100783,VSP - A1 Williston,10,84.902,None/Other,Day,I- 89,None,None,,VTVSP0100,Not at a Junction,None,Vietnam Veterans HWY,Dry,890,"44.441762885585135,-73.13354427880924"
4253005,,"February 14, 2020, 8:55 AM",Williston,64 HARVEST LANE,Unknown,Property Damage Only,Rear-to-rear,Clear,"Other Public Roadway (Rest Areas, Shopping Center - anything open to public)",20WT00745,Williston PD.,9,999.99,None/Other,Day,GOODWILL,None,None,,VT0041000,Parking Lot,None,64 HARVEST LANE,Dry,0,"44.45164569679815,-73.1183136913601"
4253663,,"February 14, 2020, 9:53 AM",South Burlington,8 Dorset St,DORSET ST.,Property Damage Only,Rear End,Clear,Federal Aid Urban System (Class 2 TH's and 3 TH's only),20SB001594,So. Burlington PD.,2,4.098,None/Other,Day,Williston Rd,None,None,,VT0040300,Y - Intersection,None,8 Dorset St,Dry,U5208,"44.46899519860727,-73.18127117999275"
4250342,,"February 14, 2020, 10:23 AM",Burlington,College St,COLLEGE ST,Property Damage Only,"No Turns, Thru moves only, Broadside ^<",Clear,Street or Town Highways in FA Urban Area,20BU003180,Burlington PD,5,999.99,None/Other,Day,Hungerford Ter,None,None,,VT0040100,T - Intersection,None,College St,Wet,0,"44.47741577797177,-73.20699470609627"
4250890,,"February 14, 2020, 10:25 AM",Colchester,781 College Parkway,Unknown,Property Damage Only,Other - Explain in Narrative,Clear,Private Property (Driveways),20CC001614,Colchester PD.,8,999.99,None/Other,Day,Johnson Avenue,None,None,,VT0040500,Parking Lot,None,781 College Parkway,Dry,0,"44.49763265022166,-73.15862093251062"
4245222,,"February 14, 2020, 2:45 PM",South Burlington,550 Dorset St,DORSET ST.,Property Damage Only,Same Direction Sideswipe,Clear,Federal Aid Urban System (Class 2 TH's and 3 TH's only),20SB001606,So. Burlington PD.,2,3.097,None/Other,Day,Kennedy Drive,None,Heavy Truck,,VT0040300,Not at a Junction,None,550 Dorset St,Dry,U5208,"44.45468898074467,-73.17901668157366"
4253855,,"February 14, 2020, 4:04 PM",Burlington,1200 Airport Dr,Unknown,Injury,Rear End,Clear,"Other Public Roadway (Rest Areas, Shopping Center - anything open to public)",20BU003205,Burlington PD,9,999.99,None/Other,Day,Airport Taxi Lane,None,Pedestrian,,VT0040100,Not at a Junction,None,1200 Airport Dr,Wet,0,"44.46901996854925,-73.15468386783616"
4251042,,"February 14, 2020, 4:13 PM",Burlington,Battery St,BATTERY ST.,Property Damage Only,"Left Turn and Thru, Angle Broadside -->v--",Clear,Federal Aid Urban System (Class 2 TH's and 3 TH's only),20BU003206,Burlington PD,2,0.47,None/Other,Day,Cherry St,None,None,,VT0040100,Not at a Junction,None,Battery St,Dry,U5008,"44.47912460513932,-73.21893280613341"