ObjectID,Mapped,Crash Date,City/Town,Address,AOT Route,Crash Type,Collision Direction,Weather,Road Group,Report Number,Reporting Agency,Road Group ID,AOT Actual Milepoint,Animal,Time of Day,Intersection With,Impairment,Involving,Non Reportable Address,Reporting Agency ID,Road Characteristics,Road Condition,Street Address,Surface Condition,AOT Route ID,Coordinates
4254349,,"February 14, 2020, 4:16 PM",Essex,4 PARK STREET,VT-2A,Injury,"No Turns, Thru moves only, Broadside ^<",Clear,"State Highway numbered route, Class 1 TH",20ES00820,Essex PD.,11,0.61,None/Other,Day,Park Ter,None,None,,VT0040200,Not at a Junction,None,4 PARK STREET,Dry,21,"44.4897454247607,-73.11168550340425"
4250784,,"February 14, 2020, 4:49 PM",Winooski City,I-89 NB Exit 15 Off-ramp,I-89,Property Damage Only,Rear End,Clear,Ramp or Spur,20A100794,VSP - A1 Williston,7,0.017,None/Other,Day,Exit 15 Off-ramp,None,None,,VTVSP0100,Y - Intersection,None,I-89 NB Exit 15 Off-ramp,Dry,890,"44.49138580252598,-73.1728893778281"
4250292,,"February 14, 2020, 5:10 PM",Burlington,Pine St,PINE ST.,Property Damage Only,Head On,Clear,Federal Aid Urban System (Class 2 TH's and 3 TH's only),20BU003209,Burlington PD,2,0.395,None/Other,Night,Lakeside Ave,None,None,,VT0040100,Not at a Junction,None,Pine St,Dry,U5040,"44.461224712059625,-73.21456445710116"
4250246,,"February 14, 2020, 5:12 PM",Burlington,N Prospect St,N PROSPECT ST,Injury,Head On,Clear,Street or Town Highways in FA Urban Area,20BU003210,Burlington PD,5,999.99,None/Other,Night,Wilson St,None,None,,VT0040100,Not at a Junction,None,N Prospect St,Dry,0,"44.48417558146218,-73.2013746325055"
4250876,,"February 14, 2020, 8:27 PM",Burlington,45 Cherry St,CHERRY ST,Property Damage Only,Other - Explain in Narrative,Clear,Street or Town Highways in FA Urban Area,20BU003221,Burlington PD,5,999.99,None/Other,Night,Battery St,None,None,,VT0040100,Parking Lot,None,45 Cherry St,Dry,0,"44.47912349899179,-73.21893451305309"
4251915,,"February 14, 2020, 11:15 PM",Burlington,595 Shelburne Rd,US-7,Property Damage Only,Same Direction Sideswipe,Clear,"State Highway numbered route, Class 1 TH",20BU003230,Burlington PD,11,0.338,None/Other,Night,Home Ave,None,None,,VT0040100,Not at a Junction,None,595 Shelburne Rd,Dry,70,"44.45072575097097,-73.20898626005763"
4250959,,"February 15, 2020, 10:17 AM",Shelburne,3764 Shelburne Rd,Unknown,Property Damage Only,Rear-to-rear,Clear,"Other Public Roadway (Rest Areas, Shopping Center - anything open to public)",20SH00812,Shelburne PD.,9,999.99,None/Other,Day,Shelburne Rd,None,None,,VT0040700,Parking Lot,,3764 Shelburne Rd,Dry,0,"44.40122578347264,-73.21899883076912"
4252739,,"February 15, 2020, 12:01 PM",Burlington,East Ave,EAST AVE.,Property Damage Only,Same Direction Sideswipe,Clear,Federal Aid Urban System (Class 2 TH's and 3 TH's only),20BU003261,Burlington PD,2,0.175,None/Other,Day,Catamount Dr,None,None,,VT0040100,Not at a Junction,None,East Ave,Dry,U5016,"44.47505825531559,-73.19079426773393"
4250783,,"February 15, 2020, 12:58 PM",South Burlington,Williston Rd,US-2,Property Damage Only,Rear End,Clear,"State Highway numbered route, Class 1 TH",20SB001643,So. Burlington PD.,11,1.359,None/Other,Day,Elsom Pkwy,None,None,,VT0040300,Not at a Junction,None,Williston Rd,Dry,20,"44.46545039107325,-73.16446071275791"
4250503,,"February 15, 2020, 2:21 PM",South Burlington,43 East Terrace,Unknown,Property Damage Only,Other - Explain in Narrative,Clear,"Other Public Roadway (Rest Areas, Shopping Center - anything open to public)",20SB001646,So. Burlington PD.,9,999.99,None/Other,Day,Driveway,None,None,,VT0040300,Driveway,"Road Surface Condition(wet, icy, snow, slush, etc)",43 East Terrace,Ice,0,"44.46734842701141,-73.1904753802096"
4247488,,"February 16, 2020, 7:39 AM",Burlington,Home Ave,HOME AVE,Property Damage Only,Rear End,Clear,Street or Town Highways in FA Urban Area,20BU003311,Burlington PD,5,999.99,None/Other,Day,Pine St,None,None,,VT0040100,Not at a Junction,None,Home Ave,Dry,0,"44.451024359248365,-73.21440776009767"
4250756,,"February 16, 2020, 2:58 PM",Williston,Marshall Avenue,MARSHALL AVE.,Property Damage Only,Rear End,Cloudy,Federal Aid Urban System (Class 2 TH's and 3 TH's only),20WT00773,Williston PD.,2,1.561,None/Other,Day,Saint George Road,None,None,,VT0041000,Four-way Intersection,None,Marshall Avenue,Dry,U5505,"44.44430168555707,-73.11258832725076"
4250283,,"February 17, 2020, 12:52 PM",Colchester,I89 EXIT 16 S OFF RAMP,I-89,Property Damage Only,Same Direction Sideswipe,Clear,"State Highway numbered route, State owned",20CC001690,Colchester PD.,10,0.32,None/Other,Day,,None,None,,VT0040500,Four-way Intersection,None,I89 EXIT 16 S OFF RAMP,Dry,890,"44.50524196641281,-73.18141139033382"
4250751,,"February 17, 2020, 1:05 PM",South Burlington,Dorset Street at Barnes & Noble,DORSET ST.,Property Damage Only,Rear End,Clear,Federal Aid Urban System (Class 2 TH's and 3 TH's only),20SB001718,So. Burlington PD.,2,3.954,None/Other,Day,Market St,None,None,,VT0040300,Four-way Intersection,Unknown,Dorset Street at Barnes & Noble,Dry,U5208,"44.46696233272119,-73.18131251024681"
4250189,,"February 17, 2020, 1:47 PM",Burlington,Bank St,BANK ST,Property Damage Only,Other - Explain in Narrative,Clear,Street or Town Highways in FA Urban Area,20BU003390,Burlington PD,5,999.99,None/Other,Day,St Paul St,None,None,,VT0040100,Not at a Junction,None,Bank St,Dry,0,"44.47814860418799,-73.21417333972302"
4252183,,"February 17, 2020, 4:06 PM",South Burlington,155 Dorset St,Unknown,Property Damage Only,Rear-to-rear,Cloudy,"Other Public Roadway (Rest Areas, Shopping Center - anything open to public)",20SB001724,So. Burlington PD.,9,999.99,None/Other,Day,Dorset St,None,None,,VT0040300,Parking Lot,None,155 Dorset St,Dry,0,"44.46554549479233,-73.18231321407639"
4250277,,"February 17, 2020, 4:31 PM",Colchester,ROUTE 2,US-2,Property Damage Only,Rear End,Clear,"State Highway numbered route, State owned",20CC001698,Colchester PD.,10,2.064,None/Other,Day,I89 EXIT 17 NB OFF RAMP,None,None,,VT0040500,Off Ramp,None,ROUTE 2,Dry,20,"44.589770280102314,-73.16913061383539"
4251759,,"February 17, 2020, 7:13 PM",Colchester,ROUTE 15,VT-15,Property Damage Only,"Left Turns, Opposite Directions, Head On/Angle Crash --^v--",Clear,"State Highway numbered route, State owned",20CC001705,Colchester PD.,10,0.771,None/Other,Night,JOHNSON AVENUE,None,None,,VT0040500,T - Intersection,None,ROUTE 15,Dry,150,"44.49713117121263,-73.15891878251617"
4252334,,"February 18, 2020, 4:13 AM",Milton,423 Us Rt 7 S,US-7,Property Damage Only,Single Vehicle Crash,Clear,"State Highway numbered route, State owned",20MT001090,Milton PD.,10,2.84,None/Other,Night,Chrisemily Lane,None,None,,VT0040600,Driveway,None,423 Us Rt 7 S,Dry,70,"44.6256274660715,-73.13736880276882"
4250304,,"February 18, 2020, 10:27 AM",Charlotte,US RT 7,US-7,Property Damage Only,Single Vehicle Crash,Freezing Precipitation,"State Highway numbered route, State owned",20A100847,VSP - A1 Williston,10,1.24,None/Other,Day,East Thompson's Point Road,None,Heavy Truck,,VTVSP0100,T - Intersection,"Road Surface Condition(wet, icy, snow, slush, etc)",US RT 7,Snow,70,"44.280894009014766,-73.23609094035619"
4250296,,"February 18, 2020, 10:55 AM",South Burlington,Hinesburg Rd,VT-116,Property Damage Only,Single Vehicle Crash,Freezing Precipitation,"State Highway numbered route, State owned",20SB001749,So. Burlington PD.,10,4.095,None/Other,Day,Village Green Dr,None,None,,VT0040300,Not at a Junction,"Road Surface Condition(wet, icy, snow, slush, etc)",Hinesburg Rd,Snow,1160,"44.46477293836657,-73.17090830557363"
4252713,,"February 18, 2020, 12:51 PM",Colchester,I-89 S,I-89,Property Damage Only,Same Direction Sideswipe,Clear,"State Highway numbered route, State owned",20A100816,VSP - A1 Williston,10,91.5,None/Other,Day,Exit 16,None,None,,VTVSP0100,Not at a Junction,None,I-89 S,Dry,890,"44.505590403705064,-73.18138767921843"
4251189,,"February 18, 2020, 1:34 PM",South Burlington,Hinesburg Rd,VT-116,Property Damage Only,Rear End,Freezing Precipitation,"State Highway numbered route, State owned",20SB001761,So. Burlington PD.,10,4.223,None/Other,Day,Williston Rd,None,None,,VT0040300,Four-way Intersection,None,Hinesburg Rd,Snow,1160,"44.466604985369386,-73.17127591209615"
4252521,,"February 18, 2020, 2:35 PM",Winooski City,87 Elm St,Unknown,Property Damage Only,Rear-to-rear,Clear,Street or Town Highways in FA Urban Area,20WS001099,Winooski PD.,5,999.99,None/Other,Day,Forest St,None,Heavy Truck,,VT0040400,Parking Lot,None,87 Elm St,Dry,0,"44.49463845815519,-73.19758936618042"
4251110,,"February 18, 2020, 4:19 PM",Williston,2844 Saint George Road,VT-2A,Property Damage Only,"Left Turn and Thru, Angle Broadside -->v--",Cloudy,"State Highway numbered route, State owned",20WT00800,Williston PD.,10,3.127,None/Other,Day,Interstate 89,None,None,,VT0041000,Not at a Junction,None,2844 Saint George Road,Dry,21,"44.44155175149937,-73.11383371738926"
4251040,,"February 18, 2020, 8:27 PM",Burlington,Elmwood Ave,ELMWOOD AVE,Injury,Single Vehicle Crash,Clear,Street or Town Highways in FA Urban Area,20BU003497,Burlington PD,5,999.99,None/Other,Night,Grant St,None,Pedestrian,,VT0040100,T - Intersection,None,Elmwood Ave,Dry,0,"44.48222965598345,-73.21368112463313"
4254455,,"February 19, 2020, 5:58 AM",Essex,9 Browns River Rd,VT-128,Property Damage Only,"No Turns, Thru moves only, Broadside ^<",Freezing Precipitation,"State Highway numbered route, State owned",20ES00892,Essex PD.,10,0.1,None/Other,Night,Bixby Hill Rd,None,None,,VT0040200,Four-way Intersection,None,9 Browns River Rd,Snow,1280,"44.51233001838534,-73.05749748970214"
4250301,,"February 19, 2020, 6:53 AM",Williston,South Brownell Rd,S BROWNELL RD,Injury,"No Turns, Thru moves only, Broadside ^<",Freezing Precipitation,Federal Aid Urban System (Class 2 TH's and 3 TH's only),20WT00811,Williston PD.,2,3.13,None/Other,Day,Marshall Ave,None,None,,VT0041000,Four-way Intersection,None,South Brownell Rd,Wet,S0333,"44.445551777043306,-73.12866525554239"
4253731,,"February 19, 2020, 9:15 AM",Burlington,S Winooski Ave,ALTERNATE US-7,Property Damage Only,"Left Turns, Opposite Directions, Head On/Angle Crash --^v--",Cloudy,"State Highway numbered route, Class 1 TH",20BU003529,Burlington PD,11,1.32,None/Other,Day,Pearl St,None,None,,VT0040100,Four-way Intersection,None,S Winooski Ave,Dry,9993,"44.480490969828665,-73.21121766719983"
4250247,,"February 19, 2020, 10:16 AM",Williston,James Brown Drive,JAMES BROWN DR,Injury,Opp Direction Sideswipe,Clear,Street or Town Highways in FA Urban Area,20WT00814,Williston PD.,5,999.99,None/Other,Day,Essex Road,None,None,,VT0041000,T - Intersection,None,James Brown Drive,Dry,0,"44.475493432656,-73.11347497943338"
4250276,,"February 19, 2020, 2:00 PM",Essex,2 Educational Dr,Unknown,Property Damage Only,Same Direction Sideswipe,Clear,"Other Public Roadway (Rest Areas, Shopping Center - anything open to public)",20ES00901,Essex PD.,9,999.99,None/Other,Day,Brookside Ave,None,None,,VT0040200,Parking Lot,None,2 Educational Dr,Dry,0,"44.49598043864659,-73.10762931052152"
4254565,,"February 19, 2020, 3:54 PM",Burlington,Pearl St,PEARL ST.,Property Damage Only,"Left Turn and Thru, Angle Broadside -->v--",Clear,Federal Aid Urban System (Class 2 TH's and 3 TH's only),20BU003575,Burlington PD,2,0.24,None/Other,Day,St Paul St,None,Bicycle,,VT0040100,T - Intersection,None,Pearl St,Dry,U5038,"44.48039898827315,-73.21432235983742"
4254469,,"February 19, 2020, 4:03 PM",Shelburne,512 Wake Robin Dr,WAKE ROBIN DR,Property Damage Only,"Left Turn and Thru, Same Direction Sideswipe/Angle Crash vv--",Cloudy,"Other Public Roadway (Rest Areas, Shopping Center - anything open to public)",20SH00887,Shelburne PD.,9,999.99,None/Other,Day,Colman Way,None,None,,VT0040700,T - Intersection,None,512 Wake Robin Dr,Dry,0,"44.35630761374174,-73.24721179338948"
4250268,,"February 19, 2020, 4:19 PM",South Burlington,331 Lime Kiln Rd,AIRPORT PARKWAY,Property Damage Only,Rear End,Clear,Federal Aid Urban System (Class 2 TH's and 3 TH's only),20SB001806,So. Burlington PD.,2,1.694,None/Other,Day,Observatory Ln,None,None,,VT0040300,Not at a Junction,None,331 Lime Kiln Rd,Dry,U5206,"44.48965339741682,-73.16205313302467"
4252448,,"February 19, 2020, 8:43 PM",South Burlington,Shelburne Road,US-7,Property Damage Only,"Left Turn and Thru, Angle Broadside -->v--",Clear,"State Highway numbered route, State owned",20SB001811,So. Burlington PD.,10,1.527,None/Other,Night,Brewer Parkway,None,None,,VT0040300,Four-way Intersection,None,Shelburne Road,Dry,70,"44.442873104669964,-73.20978702931107"
4250299,,"February 20, 2020, 6:26 AM",Essex,68 Park St,VT-2A,Property Damage Only,Rear End,Cloudy,"State Highway numbered route, Class 1 TH",20ES00911,Essex PD.,11,0.3,None/Other,Day,South St,None,None,,VT0040200,Not at a Junction,None,68 Park St,Dry,21,"44.48558629009804,-73.11405826635094"
4253742,,"February 20, 2020, 7:38 AM",Burlington,111 N Winooski Ave,ALTERNATE US-7,Property Damage Only,Same Direction Sideswipe,Clear,"State Highway numbered route, Class 1 TH",20BU003619,Burlington PD,11,1.559,None/Other,Day,North ST,None,Heavy Truck,,VT0040100,Not at a Junction,None,111 N Winooski Ave,Dry,9993,"44.48375284043922,-73.21139854467714"
4246017,,"February 20, 2020, 11:29 AM",Burlington,111 Colchester Ave,Unknown,Property Damage Only,Same Direction Sideswipe,Clear,Street or Town Highways in FA Urban Area,20BU003635,Burlington PD,5,999.99,None/Other,Day,UVMMC Main Entrance Parking Lot,None,None,,VT0040100,Parking Lot,None,111 Colchester Ave,Dry,0,"44.47982967174074,-73.19396889382881"
4250260,,"February 20, 2020, 1:31 PM",South Burlington,820 Allen Rd,US-7,Property Damage Only,Same Direction Sideswipe,Clear,"State Highway numbered route, State owned",20SB001843,So. Burlington PD.,10,0.1,None/Other,Day,Allen Rd,None,Heavy Truck,,VT0040300,T - Intersection,None,820 Allen Rd,Dry,70,"44.42225230400825,-73.21191885094267"
4252243,,"February 20, 2020, 3:58 PM",Essex,Main Street and Educational Drive,VT-15,Property Damage Only,Rear End,Clear,"State Highway numbered route, Class 1 TH",20ES00921,Essex PD.,11,2.58,None/Other,Day,Educational Dr,None,None,,VT0040200,Not at a Junction,None,Main Street and Educational Drive,Dry,150,"44.49405335585786,-73.1052496932052"
4250286,,"February 20, 2020, 4:30 PM",Richmond,River Road,VT-117,Property Damage Only,"Left Turn and Thru, Broadside v<--",Clear,"State Highway numbered route, State owned",20RM00091,Richmond PD.,10,0.71,None/Other,Day,Governor Peck Hwy,None,None,,VT0040800,T - Intersection,None,River Road,Dry,1170,"44.42476141658527,-73.01267357159641"
4253674,,"February 21, 2020, 6:21 AM",Colchester,25 Macrae Road,MACRAE RD,Property Damage Only,Opp Direction Sideswipe,Clear,Street or Town Highways in FA Urban Area,20CC001805,Colchester PD.,5,999.99,None/Other,Day,Heineberg Drive,None,None,,VT0040500,Not at a Junction,None,25 Macrae Road,Dry,0,"44.536250943015176,-73.24749620548126"
4252469,,"February 21, 2020, 6:51 AM",Colchester,77 US ROUTE 7,US-7,Property Damage Only,"Left Turn and Thru, Broadside v<--",Clear,"State Highway numbered route, State owned",20CC001808,Colchester PD.,10,3.775,None/Other,Day,,None,None,,VT0040500,Driveway,None,77 US ROUTE 7,Dry,70,"44.55314744536338,-73.16314950404126"
4254310,,"February 21, 2020, 7:40 AM",Essex,37b Jericho Rd,VT-15,Property Damage Only,"Left Turn and Thru, Broadside v<--",Clear,"State Highway numbered route, State owned",20ES00935,Essex PD.,10,5.82,None/Other,Day,Richard St,None,None,,VT0040200,Not at a Junction,Other - Explain in Narrative,37b Jericho Rd,Other - Explain in Narrative,150,"44.50801174829692,-73.05147761864421"
4247458,,"February 21, 2020, 7:41 AM",Burlington,Intervale Ave,INTERVALE AVE,Property Damage Only,"No Turns, Thru moves only, Broadside ^<",Clear,Street or Town Highways in FA Urban Area,20BU003685,Burlington PD,5,999.99,None/Other,Day,Oak St,None,None,,VT0040100,Four-way Intersection,None,Intervale Ave,Dry,0,"44.48943825380755,-73.20981638912292"
4250254,,"February 21, 2020, 12:50 PM",Williston,5399 WILLISTON ROAD,Unknown,Property Damage Only,Rear End,Clear,"Other Public Roadway (Rest Areas, Shopping Center - anything open to public)",20WT00859,Williston PD.,9,999.99,None/Other,Day,,None,None,,VT0041000,Parking Lot,None,5399 WILLISTON ROAD,Dry,0,"44.45330361893103,-73.11794169028781"
4253133,,"February 21, 2020, 2:48 PM",Richmond,282 River Rd,VT-117,Injury,"Left Turn and Thru, Angle Broadside -->v--",Clear,"State Highway numbered route, State owned",20RM00093,Richmond PD.,10,0.48,None/Other,Day,Onion River Rd,None,None,,VT0040800,Not at a Junction,None,282 River Rd,Dry,1170,"44.427559771976675,-73.01540181654305"
4250250,,"February 21, 2020, 3:09 PM",Essex,1 Maple St,VT-117,Property Damage Only,Head On,Clear,"State Highway numbered route, Class 1 TH",20ES00946,Essex PD.,11,0.01,None/Other,Day,Pearl St,None,None,,VT0040200,Five-point or more,None,1 Maple St,Dry,1170,"44.49047617604261,-73.11104417727854"
4251430,,"February 21, 2020, 3:32 PM",South Burlington,Shelburne Rd,US-7,Property Damage Only,Same Direction Sideswipe,Clear,"State Highway numbered route, State owned",20SB001891,So. Burlington PD.,10,1.449,None/Other,Day,Laurel Hill Dr,None,None,,VT0040300,Not at a Junction,None,Shelburne Rd,Dry,70,"44.44175131325458,-73.20992507406906"
4253302,,"February 21, 2020, 8:12 PM",Williston,Williston Road,US-2,Property Damage Only,Rear End,Clear,"State Highway numbered route, State owned",20WT00862,Williston PD.,10,1.036,None/Other,Night,Blair Park Road,None,None,,VT0041000,Four-way Intersection,Unknown,Williston Road,Dry,20,"44.45249483720666,-73.11757338816274"
4250238,,"February 21, 2020, 8:55 PM",South Burlington,Dorset,DORSET ST.,Property Damage Only,Rear End,Clear,Federal Aid Urban System (Class 2 TH's and 3 TH's only),20SB001902,So. Burlington PD.,2,3.969,None/Other,Night,,None,None,,VT0040300,Four-way Intersection,None,Dorset,Dry,U5208,"44.46717693647145,-73.18134859087336"
4252508,,"February 21, 2020, 11:00 PM",Westford,VT RT 128,VT-128,Property Damage Only,Same Direction Sideswipe,Clear,"State Highway numbered route, State owned",20A100923,VSP - A1 Williston,10,6.09,None/Other,,River Bend LN,None,None,,VTVSP0100,T - Intersection,None,VT RT 128,Dry,1280,"44.640759601384126,-73.01578769611456"
4250249,,"February 21, 2020, 11:03 PM",South Burlington,8 Dorset St,DORSET ST.,Injury,Rear End,Clear,Federal Aid Urban System (Class 2 TH's and 3 TH's only),20SB001909,So. Burlington PD.,2,4.106,None/Other,Night,Dorset St,None,None,,VT0040300,Four-way Intersection,None,8 Dorset St,Dry,U5208,"44.46910468402582,-73.1812207707462"
4251157,,"February 22, 2020, 9:29 AM",South Burlington,200 Dorset St,Unknown,Property Damage Only,Same Direction Sideswipe,Clear,"Other Public Roadway (Rest Areas, Shopping Center - anything open to public)",20SB001919,So. Burlington PD.,9,999.99,None/Other,Day,Trader Joes,None,None,,VT0040300,Not at a Junction,None,200 Dorset St,Dry,0,"44.46403870114953,-73.1799456980347"
4252472,,"February 22, 2020, 12:58 PM",Essex,142 Main St,VT-15,Property Damage Only,Rear End,Clear,"State Highway numbered route, Class 1 TH",20ES00969,Essex PD.,11,2.97,None/Other,Day,Taft St,None,None,,VT0040200,Not at a Junction,None,142 Main St,Dry,150,"44.49783964513437,-73.0995626434372"
4251230,,"February 22, 2020, 4:19 PM",Bolton,,US-2,Property Damage Only,Same Direction Sideswipe,Clear,"State Highway numbered route, State owned",20A100929,VSP - A1 Williston,10,2.83,None/Other,Day,Bolton Valley Access Road,Alcohol,None,,VTVSP0100,Not at a Junction,None,,Dry,20,"44.37316317584135,-72.87892934186986"
4251108,,"February 23, 2020, 3:40 PM",Shelburne,2916 US-7,US-7,Property Damage Only,Same Direction Sideswipe,Cloudy,"State Highway numbered route, State owned",20SH00968,Shelburne PD.,10,4.305,None/Other,Day,Hunters Way,None,None,,VT0040700,Not at a Junction,,2916 US-7,Dry,70,"44.413087320446586,-73.21451451828672"
4249993,,"February 23, 2020, 4:05 PM",Hinesburg,12913 VT-116,VT-116,Property Damage Only,Single Vehicle Crash,Clear,"State Highway numbered route, State owned",20HB00194,Hinesburg PD.,10,3.05,None/Other,Day,GILMAN RD,None,None,,VT0041200,Not at a Junction,None,12913 VT-116,Dry,1160,"44.31572695096255,-73.09020467892006"
4251104,,"February 23, 2020, 5:16 PM",Essex,96 Susie Wilson Rd,SUSIE WILSON RD.,Property Damage Only,Head On,Clear,Federal Aid Urban System (Class 2 TH's and 3 TH's only),20ES00997,Essex PD.,2,1.02,None/Other,Night,Colchester Rd,None,None,,VT0040200,Not at a Junction,None,96 Susie Wilson Rd,Dry,U5410,"44.51506520445361,-73.12711378347069"
4251186,,"February 23, 2020, 6:30 PM",Colchester,4156 Roosevelt Highway,US-7,Property Damage Only,Rear End,Freezing Precipitation,"State Highway numbered route, State owned",20CC002789,Colchester PD.,10,4.124,None/Other,Night,Creek Farm Road,None,None,,VT0040500,Not at a Junction,"Road Surface Condition(wet, icy, snow, slush, etc)",4156 Roosevelt Highway,Snow,70,"44.55811442082378,-73.16188765573497"
4253390,,"February 24, 2020, 6:28 AM",Essex,72 Park St,VT-2A,Property Damage Only,"No Turns, Thru moves only, Broadside ^<",Clear,"State Highway numbered route, Class 1 TH",20ES01005,Essex PD.,11,0.31,None/Other,Day,River St,None,None,,VT0040200,Four-way Intersection,Other - Explain in Narrative,72 Park St,Dry,21,"44.48571567743472,-73.11398179557872"
4252466,,"February 24, 2020, 6:30 AM",Burlington,Beltline / Route 127,VT. 127 BELTLINE,Property Damage Only,Same Direction Sideswipe,Clear,Federal Aid Urban System (Class 2 TH's and 3 TH's only),20BU003900,Burlington PD,2,0.001,None/Other,Day,Manhattan Dr,None,Heavy Truck,,VT0040100,Four-way Intersection,None,Beltline / Route 127,Dry,U5009,"44.4874964029046,-73.21943830713275"
4251074,,"February 24, 2020, 10:57 AM",Burlington,262 S Willard St,US-7,Property Damage Only,Rear End,Clear,"State Highway numbered route, Class 1 TH",20BU003919,Burlington PD,11,1.877,None/Other,Day,Tower Terrance,None,None,,VT0040100,Other - Explain in Narrative,None,262 S Willard St,Dry,70,"44.47251981275317,-73.2051882113987"
4250929,,"February 24, 2020, 11:12 AM",Burlington,Main St,MAIN ST.,Property Damage Only,"No Turns, Thru moves only, Broadside ^<",Clear,Federal Aid Urban System (Class 2 TH's and 3 TH's only),20BU003921,Burlington PD,2,0.17,None/Other,Day,Pine St,None,Heavy Truck,,VT0040100,Four-way Intersection,None,Main St,Dry,U5022,"44.47582726144295,-73.21555570294723"
4250971,,"February 24, 2020, 1:54 PM",Williston,194 Retail Way,Unknown,Property Damage Only,Same Direction Sideswipe,Clear,"Other Public Roadway (Rest Areas, Shopping Center - anything open to public)",20WT00895,Williston PD.,9,999.99,None/Other,Day,Marshall Avenue,None,None,,VT0041000,Parking Lot,None,194 Retail Way,Dry,0,"44.44420559335241,-73.11451673332304"
4245315,,"February 24, 2020, 2:01 PM",Williston,Marshall Avenue,MARSHALL AVE.,Property Damage Only,Rear End,Clear,Federal Aid Urban System (Class 2 TH's and 3 TH's only),20WT00896,Williston PD.,2,0.704,None/Other,Day,South Brownell Road,None,None,,VT0041000,Four-way Intersection,None,Marshall Avenue,Dry,U5505,"44.44563189470264,-73.12896648133427"
4251093,,"February 24, 2020, 6:14 PM",Colchester,1184 PRIM ROAD,Unknown,Property Damage Only,"Right Turn and Thru, Broadside ^<--",Cloudy,"Other Public Roadway (Rest Areas, Shopping Center - anything open to public)",20CC001955,Colchester PD.,9,999.99,None/Other,Night,BESSETTE ROAD,None,None,,VT0040500,,,1184 PRIM ROAD,,0,"44.53785077354225,-73.24745320714851"
4250830,,"February 25, 2020, 1:37 AM",Winooski City,145  Pine Street,PINE ST,Property Damage Only,Single Vehicle Crash,Cloudy,Street or Town Highways in FA Urban Area,20CC001960,Colchester PD.,5,999.99,None/Other,Night,Hickok Street,None,None,,VT0040500,T - Intersection,"Rut, holes, bumps",145  Pine Street,Wet,0,"44.49698481670885,-73.19652342719827"
4251637,,"February 25, 2020, 6:56 AM",South Burlington,1 Valley Ridge Rd,US-2,Property Damage Only,Rear End,Clear,"State Highway numbered route, State owned",20SB002017,So. Burlington PD.,10,2.549,None/Other,Day,Shunpike Rd,None,None,,VT0040300,Not at a Junction,None,1 Valley Ridge Rd,Dry,20,"44.45847893901781,-73.14298129115606"
4250328,,"February 25, 2020, 11:40 AM",Burlington,Shelburne Rd,US-7,Property Damage Only,Same Direction Sideswipe,Rain,"State Highway numbered route, Class 1 TH",20BU004005,Burlington PD,11,0.163,None/Other,Day,I189,None,Heavy Truck,,VT0040100,T - Intersection,"Road Surface Condition(wet, icy, snow, slush, etc)",Shelburne Rd,Wet,70,"44.448294080731074,-73.20923033560513"
4251069,,"February 25, 2020, 2:16 PM",South Burlington,465 Quarry Hill Rd,Unknown,Property Damage Only,Rear-to-rear,Cloudy,Private Property (Driveways),20SB002025,So. Burlington PD.,8,999.99,None/Other,Day,Williston Road,None,None,,VT0040300,Parking Lot,None,465 Quarry Hill Rd,Wet,0,"44.46721159775352,-73.18811359654782"
4251144,,"February 25, 2020, 2:30 PM",Essex,183 Colchester Rd,VT-2A,Property Damage Only,"Left Turn and Thru, Broadside v<--",Cloudy,"State Highway numbered route, State owned",20ES01040,Essex PD.,10,1.88,None/Other,Day,Pinecrest Dr,None,None,,VT0040200,T - Intersection,None,183 Colchester Rd,Wet,21,"44.50731866594643,-73.11709606129479"
4244876,,"February 25, 2020, 2:45 PM",Milton,Middle Rd,MIDDLE ROAD,Property Damage Only,Other - Explain in Narrative,Cloudy,Federal Aid Urban System (Class 2 TH's and 3 TH's only),20MT001267,Milton PD.,2,2.98,None/Other,Day,Railroad St,None,None,,VT0040600,Four-way Intersection,None,Middle Rd,Wet,U5810,"44.6235376695716,-73.11840455702053"
4251078,,"February 25, 2020, 2:52 PM",South Burlington,34 Micintosh Ave,MCINTOSH AVE,Property Damage Only,Rear-to-rear,Cloudy,Street or Town Highways in FA Urban Area,20SB002027,So. Burlington PD.,5,999.99,None/Other,Day,Newton Avenue,None,None,,VT0040300,Not at a Junction,None,34 Micintosh Ave,Wet,0,"44.43671168209622,-73.20736293910572"