ObjectID,Mapped,Crash Date,City/Town,Address,AOT Route,Crash Type,Collision Direction,Weather,Road Group,Report Number,Reporting Agency,Road Group ID,AOT Actual Milepoint,Animal,Time of Day,Intersection With,Impairment,Involving,Non Reportable Address,Reporting Agency ID,Road Characteristics,Road Condition,Street Address,Surface Condition,AOT Route ID,Coordinates
4253875,,"February 25, 2020, 7:37 PM",Burlington,North St,NORTH AVE.,Property Damage Only,Same Direction Sideswipe,Clear,Federal Aid Urban System (Class 2 TH's and 3 TH's only),20BU004031,Burlington PD,2,0.171,None/Other,Night,North Ave,None,None,,VT0040100,Not at a Junction,None,North St,Dry,U5026,"44.48418031478279,-73.22214023767737"
4251068,,"February 25, 2020, 8:57 PM",Milton,US Rt 7,US-7,Property Damage Only,Single Vehicle Crash,Clear,"State Highway numbered route, State owned",20MT001273,Milton PD.,10,2.66,None/Other,Night,Clifford Dr,None,None,,VT0040600,Not at a Junction,None,US Rt 7,Dry,70,"44.627005054919785,-73.14046103897213"
4253348,,"February 26, 2020, 7:06 AM",Burlington,N Winooski Ave,ALTERNATE US-7,Property Damage Only,Same Direction Sideswipe,Cloudy,"State Highway numbered route, Class 1 TH",20BU004058,Burlington PD,11,1.471,None/Other,Day,Grant St,None,None,,VT0040100,Not at a Junction,None,N Winooski Ave,Wet,9993,"44.48255193757171,-73.21132590120189"
4254165,,"February 26, 2020, 8:30 AM",Burlington,21 Washington St,WASHINGTON ST,Property Damage Only,Same Direction Sideswipe,Cloudy,Street or Town Highways in FA Urban Area,20BU004062,Burlington PD,5,999.99,None/Other,Day,Convent Square,None,None,,VT0040100,T - Intersection,None,21 Washington St,Dry,0,"44.488231384808046,-73.22434890558056"
4251050,,"February 26, 2020, 2:04 PM",South Burlington,Shelburne Road,SHELBURNE RD,Property Damage Only,Same Direction Sideswipe,Clear,"Other Public Roadway (Rest Areas, Shopping Center - anything open to public)",20SB002075,So. Burlington PD.,9,999.99,None/Other,Day,Brewer Pkwy,None,None,,VT0040300,Not at a Junction,None,Shelburne Road,Wet,0,"44.44287300094355,-73.20975439208162"
4248981,,"February 26, 2020, 3:29 PM",Williston,2777 St George Road,VT-2A,Injury,"Left Turn and Thru, Angle Broadside -->v--",Cloudy,"State Highway numbered route, State owned",20WT00917,Williston PD.,10,3.192,None/Other,Day,,None,None,,VT0041000,Driveway,None,2777 St George Road,Unknown,21,"44.44241213346135,-73.1133647419203"
4250855,,"February 26, 2020, 3:56 PM",Burlington,Pine St,PINE ST.,Injury,Head On,Cloudy,Federal Aid Urban System (Class 2 TH's and 3 TH's only),20BU004097,Burlington PD,2,0.941,None/Other,Day,Marble Ave,Alcohol,None,,VT0040100,T - Intersection,"Road Surface Condition(wet, icy, snow, slush, etc)",Pine St,Wet,U5040,"44.46900026864681,-73.21511034005329"
4251972,,"February 26, 2020, 9:12 PM",South Burlington,1795 Williston Road,FAP 121-1 KENNEDY DRIVE,Property Damage Only,"No Turns, Thru moves only, Broadside ^<",Cloudy,Federal Aid Urban System (Class 2 TH's and 3 TH's only),20SB002085,So. Burlington PD.,2,1.455,None/Other,Night,,None,None,,VT0040300,Driveway,None,1795 Williston Road,Wet,9998,"44.4621072428984,-73.15426115065144"
4253373,,"February 27, 2020, 7:27 AM",Essex,105 Pearl Street,VT-15,Property Damage Only,Rear End,Rain,"State Highway numbered route, Class 1 TH",20ES01065,Essex PD.,11,1.53,None/Other,Day,,None,None,,VT0040200,Not at a Junction,None,105 Pearl Street,Wet,150,"44.495610110576976,-73.12263615361545"
4254444,,"February 27, 2020, 9:19 AM",Winooski City,25 Winooski Falls Way,E. CANAL ST.,Property Damage Only,Head On,Rain,Federal Aid Urban System (Class 2 TH's and 3 TH's only),20WS001374,Winooski PD.,2,0.083,None/Other,Day,Cascade Way,None,None,,VT0040400,Parking Lot,None,25 Winooski Falls Way,Wet,U5111,"44.49024967842135,-73.18426869946487"
4252272,,"February 27, 2020, 9:57 AM",Underhill,RT 15,VT-15,Injury,Single Vehicle Crash,Freezing Precipitation,"State Highway numbered route, State owned",20A100991,VSP - A1 Williston,10,0.82,None/Other,Day,Near # 485,None,None,,VTVSP0100,Driveway,"Road Surface Condition(wet, icy, snow, slush, etc)",RT 15,Other - Explain in Narrative,150,"44.53623884389706,-72.94830031144869"
4250070,,"February 27, 2020, 11:12 AM",Winooski City,298 E Allen St,Unknown,Property Damage Only,Other - Explain in Narrative,Cloudy,"Other Public Roadway (Rest Areas, Shopping Center - anything open to public)",20WS001378,Winooski PD.,9,999.99,None/Other,Day,Parking Lot Of Maplefields,None,Heavy Truck,,VT0040400,Parking Lot,"Road Surface Condition(wet, icy, snow, slush, etc)",298 E Allen St,Snow,0,"44.493072471660014,-73.17514066862131"
4251483,,"February 27, 2020, 1:13 PM",South Burlington,50 White St,Unknown,Property Damage Only,Rear-to-rear,Freezing Precipitation,"Other Public Roadway (Rest Areas, Shopping Center - anything open to public)",20SB002099,So. Burlington PD.,9,999.99,None/Other,Day,Parking Lot,None,None,,VT0040300,Parking Lot,None,50 White St,Wet,0,"44.46806664397145,-73.17316673695038"
4250901,,"February 27, 2020, 3:45 PM",Westford,1200 VT Rte 15,VT-15,Property Damage Only,Opp Direction Sideswipe,Freezing Precipitation,"State Highway numbered route, State owned",20A101000,VSP - A1 Williston,10,2.58,None/Other,Day,,None,None,,VTVSP0100,Not at a Junction,"Road Surface Condition(wet, icy, snow, slush, etc)",1200 VT Rte 15,Ice,150,"44.628883996242635,-72.91855786287609"
4250914,,"February 27, 2020, 4:02 PM",Williston,Williston Rd,US-2,Property Damage Only,Rear End,Cloudy,"State Highway numbered route, State owned",20WT00933,Williston PD.,10,1.413,None/Other,Day,St George Rd,None,None,,VT0041000,Four-way Intersection,None,Williston Rd,Wet,20,"44.4497085487719,-73.11119081092004"
4253343,,"February 27, 2020, 5:39 PM",Burlington,North St,NORTH ST.,Property Damage Only,"No Turns, Thru moves only, Broadside ^<",Freezing Precipitation,Federal Aid Urban System (Class 2 TH's and 3 TH's only),20BU004164,Burlington PD,2,0.542,None/Other,Night,N Winoosk Ave,None,None,,VT0040100,Four-way Intersection,None,North St,Wet,U5032,"44.4848101291712,-73.2114695243612"
4254593,,"February 28, 2020, 7:32 AM",Burlington,S Prospect St,S PROSPECT ST.,Property Damage Only,Opp Direction Sideswipe,Cloudy,Federal Aid Urban System (Class 2 TH's and 3 TH's only),20BU004195,Burlington PD,2,0.223,None/Other,Day,Pearl St,None,None,,VT0040100,T - Intersection,None,S Prospect St,Dry,U5050,"44.47962550319166,-73.20052617360194"
4250889,,"February 28, 2020, 11:00 AM",Richmond,Kenyon Road,TOWN ROAD 0008,Property Damage Only,Opp Direction Sideswipe,Cloudy,"City, Village or Urban Compact Street not in FA Urban Area (Class 2 and 3 Non-Federal Aid)",20RM00104,Richmond PD.,6,999.99,None/Other,Day,Hinesburg Road,None,None,,VT0040800,Not at a Junction,"Road Surface Condition(wet, icy, snow, slush, etc)",Kenyon Road,Snow,T0008,"44.40456308191644,-73.0338569277736"
4250887,,"February 28, 2020, 1:26 PM",South Burlington,55 White St,WHITE ST.,Injury,Rear End,Clear,Federal Aid Urban System (Class 2 TH's and 3 TH's only),20SB002128,So. Burlington PD.,2,0.094,None/Other,Day,Patchen Rd,None,None,,VT0040300,Not at a Junction,None,55 White St,Dry,U5226,"44.468079650086665,-73.17232299124748"
4251268,,"February 28, 2020, 2:20 PM",South Burlington,1260 US-2,US-2,Property Damage Only,"Left Turn and Thru, Same Direction Sideswipe/Angle Crash vv--",Clear,"State Highway numbered route, Class 1 TH",20SB002130,So. Burlington PD.,11,0.869,None/Other,Day,White St,None,None,,VT0040300,T - Intersection,None,1260 US-2,Dry,20,"44.46749404442414,-73.1739853955001"
4250927,,"February 28, 2020, 3:08 PM",South Burlington,199 Kirby Rd,KIRBY RD,Property Damage Only,Rear End,Clear,Street or Town Highways in FA Urban Area,20SB002133,So. Burlington PD.,5,999.99,None/Other,Day,Airport Pkwy,None,None,,VT0040300,Four-way Intersection,None,199 Kirby Rd,Dry,0,"44.47607359533253,-73.16575651531396"
4250048,,"February 28, 2020, 4:44 PM",Winooski City,Malletts Bay Ave,MALLETTS BAY AVE.,Injury,"No Turns, Thru moves only, Broadside ^<",Cloudy,Federal Aid Urban System (Class 2 TH's and 3 TH's only),20WS001420,Winooski PD.,2,0.41,None/Other,Day,Elm St,None,None,,VT0040400,Four-way Intersection,None,Malletts Bay Ave,Wet,U5108,"44.49623964748627,-73.19370900858151"
4251138,,"February 28, 2020, 4:47 PM",Milton,US RT 7,US-7,Injury,"Left Turn and Thru, Angle Broadside -->v--",Clear,"State Highway numbered route, State owned",20MT001325,Milton PD.,10,3.32,None/Other,Day,Marty's,None,None,,VT0040600,Not at a Junction,None,US RT 7,Dry,70,"44.62201622064886,-73.12907834194334"
4250560,,"February 29, 2020, 8:52 AM",Burlington,216 Leddy Park Rd,Unknown,Property Damage Only,"Left Turn and Thru, Broadside v<--",Cloudy,"Other Public Roadway (Rest Areas, Shopping Center - anything open to public)",20BU004277,Burlington PD,9,999.99,None/Other,Day,Parking Lot,None,None,,VT0040100,Parking Lot,None,216 Leddy Park Rd,Dry,0,"44.502751024184136,-73.25338938099999"
4250069,,"February 29, 2020, 9:26 AM",Winooski City,Main St,US-7,Injury,Opp Direction Sideswipe,Clear,"State Highway numbered route, Class 1 TH",20WS001441,Winooski PD.,11,0.655,None/Other,Day,Burling St,None,Bicycle,,VT0040400,Not at a Junction,None,Main St,Wet,70,"44.49767163483503,-73.18467919304308"
4252337,,"February 29, 2020, 10:07 AM",Burlington,70 Rose St,ROSE ST,Property Damage Only,Opp Direction Sideswipe,Clear,Street or Town Highways in FA Urban Area,20BU004283,Burlington PD,5,999.99,None/Other,Day,Manhattan Dr,None,None,,VT0040100,Not at a Junction,None,70 Rose St,Dry,0,"44.48776100804638,-73.21662406913846"
4252851,,"February 29, 2020, 11:21 AM",Winooski City,Colchester Ave,US-7,Property Damage Only,Same Direction Sideswipe,Clear,Federal Aid Urban System (Class 2 TH's and 3 TH's only),20WS001445,Winooski PD.,2,1.04,None/Other,Day,Riverside Ave,None,None,,VT0040400,Y - Intersection,None,Colchester Ave,Dry,70,"44.46045152962259,-73.20810175907279"
4250122,,"February 29, 2020, 8:56 PM",Burlington,N Prospect St,N. PROSPECT ST.,Injury,"No Turns, Thru moves only, Broadside ^<",Clear,Federal Aid Urban System (Class 2 TH's and 3 TH's only),20BU004312,Burlington PD,2,0.186,None/Other,Night,Loomis St,Alcohol,None,,VT0040100,Four-way Intersection,None,N Prospect St,Dry,U5054,"44.48339713939895,-73.20123756409747"
4252112,,"March 1, 2020, 1:44 PM",Williston,2200 Essex Road,VT-2A,Property Damage Only,Same Direction Sideswipe,Clear,"State Highway numbered route, State owned",20WT00979,Williston PD.,10,3.749,None/Other,Day,Williston Road,None,None,,VT0041000,Four-way Intersection,None,2200 Essex Road,Dry,21,"44.45001092030625,-73.11103562511434"
4249912,,"March 1, 2020, 3:31 PM",Burlington,68 Archibald St,ARCHIBALD ST,Property Damage Only,"No Turns, Thru moves only, Broadside ^<",Clear,Street or Town Highways in FA Urban Area,20BU004336,Burlington PD,5,999.99,None/Other,Day,Intervale Ave,None,None,,VT0040100,Four-way Intersection,None,68 Archibald St,Dry,0,"44.487840086239856,-73.21119833101064"
4250136,,"March 1, 2020, 8:36 PM",Hinesburg,1287 LINCOLN HILL RD,TOWN ROAD 0033,Injury,Single Vehicle Crash,Cloudy,"City, Village or Urban Compact Street not in FA Urban Area (Class 2 and 3 Non-Federal Aid)",20HB00223,Hinesburg PD.,6,999.99,None/Other,Night,PIONEER ROAD,Alcohol and Drugs,None,,VT0041200,Not at a Junction,Unknown,1287 LINCOLN HILL RD,Snow,T0033,"44.30679010542744,-73.02819485431638"
4252918,,"March 2, 2020, 6:27 AM",Colchester,Interstate 89S,I-89,Property Damage Only,Rear End,Cloudy,"State Highway numbered route, State owned",20A101055,VSP - A1 Williston,10,93,None/Other,Day,Mile Marker 93,None,None,,VTVSP0100,Not at a Junction,None,Interstate 89S,Wet,890,"44.52401953950896,-73.19339838756959"
4251636,,"March 2, 2020, 8:42 AM",Milton,US RT 2,US-2,Property Damage Only,Other - Explain in Narrative,Wind,"State Highway numbered route, State owned",20MT001396,Milton PD.,10,0.06,None/Other,Day,Sand Bar Bridge,None,Heavy Truck,,VT0040600,Other - Explain in Narrative,"Road Surface Condition(wet, icy, snow, slush, etc)",US RT 2,Ice,20,"44.63116561943104,-73.25489771850816"
4250188,,"March 2, 2020, 10:57 AM",Burlington,Pearl St,PEARL ST.,Injury,"No Turns, Thru moves only, Broadside ^<",Cloudy,Federal Aid Urban System (Class 2 TH's and 3 TH's only),20BU004383,Burlington PD,2,0.495,None/Other,Day,N Union St,None,None,,VT0040100,T - Intersection,None,Pearl St,Dry,U5038,"44.48055845642177,-73.20930894854838"
4254266,,"March 2, 2020, 11:36 AM",Charlotte,170 Ferry Road,FERRY RD,Injury,"Left and Right Turns, Simultaneous Turn Crash --vv--",Clear,Federal Aid Secondary System (Class 2 TH),20A101063,VSP - A3 Middlesex,3,0.17,None/Other,Day,US Route 7,None,None,,VTVSP1200,Not at a Junction,None,170 Ferry Road,Dry,S0329,"44.310958435406185,-73.25034019208427"
4249972,,"March 2, 2020, 5:09 PM",Colchester,Severance Road,SEVERANCE ROAD,Property Damage Only,Rear End,Cloudy,Federal Aid Urban System (Class 2 TH's and 3 TH's only),20CC002211,Colchester PD.,2,0,None/Other,Night,Roosevelt Highway,None,None,,VT0040500,Four-way Intersection,None,Severance Road,Dry,U5616,"44.52890957676785,-73.17194981720472"
4249939,,"March 2, 2020, 10:32 PM",Colchester,HERCULES DRIVE,US-7,Property Damage Only,Head On,Cloudy,"State Highway numbered route, State owned",20CC002218,Colchester PD.,10,0.612,Deer,Night,"FAB-TECH, INC.",None,None,,VT0040500,Not at a Junction,None,HERCULES DRIVE,Dry,70,"44.51113639610128,-73.17926760239507"
4251508,,"March 3, 2020, 9:47 AM",Burlington,College St,COLLEGE ST.,Property Damage Only,"Left Turn and Thru, Angle Broadside -->v--",Clear,Federal Aid Urban System (Class 2 TH's and 3 TH's only),20BU004450,Burlington PD,2,0,None/Other,Day,Battery St,None,None,,VT0040100,T - Intersection,None,College St,Dry,U5068,"44.47687425724611,-73.2187664067715"
4251156,,"March 3, 2020, 12:00 PM",Williston,4765 Williston Road,US-2,Property Damage Only,Rear End,Clear,"State Highway numbered route, State owned",20WT01017,Williston PD.,10,0.276,None/Other,Day,,None,None,,VT0041000,Y - Intersection,None,4765 Williston Road,Wet,20,"44.458280844146714,-73.13049135423651"
4253510,,"March 3, 2020, 3:40 PM",Burlington,North Ave,NORTH AVE.,Property Damage Only,Rear End,Cloudy,Federal Aid Urban System (Class 2 TH's and 3 TH's only),20BU004477,Burlington PD,2,3.229,None/Other,Day,Starr Farm Rd,None,None,,VT0040100,Not at a Junction,None,North Ave,Dry,U5026,"44.517049255958,-73.25853766575321"
4250842,,"March 3, 2020, 6:56 PM",Williston,St George Rd,VT-2A,Property Damage Only,Single Vehicle Crash,Rain,"State Highway numbered route, State owned",20WT01024,Williston PD.,10,3.7,None/Other,Night,Williston Rd,None,None,,VT0041000,Four-way Intersection,None,St George Rd,Wet,21,"44.449312397222236,-73.11093011130873"
4253311,,"March 3, 2020, 7:55 PM",Burlington,48 Ave C,Unknown,Property Damage Only,Rear End,Rain,Private Property (Driveways),20BU004484,Burlington PD,8,999.99,None/Other,Night,Entrance To Ave C,None,None,,VT0040100,Not at a Junction,None,48 Ave C,Dry,0,"44.508217948927026,-73.24410035700353"
4250849,,"March 4, 2020, 7:16 AM",South Burlington,I189,I-189,Property Damage Only,Same Direction Sideswipe,Clear,Ramp or Spur,20A101099,VSP - A1 Williston,7,0.121,None/Other,Day,US Route 7,None,Heavy Truck,,VTVSP0100,T - Intersection,None,I189,Dry,1890,"44.44821889537581,-73.2066216075493"
4250236,,"March 4, 2020, 8:05 AM",Shelburne,Shelburne Road,US-7,Property Damage Only,Same Direction Sideswipe,Cloudy,"State Highway numbered route, State owned",20SH01135,Shelburne PD.,10,1.968,None/Other,Day,Falls Road,None,None,,VT0040700,Four-way Intersection,None,Shelburne Road,Dry,70,"44.38078356166943,-73.22749034875288"
4252218,,"March 4, 2020, 8:25 AM",Colchester,SOUTH PARK DRIVE,US-7,Property Damage Only,Rear End,Clear,"State Highway numbered route, State owned",20CC002255,Colchester PD.,10,0.091,None/Other,Day,ROUTE 7,None,Heavy Truck,,VT0040500,Not at a Junction,None,SOUTH PARK DRIVE,Dry,70,"44.50380918617327,-73.18188459536876"
4249907,,"March 4, 2020, 1:38 PM",Burlington,College St,COLLEGE ST.,Property Damage Only,Same Direction Sideswipe,Cloudy,Federal Aid Urban System (Class 2 TH's and 3 TH's only),20BU004537,Burlington PD,2,0.432,None/Other,Day,S Winooski Ave,None,Heavy Truck,,VT0040100,Not at a Junction,None,College St,Dry,U5068,"44.47721104320248,-73.21022479516613"
4250824,,"March 4, 2020, 4:14 PM",South Burlington,Williston Road,US-2,Injury,"Left Turn and Thru, Same Direction Sideswipe/Angle Crash vv--",Clear,"State Highway numbered route, Class 1 TH",20SB002285,So. Burlington PD.,11,0.482,None/Other,Day,Dorset Street,None,None,,VT0040300,Four-way Intersection,None,Williston Road,Wet,20,"44.46915942743532,-73.18119556507942"
4253201,,"March 5, 2020, 8:25 AM",Williston,1492 South Brownell Rd,S BROWNELL RD,Property Damage Only,Same Direction Sideswipe,Clear,Federal Aid Secondary System (Class 2 TH),20WT01043,Williston PD.,3,2.94,None/Other,Day,Pioneer Dr,None,None,,VT0041000,Driveway,None,1492 South Brownell Rd,Dry,S0333,"44.44315015317202,-73.13038914044475"
4250225,,"March 5, 2020, 11:19 AM",Colchester,MALLETTS BAY AVENUE,MALLETTS BAY AVE.,Property Damage Only,Single Vehicle Crash,Clear,Federal Aid Urban System (Class 2 TH's and 3 TH's only),20CC002284,Colchester PD.,2,2.897,None/Other,Day,BLAKELY ROAD,None,None,,VT0040500,Y - Intersection,None,MALLETTS BAY AVENUE,Dry,U5608,"44.53854216471893,-73.20938062336336"
4250230,,"March 5, 2020, 1:38 PM",South Burlington,Hinesburg Road at Kennedy Drive,VT-116,Property Damage Only,Same Direction Sideswipe,Clear,"State Highway numbered route, State owned",20SB002322,So. Burlington PD.,10,3.277,None/Other,Day,Kennedy Dr,None,None,,VT0040300,Four-way Intersection,None,Hinesburg Road at Kennedy Drive,Dry,1160,"44.45451233257469,-73.16512158307346"
4253625,,"March 5, 2020, 3:40 PM",Williston,2939 St George Rd,Unknown,Property Damage Only,Opp Direction Sideswipe,Clear,"Other Public Roadway (Rest Areas, Shopping Center - anything open to public)",20WT01050,Williston PD.,9,999.99,None/Other,Day,Sandri Gas Station Parking Lot,None,None,,VT0041000,Parking Lot,None,2939 St George Rd,Dry,0,"44.440464368191385,-73.11403785927621"
4250231,,"March 5, 2020, 4:25 PM",South Burlington,Shelburne Road,US-7,Injury,Rear End,Clear,"State Highway numbered route, State owned",20SB002330,So. Burlington PD.,10,1.738,None/Other,Day,Swift Street,None,None,,VT0040300,Not at a Junction,None,Shelburne Road,Dry,70,"44.445924716256556,-73.2094158187043"
4250219,,"March 6, 2020, 7:40 AM",Williston,10 Simons Plaza,Unknown,Property Damage Only,Other - Explain in Narrative,Clear,"Other Public Roadway (Rest Areas, Shopping Center - anything open to public)",20WT01055,Williston PD.,9,999.99,None/Other,Day,Simons Gas Station,None,None,,VT0041000,Parking Lot,None,10 Simons Plaza,Dry,0,"44.44785250689963,-73.1056979251456"
4251221,,"March 6, 2020, 8:49 AM",Jericho,Browns Trace / Nashville Rd,NASHVILLE RD,Property Damage Only,Rear End,Clear,Federal Aid Secondary System (Class 2 TH),20A101137,VSP - A1 Williston,3,2.44,None/Other,Day,Nashville Rd,None,None,,VTVSP0100,T - Intersection,None,Browns Trace / Nashville Rd,Dry,S0046,"44.454356124902645,-72.9704840950361"
4250439,,"March 6, 2020, 11:34 AM",Williston,500 ESSEX ROAD,Unknown,Property Damage Only,"No Turns, Thru moves only, Broadside ^<",Clear,"Other Public Roadway (Rest Areas, Shopping Center - anything open to public)",20WT01061,Williston PD.,9,999.99,None/Other,Day,SHELL STATION,None,None,,VT0041000,Parking Lot,None,500 ESSEX ROAD,Dry,0,"44.47508706136653,-73.11373467132456"
4250207,,"March 6, 2020, 12:09 PM",South Burlington,40 Green Mountain Dr,Unknown,Property Damage Only,Rear-to-rear,Clear,"Other Public Roadway (Rest Areas, Shopping Center - anything open to public)",20SB002350,So. Burlington PD.,9,999.99,None/Other,Day,,None,None,,VT0040300,Not at a Junction,None,40 Green Mountain Dr,Dry,0,"44.42977384190531,-73.2086858939477"
4253988,,"March 6, 2020, 2:57 PM",Burlington,East Ave,EAST AVE.,Property Damage Only,Rear End,Clear,Federal Aid Urban System (Class 2 TH's and 3 TH's only),20BU004743,Burlington PD,2,0.026,None/Other,Day,Carrigan Dr,None,None,,VT0040100,Other - Explain in Narrative,None,East Ave,Dry,U5016,"44.47393111252148,-73.19059224422364"
4250678,,"March 7, 2020, 6:22 PM",Burlington,S Winooski Ave,ALTERNATE US-7,Property Damage Only,Same Direction Sideswipe,Clear,"State Highway numbered route, Class 1 TH",20BU004809,Burlington PD,11,1.152,None/Other,Night,Bank St,None,Heavy Truck,,VT0040100,Not at a Junction,None,S Winooski Ave,Dry,9993,"44.478157862323116,-73.21110347111984"
4250173,,"March 8, 2020, 3:22 AM",Colchester,1465 EAST ROAD,EAST ROAD,Property Damage Only,Single Vehicle Crash,Clear,Federal Aid Urban System (Class 2 TH's and 3 TH's only),20CC002372,Colchester PD.,2,1.486,Deer,Night,WOODRIDGE ROAD,None,None,,VT0040500,Not at a Junction,None,1465 EAST ROAD,Dry,U5610,"44.561850713960546,-73.13253840316821"
4249988,,"March 8, 2020, 6:00 PM",Williston,71 Boxwood Street,BOXWOOD ST,Property Damage Only,Other - Explain in Narrative,Clear,"Other Public Roadway (Rest Areas, Shopping Center - anything open to public)",20WT01082,Williston PD.,9,999.99,None/Other,Night,,None,None,,VT0041000,Parking Lot,None,71 Boxwood Street,Dry,0,"44.446583070081125,-73.10917729613882"
4250248,,"March 9, 2020, 7:54 AM",Colchester,PERIMETER DRIVE,PERIMETER DR,Property Damage Only,Single Vehicle Crash,Clear,"Other Public Roadway (Rest Areas, Shopping Center - anything open to public)",20CC002403,Colchester PD.,9,999.99,None/Other,Day,,None,Heavy Truck,,VT0040500,T - Intersection,None,PERIMETER DRIVE,Dry,0,"44.52799249123326,-73.17475136929993"
4250005,,"March 9, 2020, 8:03 AM",Essex,289 River Rd,VT-117,Property Damage Only,Rear End,Clear,"State Highway numbered route, State owned",20ES01309,Essex PD.,10,3.81,None/Other,Day,N Williston Rd,None,None,,VT0040200,T - Intersection,None,289 River Rd,Dry,1170,"44.47523115805395,-73.04109932174929"
4250674,,"March 9, 2020, 9:33 AM",South Burlington,3099 Williston Rd,US-2,Property Damage Only,Rear End,Clear,"State Highway numbered route, State owned",20SB002431,So. Burlington PD.,10,2.688,None/Other,Day,,None,None,,VT0040300,Not at a Junction,None,3099 Williston Rd,Dry,20,"44.45834829578531,-73.14027471787271"
4249961,,"March 9, 2020, 10:25 AM",Burlington,328 North Ave,Unknown,Property Damage Only,Other - Explain in Narrative,Clear,"Other Public Roadway (Rest Areas, Shopping Center - anything open to public)",20BU004897,Burlington PD,9,999.99,None/Other,Day,Parking Lot,None,Heavy Truck,,VT0040100,Parking Lot,None,328 North Ave,Dry,0,"44.490176755533504,-73.2264697799488"
4244985,,"March 9, 2020, 2:24 PM",South Burlington,930 Shelburne Rd,US-7,Injury,"Right Turn and Thru, Broadside ^<--",Clear,"State Highway numbered route, State owned",20SB002440,So. Burlington PD.,10,1.583,None/Other,Day,Lindenwood Dr,Alcohol,None,,VT0040300,Driveway,None,930 Shelburne Rd,Dry,70,"44.44368604785612,-73.20968269960265"
4250047,,"March 9, 2020, 2:52 PM",Winooski City,21 Dufresne Dr,DUFRESNE DR,Property Damage Only,Rear-to-rear,Clear,Street or Town Highways in FA Urban Area,20WS001711,Winooski PD.,5,999.99,None/Other,Day,Brisson Ct,None,None,,VT0040400,Not at a Junction,None,21 Dufresne Dr,Dry,0,"44.502288968537734,-73.19150633496083"
4251270,,"March 9, 2020, 4:12 PM",South Burlington,Williston Road at Sheraton Hotel,US-2,Property Damage Only,Rear End,Clear,Federal Aid Urban System (Class 2 TH's and 3 TH's only),20SB002443,So. Burlington PD.,2,0.123,None/Other,Day,Williston Rd,None,None,,VT0040300,Not at a Junction,None,Williston Road at Sheraton Hotel,Dry,20,"44.47145767083572,-73.18785760882965"
4252878,,"March 9, 2020, 5:30 PM",Colchester,MILL POND ROAD,MILL POND ROAD,Property Damage Only,Single Vehicle Crash,Cloudy,Federal Aid Secondary System (Class 2 TH),20CC002435,Colchester PD.,3,0.11,None/Other,Day,766 MILL POND ROAD,None,None,,VT0040500,Not at a Junction,None,MILL POND ROAD,Dry,U5614,"44.524749842179155,-73.1529970968083"
4249919,,"March 9, 2020, 8:45 PM",South Burlington,Shelburne Road,US-7,Property Damage Only,Opp Direction Sideswipe,Clear,"State Highway numbered route, State owned",20SH01218,Shelburne PD.,10,1.491,None/Other,Night,Brewer Parkway,None,Heavy Truck,,VT0040700,Not at a Junction,None,Shelburne Road,Dry,70,"44.4423578116746,-73.20985044033118"
4249964,,"March 9, 2020, 9:20 PM",South Burlington,Williston Road at Staples Plaza,US-2,Injury,"Left Turn and Thru, Angle Broadside -->v--",Clear,"State Highway numbered route, Class 1 TH",20SB002450,So. Burlington PD.,11,0.092,None/Other,Night,Williston Rd,None,Bicycle,,VT0040300,Four-way Intersection,None,Williston Road at Staples Plaza,Dry,20,"44.471703626748194,-73.18841535087871"
4250149,,"March 10, 2020, 12:30 PM",Essex,106 Pearl St,Unknown,Property Damage Only,Other - Explain in Narrative,Cloudy,"Other Public Roadway (Rest Areas, Shopping Center - anything open to public)",20ES01347,Essex PD.,9,999.99,None/Other,Day,,None,None,,VT0040200,Parking Lot,None,106 Pearl St,Dry,0,"44.494920280627404,-73.12234161951578"
4252408,,"March 10, 2020, 1:47 PM",Colchester,69 Creek Farm Road,Unknown,Property Damage Only,Other - Explain in Narrative,Cloudy,Private Property (Driveways),20CC002455,Colchester PD.,8,999.99,None/Other,Day,,None,None,,VT0040500,Other - Explain in Narrative,None,69 Creek Farm Road,Wet,0,"44.55090757636529,-73.16508625917041"
4250603,,"March 11, 2020, 11:16 AM",South Burlington,1125 Shelburne Rd,Unknown,Property Damage Only,Same Direction Sideswipe,Cloudy,"Other Public Roadway (Rest Areas, Shopping Center - anything open to public)",20SB002508,So. Burlington PD.,9,999.99,None/Other,Day,McDonald's Parking Lot,None,None,,VT0040300,Parking Lot,None,1125 Shelburne Rd,Dry,0,"44.437641614194696,-73.21123038277976"
4249948,,"March 11, 2020, 4:06 PM",Essex,76 Center Rd,Unknown,Property Damage Only,Other - Explain in Narrative,Clear,"Other Public Roadway (Rest Areas, Shopping Center - anything open to public)",20ES01365,Essex PD.,9,999.99,None/Other,Day,Sunset Rd,None,None,,VT0040200,Parking Lot,None,76 Center Rd,Dry,0,"44.51097454678827,-73.06898584515804"