ObjectID,Mapped,Crash Date,City/Town,Address,AOT Route,Crash Type,Collision Direction,Weather,Road Group,Report Number,Reporting Agency,Road Group ID,AOT Actual Milepoint,Animal,Time of Day,Intersection With,Impairment,Involving,Non Reportable Address,Reporting Agency ID,Road Characteristics,Road Condition,Street Address,Surface Condition,AOT Route ID,Coordinates
4250310,,"March 11, 2020, 4:24 PM",Burlington,43 Elmwood Ave,Unknown,Property Damage Only,Rear End,Cloudy,Street or Town Highways in FA Urban Area,20BU005104,Burlington PD,5,999.99,None/Other,Day,Elmwood Ave,None,None,,VT0040100,Not at a Junction,None,43 Elmwood Ave,Dry,0,"44.481569792212134,-73.21441611893152"
4253323,,"March 11, 2020, 4:58 PM",Burlington,N Winooski Ave,ALTERNATE US-7,Property Damage Only,Other - Explain in Narrative,Cloudy,"State Highway numbered route, Class 1 TH",20BU005106,Burlington PD,11,1.367,None/Other,Day,Pearl St,None,Heavy Truck,,VT0040100,Not at a Junction,None,N Winooski Ave,Dry,9993,"44.481132561019244,-73.21124766631151"
4250157,,"March 11, 2020, 7:22 PM",Milton,259 US RT 7 S,US ROUTE 7,Property Damage Only,Rear-to-rear,Clear,"Other Public Roadway (Rest Areas, Shopping Center - anything open to public)",20MT001615,Milton PD.,9,999.99,None/Other,Night,Centre Drive,None,None,,VT0040600,Parking Lot,None,259 US RT 7 S,Dry,0,"44.62236158923977,-73.1225447479546"
4249974,,"March 12, 2020, 11:25 AM",Shelburne,Mount Philo Rd,MOUNT PHILO RD,Property Damage Only,"No Turns, Thru moves only, Broadside ^<",Cloudy,Minor Collector - Non Fed Aid Rural TH,20SH01274,Shelburne PD.,4,1.071,None/Other,Day,Marsett Rd,None,None,,VT0040700,Four-way Intersection,None,Mount Philo Rd,Dry,S0832,"44.37035730673343,-73.22466852158304"
4250105,,"March 12, 2020, 3:30 PM",Burlington,N Willard St,US-7,Injury,Other - Explain in Narrative,Clear,"State Highway numbered route, Class 1 TH",20BU005186,Burlington PD,11,2.439,None/Other,Day,Pearl St,None,Pedestrian,,VT0040100,Four-way Intersection,None,N Willard St,Dry,70,"44.48074400822648,-73.20568970576161"
4250163,,"March 12, 2020, 3:59 PM",Colchester,Malletts Bay,Unknown,Property Damage Only,Single Vehicle Crash,Cloudy,Private Property (Driveways),20CC002543,Colchester PD.,8,999.99,None/Other,Day,30 Merganzer Way,None,None,,VT0040500,Other - Explain in Narrative,Other - Explain in Narrative,Malletts Bay,Other - Explain in Narrative,0,"44.55255527386674,-73.29452363039837"
4249926,,"March 12, 2020, 4:35 PM",Richmond,2944 Cochran Rd,COCHRAN RD,Property Damage Only,Single Vehicle Crash,Cloudy,Minor Collector - Non Fed Aid Rural TH,20RM00125,Richmond PD.,4,999.99,None/Other,Day,Greystone Dr,None,None,,VT0040800,Not at a Junction,None,2944 Cochran Rd,Dry,0,"44.383923955306685,-72.94648788245524"
4250141,,"March 12, 2020, 8:27 PM",Colchester,1815 Main Street,VT-2A,Property Damage Only,Opp Direction Sideswipe,Clear,"State Highway numbered route, State owned",20CC002548,Colchester PD.,10,0.545,None/Other,Night,,None,None,,VT0040500,Not at a Junction,None,1815 Main Street,Dry,21,"44.53510822810909,-73.13446112360735"
4252931,,"March 13, 2020, 7:21 AM",Williston,Industrial Ave,INDUSTRIAL AVE.,Property Damage Only,"Left Turn and Thru, Angle Broadside -->v--",Rain,Federal Aid Urban System (Class 2 TH's and 3 TH's only),20WT01157,Williston PD.,2,1.045,None/Other,Day,Essex Rd,None,None,,VT0041000,Four-way Intersection,None,Industrial Ave,Wet,U5504,"44.46502877351679,-73.11299852045174"
4250160,,"March 13, 2020, 5:27 PM",Milton,259 US RT 7 S,Unknown,Property Damage Only,Other - Explain in Narrative,Clear,"Other Public Roadway (Rest Areas, Shopping Center - anything open to public)",20MT001650,Milton PD.,9,999.99,None/Other,Day,Hannaford Parking Lot,None,None,,VT0040600,Parking Lot,None,259 US RT 7 S,Dry,0,"44.62378864111445,-73.12229850964718"
4250545,,"March 13, 2020, 9:01 PM",Williston,190 Boxwood Street,BOXWOOD ST,Property Damage Only,Rear-to-rear,Clear,"Other Public Roadway (Rest Areas, Shopping Center - anything open to public)",20WT01172,Williston PD.,9,999.99,None/Other,Night,Walnut Street,None,None,,VT0041000,Parking Lot,None,190 Boxwood Street,Dry,0,"44.4458250750788,-73.10955886334598"
4250834,,"March 16, 2020, 5:06 PM",Milton,Whisper Ln,RAILROAD STREET,Property Damage Only,Single Vehicle Crash,Clear,Federal Aid Urban System (Class 2 TH's and 3 TH's only),20MT001690,Milton PD.,2,0.15,None/Other,Day,Railroad St,None,None,,VT0040600,Not at a Junction,None,Whisper Ln,Dry,U5812,"44.624283431130685,-73.11682800608534"
4253192,,"March 17, 2020, 12:15 PM",Shelburne,Shelburne Rd,US-7,Property Damage Only,Rear End,Cloudy,"State Highway numbered route, State owned",20SH01351,Shelburne PD.,10,3.1,None/Other,Day,Longmeadow Dr,None,None,,VT0040700,Four-way Intersection,None,Shelburne Rd,Dry,70,"44.39608583829938,-73.21982057710699"
4247461,,"March 18, 2020, 3:06 PM",Burlington,Shelburne Rd,US-7,Property Damage Only,Rear End,Cloudy,"State Highway numbered route, Class 1 TH",20BU005512,Burlington PD,11,0.892,None/Other,Day,Clymer St,None,None,,VT0040100,T - Intersection,None,Shelburne Rd,Dry,70,"44.45840002333192,-73.20829372694176"
4253522,,"March 18, 2020, 4:31 PM",Colchester,HERCULES DRIVE,HERCULES DR,Property Damage Only,Rear End,Clear,Street or Town Highways in FA Urban Area,20CC002692,Colchester PD.,5,999.99,None/Other,Day,ROOSEVELT HIGHWAY,None,None,,VT0040500,Four-way Intersection,None,HERCULES DRIVE,Dry,0,"44.51112796392979,-73.17924788469203"
4250121,,"March 19, 2020, 5:49 AM",Burlington,Main St,US-2,Property Damage Only,Opp Direction Sideswipe,Clear,"State Highway numbered route, Class 1 TH",20BU005543,Burlington PD,11,0.756,None/Other,Night,East Ave,None,None,,VT0040100,Four-way Intersection,None,Main St,Dry,20,"44.473053835397835,-73.1913393496557"
4254332,,"March 19, 2020, 5:10 PM",Colchester,TROY AVENUE,TROY AVE,Property Damage Only,Rear End,Clear,Street or Town Highways in FA Urban Area,20CC002707,Colchester PD.,5,999.99,None/Other,Day,BARNES AVENUE,None,None,,VT0040500,Not at a Junction,None,TROY AVENUE,Dry,0,"44.50363620379582,-73.15375906447484"
4249706,,"March 20, 2020, 11:33 AM",Richmond,89 North MM 77.2,I-89,Property Damage Only,Single Vehicle Crash,Clear,"State Highway numbered route, State owned",20A101339,VSP - A1 Williston,10,77.2,None/Other,Day,W Main St,None,None,,VTVSP0100,Not at a Junction,None,89 North MM 77.2,Dry,890,"44.41332250395313,-72.99204636576638"
4254499,,"March 20, 2020, 12:59 PM",Williston,Marshall Avenue at Hannafords,MARSHALL AVE.,Property Damage Only,Rear End,Clear,Federal Aid Urban System (Class 2 TH's and 3 TH's only),20WT01263,Williston PD.,2,1.433,None/Other,Day,Trader Ln,None,None,,VT0041000,Four-way Intersection,,Marshall Avenue at Hannafords,,U5505,"44.44499555256413,-73.11498675642864"
4250168,,"March 20, 2020, 3:29 PM",Colchester,66 Mountain View Drive,Unknown,Property Damage Only,Same Direction Sideswipe,Freezing Precipitation,Private Property (Driveways),20CC002729,Colchester PD.,8,999.99,None/Other,Day,Shaw's,None,None,,VT0040500,Parking Lot,None,66 Mountain View Drive,Wet,0,"44.50828286103217,-73.18097550226123"
4254774,,"March 20, 2020, 5:38 PM",Colchester,College Parkway,VT-15,Property Damage Only,Same Direction Sideswipe,Cloudy,"State Highway numbered route, State owned",20CC002779,Colchester PD.,10,0.374,None/Other,Day,Lime Kiln Road,None,Heavy Truck,,VT0040500,T - Intersection,None,College Parkway,Dry,150,"44.4927538039125,-73.16356195249085"
4251928,,"March 21, 2020, 2:02 AM",Colchester,144 MOREHOUSE DRIVE,MOREHOUSE DR,Property Damage Only,Rear End,Clear,Private Property (Driveways),20CC002746,Colchester PD.,8,999.99,None/Other,Night,DRIVEWAY,None,None,,VT0040500,Parking Lot,None,144 MOREHOUSE DRIVE,Dry,0,"44.49818436522696,-73.19903993089007"
4250151,,"March 21, 2020, 7:44 PM",Williston,Mountain View Road,MT. VIEW ROAD,Injury,Single Vehicle Crash,Clear,Federal Aid Urban System (Class 2 TH's and 3 TH's only),20WT01285,Williston PD.,2,1.039,None/Other,Night,Brennan Woods Drive,None,None,,VT0041000,T - Intersection,None,Mountain View Road,Dry,U5506,"44.46218342974192,-73.09357712209346"
4251525,,"March 23, 2020, 2:23 AM",Burlington,Elmwood Ave,ELMWOOD AVE,Property Damage Only,Single Vehicle Crash,Clear,Street or Town Highways in FA Urban Area,20BU005772,Burlington PD,5,999.99,None/Other,Night,Cedar St,Alcohol,None,,VT0040100,Not at a Junction,None,Elmwood Ave,Dry,0,"44.48587359740496,-73.2139576279387"
4245043,,"March 23, 2020, 6:00 PM",Williston,404 Walker Hill Road,WALKER HILL RD,Property Damage Only,Rear End,Freezing Precipitation,Street or Town Highways in FA Urban Area,20WT01302,Williston PD.,5,999.99,None/Other,Night,,None,Heavy Truck,,VT0041000,Driveway,"Road Surface Condition(wet, icy, snow, slush, etc)",404 Walker Hill Road,Snow,0,"44.43308698728192,-73.12851766509746"
4250156,,"March 23, 2020, 6:35 PM",Burlington,555 Shelburne Rd,Unknown,Injury,Head On,Freezing Precipitation,"Other Public Roadway (Rest Areas, Shopping Center - anything open to public)",20BU005817,Burlington PD,9,999.99,None/Other,Night,555 Shelburne Rd,None,None,,VT0040100,T - Intersection,Unknown,555 Shelburne Rd,Snow,0,"44.44819740221347,-73.2097249391079"
4253293,,"March 23, 2020, 7:00 PM",Colchester,841 EAST LAKESHORE DRIVE,E. LAKESHORE DR.,Property Damage Only,Single Vehicle Crash,Freezing Precipitation,Federal Aid Urban System (Class 2 TH's and 3 TH's only),20CC002786,Colchester PD.,2,0.824,None/Other,Night,WILLIAMS ROAD,None,None,,VT0040500,T - Intersection,"Road Surface Condition(wet, icy, snow, slush, etc)",841 EAST LAKESHORE DRIVE,Ice,U5618,"44.54843704806771,-73.20024659624305"
4250117,,"March 23, 2020, 8:14 PM",Burlington,Shelburne Rd,US-7,Injury,"Left Turn and Thru, Broadside v<--",Freezing Precipitation,"State Highway numbered route, Class 1 TH",20BU005821,Burlington PD,11,0.166,None/Other,Night,I-89,None,Heavy Truck,,VT0040100,T - Intersection,"Road Surface Condition(wet, icy, snow, slush, etc)",Shelburne Rd,Snow,70,"44.448337747018,-73.20922868704712"
4254199,,"March 24, 2020, 6:40 AM",Williston,7415 Williston Rd,US-2,Property Damage Only,"No Turns, Thru moves only, Broadside ^<",Cloudy,"State Highway numbered route, State owned",20WT01312,Williston PD.,10,3.011,None/Other,Night,,None,None,,VT0041000,Other - Explain in Narrative,,7415 Williston Rd,Wet,20,"44.44040332237787,-73.08230939963242"
4254750,,"March 24, 2020, 7:59 AM",South Burlington,1200 Airport Dr,Unknown,Injury,Rear End,Cloudy,"Other Public Roadway (Rest Areas, Shopping Center - anything open to public)",20BU005831,Burlington PD,9,999.99,None/Other,Day,Airport,None,None,,VT0040100,Driveway,None,1200 Airport Dr,Wet,0,"44.46901996854925,-73.15468386783616"
4251868,,"March 24, 2020, 9:30 AM",Essex,221 Colchester Rd,VT-2A,Property Damage Only,"Right Turn and Thru, Head On v^--",Cloudy,"State Highway numbered route, State owned",20ES01572,Essex PD.,10,2.71,None/Other,Day,State Rte 289,None,Heavy Truck,,VT0040200,T - Intersection,None,221 Colchester Rd,Wet,21,"44.51844053618379,-73.12326136927341"
4252605,,"March 26, 2020, 4:09 AM",Burlington,700 Riverside Ave,MANHATTAN DR.,Property Damage Only,Head On,Clear,Federal Aid Urban System (Class 2 TH's and 3 TH's only),20BU005946,Burlington PD,2,0.559,None/Other,Night,Riverside Ave,None,None,,VT0040100,Not at a Junction,None,700 Riverside Ave,Dry,U5056,"44.48947517361899,-73.20924402203934"
4246469,,"March 26, 2020, 11:23 AM",Burlington,111 Colchester Ave,COLCHESTER AVE.,Injury,Single Vehicle Crash,Clear,Federal Aid Urban System (Class 2 TH's and 3 TH's only),20BU005970,Burlington PD,2,0.218,None/Other,Day,UVMMC,None,None,,VT0040100,T - Intersection,None,111 Colchester Ave,Dry,U5014,"44.48073335576343,-73.1963696126468"
4248577,,"March 26, 2020, 12:50 PM",Burlington,Shelburne Rd,I-189,Property Damage Only,Rear End,Cloudy,"State Highway numbered route, State owned",20BU005980,Burlington PD,10,0.246,None/Other,Day,189,None,None,,VT0040100,T - Intersection,None,Shelburne Rd,Dry,1890,"44.4485403229291,-73.20903598293522"
4250123,,"March 27, 2020, 2:24 PM",Colchester,25 MCRAE ROAD,Unknown,Property Damage Only,Other - Explain in Narrative,Clear,"Other Public Roadway (Rest Areas, Shopping Center - anything open to public)",20CC002880,Colchester PD.,9,999.99,None/Other,Day,DUNKIN DONUTS,None,None,,VT0040500,Parking Lot,None,25 MCRAE ROAD,Dry,0,"44.536228720758444,-73.24676615549122"
4250089,,"March 28, 2020, 7:44 PM",Williston,Essex Road,VT-2A,Property Damage Only,Same Direction Sideswipe,Freezing Precipitation,"State Highway numbered route, State owned",20WT01407,Williston PD.,10,4.792,None/Other,Night,Mountain View Road,None,None,,VT0041000,Four-way Intersection,Unknown,Essex Road,Wet,21,"44.46500884262311,-73.11289708970729"
4248302,,"March 29, 2020, 6:01 PM",Buels Gore,7996 VT RT 17,VT-17,Injury,Single Vehicle Crash,Freezing Precipitation,"State Highway numbered route, State owned",20A101468,VSP - A1 Williston,10,2.554,None/Other,Night,7996 VT RT 17,None,None,,VTVSP0100,Not at a Junction,"Road Surface Condition(wet, icy, snow, slush, etc)",7996 VT RT 17,Ice,170,"44.2110112387996,-72.93098113535962"
4250155,,"March 30, 2020, 11:34 AM",Burlington,Hyde St,Unknown,Property Damage Only,"No Turns, Thru moves only, Broadside ^<",Rain,Street or Town Highways in FA Urban Area,20BU006176,Burlington PD,5,999.99,None/Other,Day,68 Hyde St,None,None,,VT0040100,Not at a Junction,None,Hyde St,Wet,0,"44.48649904863904,-73.20737747782216"
4250590,,"March 30, 2020, 1:45 PM",Colchester,2219 Blakely Road,VT. 127 TH,Property Damage Only,"Right Turn and Thru, Angle Broadside -->^--",Rain,Federal Aid Urban System (Class 2 TH's and 3 TH's only),20CC002934,Colchester PD.,2,5.468,None/Other,Day,,None,Heavy Truck,,VT0040500,Driveway,None,2219 Blakely Road,Wet,U5600,"44.5309410178798,-73.18020497775919"
4252779,,"April 1, 2020, 3:38 PM",South Burlington,1055 Williston Rd,VT-116,Property Damage Only,Head On,Clear,"State Highway numbered route, State owned",20SB003006,So. Burlington PD.,10,4.244,None/Other,Day,Williston Rd,Alcohol,None,,VT0040300,Four-way Intersection,None,1055 Williston Rd,Dry,1160,"44.46690668331837,-73.17131870152782"
4250051,,"April 1, 2020, 3:49 PM",Burlington,Riverside Ave,US-7,Property Damage Only,Rear End,Clear,"State Highway numbered route, Class 1 TH",20BU006299,Burlington PD,11,3.773,None/Other,Day,220 Riverside Ave,None,None,,VT0040100,Not at a Junction,None,Riverside Ave,Dry,70,"44.48650281082118,-73.19182904399896"
4250135,,"April 2, 2020, 6:51 PM",Milton,I-89 SB - MM100,I-89,Property Damage Only,Single Vehicle Crash,Rain,"State Highway numbered route, State owned",20A101535,VSP - A1 Williston,10,100,None/Other,Day,EXIT 17,None,None,,VTVSP0100,Not at a Junction,"Road Surface Condition(wet, icy, snow, slush, etc)",I-89 SB - MM100,Wet,890,"44.618884589168985,-73.16154125237068"
4250120,,"April 3, 2020, 12:35 PM",South Burlington,1000 Shelburne Rd,US-7,Property Damage Only,Rear End,Cloudy,"State Highway numbered route, State owned",20SB003067,So. Burlington PD.,10,1.434,None/Other,Day,Laurel Hill Dr,None,None,,VT0040300,Parking Lot,None,1000 Shelburne Rd,Dry,70,"44.44153853547696,-73.2099512579368"
4251822,,"April 3, 2020, 2:31 PM",Burlington,336 Pearl St,PEARL ST.,Property Damage Only,Other - Explain in Narrative,Cloudy,Federal Aid Secondary System (Class 2 TH),20BU006420,Burlington PD,3,0.713,None/Other,Day,N Willard St,None,None,,VT0040100,Not at a Junction,None,336 Pearl St,Dry,U5038,"44.48067442572964,-73.20501229835826"
4250085,,"April 4, 2020, 12:59 AM",Colchester,HOLY CROSS ROAD,HOLY CROSS RD.,Property Damage Only,Single Vehicle Crash,Cloudy,Federal Aid Urban System (Class 2 TH's and 3 TH's only),20CC003047,Colchester PD.,2,1.045,None/Other,Night,CHURCH ROAD,Alcohol,None,,VT0040500,T - Intersection,None,HOLY CROSS ROAD,Wet,U5604,"44.55099000644393,-73.24995563759305"
4254346,,"April 4, 2020, 6:59 PM",South Burlington,Interstate 89 Northbound,I-89,Property Damage Only,Single Vehicle Crash,Clear,"State Highway numbered route, State owned",20A101561,VSP - A1 Williston,10,88.024,None/Other,Day,Mile Marker 87.9,Alcohol and Drugs,None,,VTVSP0100,Not at a Junction,None,Interstate 89 Northbound,Dry,890,"44.46000300534942,-73.18485479060463"
4250133,,"April 4, 2020, 8:04 PM",Williston,St George Road,VT-2A,Injury,"No Turns, Thru moves only, Broadside ^<",Clear,"State Highway numbered route, State owned",20WT01526,Williston PD.,10,3.716,None/Other,Night,Williston Road,None,None,,VT0041000,Four-way Intersection,None,St George Road,Dry,21,"44.44953852409883,-73.11096320997717"
4251655,,"April 6, 2020, 11:54 AM",Williston,1543 Old Stage Road,OLD STAGE RD,Property Damage Only,Single Vehicle Crash,Clear,Street or Town Highways in FA Urban Area,20WT01547,Williston PD.,5,999.99,None/Other,Day,Mountain View Road,None,Heavy Truck,,VT0041000,Not at a Junction,None,1543 Old Stage Road,Dry,0,"44.45427074317868,-73.07280869933552"
4250101,,"April 6, 2020, 7:20 PM",Colchester,Interstate 89 North,I-89,Property Damage Only,Same Direction Sideswipe,Cloudy,"State Highway numbered route, State owned",20A101594,VSP - A1 Williston,10,95.584,None/Other,Night,Mile Marker 95; Colchester Weigh Station,Alcohol,None,,VTVSP0100,,None,Interstate 89 North,Dry,890,"44.55809832549524,-73.18210127031237"
4248761,,"April 7, 2020, 7:33 AM",Burlington,Main St,US-2,Property Damage Only,Same Direction Sideswipe,Clear,"State Highway numbered route, Class 1 TH",20BU006646,Burlington PD,11,0.443,None/Other,Day,University Ter,None,Heavy Truck,,VT0040100,T - Intersection,None,Main St,Dry,20,"44.475489348665626,-73.19675619621339"
4250039,,"April 7, 2020, 3:38 PM",Burlington,Main St,EAST AVE.,Injury,Other - Explain in Narrative,Clear,Federal Aid Urban System (Class 2 TH's and 3 TH's only),20BU006679,Burlington PD,2,0.092,None/Other,Day,East Ave - Jug Handle,None,Bicycle,,VT0040100,Four-way Intersection,None,Main St,Dry,U5016,"44.47314678107146,-73.19122072514013"
4250086,,"April 8, 2020, 5:49 PM",Essex,Jericho Road,VT-15,Property Damage Only,Same Direction Sideswipe,Cloudy,"State Highway numbered route, State owned",20ES01822,Essex PD.,10,7.27,None/Other,Day,Saxon Hill Road,None,None,,VT0040200,T - Intersection,None,Jericho Road,Dry,150,"44.5017823926841,-73.02365519506098"
4254146,,"April 10, 2020, 1:06 PM",Williston,72 Boxwood Street,BOXWOOD ST,Property Damage Only,Rear End,Cloudy,"Other Public Roadway (Rest Areas, Shopping Center - anything open to public)",20WT01600,Williston PD.,9,999.99,None/Other,Day,Next To Shaws,None,None,,VT0041000,T - Intersection,None,72 Boxwood Street,Dry,0,"44.44823511187442,-73.1082145325285"
4250038,,"April 11, 2020, 2:35 PM",Colchester,ROOSEVELT HIGHWAY,US-7,Property Damage Only,Single Vehicle Crash,Cloudy,"State Highway numbered route, State owned",20CC003227,Colchester PD.,10,1.869,Wild,Day,BLAKELY ROAD,None,None,,VT0040500,Not at a Junction,None,ROOSEVELT HIGHWAY,Dry,70,"44.527286439034384,-73.17265955978563"
4246739,,"April 13, 2020, 8:59 AM",Williston,426 Harvest Lane,HARVEST LN,Property Damage Only,"No Turns, Thru moves only, Broadside ^<",Rain,Street or Town Highways in FA Urban Area,20WT01635,Williston PD.,5,999.99,None/Other,Day,Marshall Avenue,None,None,,VT0041000,Not at a Junction,None,426 Harvest Lane,Wet,0,"44.44537107360163,-73.12140032243072"
4250431,,"April 13, 2020, 9:11 AM",Shelburne,Falls Rd,FALLS RD,Property Damage Only,Same Direction Sideswipe,Cloudy,Minor Collector - Non Fed Aid Rural TH,20SH01860,Shelburne PD.,4,1.618,None/Other,Day,Church St,None,None,,VT0040700,T - Intersection,None,Falls Rd,Wet,S0832,"44.37786892346908,-73.22656810747264"
4250045,,"April 14, 2020, 5:59 PM",South Burlington,197 Allen Rd,ALLEN RD.,Injury,Head On,Clear,Federal Aid Urban System (Class 2 TH's and 3 TH's only),20SB003344,So. Burlington PD.,2,0.756,None/Other,Day,Spear St,Alcohol,None,,VT0040300,Not at a Junction,None,197 Allen Rd,Dry,U5207,"44.42073267172965,-73.19710678798191"
4252838,,"April 14, 2020, 8:37 PM",Colchester,I-89,I-89,Property Damage Only,Single Vehicle Crash,Clear,"State Highway numbered route, State owned",20A101695,VSP - A1 Williston,10,92.179,None/Other,Night,Water Tower Cir,None,None,,VTVSP0100,Not at a Junction,None,I-89,Dry,890,"44.51225718203539,-73.19097338558286"
4252636,,"April 16, 2020, 5:16 PM",Shelburne,2689 Shelburne Rd,US-7,Property Damage Only,Rear End,Clear,"State Highway numbered route, State owned",20SH01942,Shelburne PD.,10,4.547,None/Other,Day,Penny Ln,None,None,,VT0040700,Not at a Junction,None,2689 Shelburne Rd,Dry,70,"44.41649409850155,-73.21339553653725"
4250373,,"April 18, 2020, 12:53 PM",Milton,5 Main St,US-7,Property Damage Only,"Left Turn and Thru, Angle Broadside -->v--",Clear,"State Highway numbered route, State owned",20MT002046,Milton PD.,10,5.05,None/Other,Day,Route 7,None,None,,VT0040600,T - Intersection,None,5 Main St,Dry,70,"44.640055204852615,-73.11339912876944"
4250036,,"April 20, 2020, 1:02 PM",South Burlington,South Burlington Opposite Timberlane,FAP 121-1 KENNEDY DRIVE,Property Damage Only,Head On,Clear,"State Highway numbered route, State owned",20SB003496,So. Burlington PD.,10,0.56,None/Other,Day,Kennedy Dr,None,None,,VT0040300,Four-way Intersection,None,South Burlington Opposite Timberlane,Dry,9998,"44.45400107288411,-73.1674584169822"
4248945,,"April 24, 2020, 4:13 PM",Burlington,43 Starr Farm Rd,Unknown,Property Damage Only,Head On,Cloudy,Street or Town Highways in FA Urban Area,20BU007531,Burlington PD,5,999.99,None/Other,Day,Starr Farm Rd,None,None,,VT0040100,Not at a Junction,None,43 Starr Farm Rd,Dry,0,"44.515917358741596,-73.26006460185936"
4246891,,"April 27, 2020, 1:10 PM",Burlington,Colchester Ave,COLCHESTER AVE.,Property Damage Only,Rear End,Clear,Federal Aid Urban System (Class 2 TH's and 3 TH's only),20BU007696,Burlington PD,2,0.895,None/Other,Day,Chase St,None,None,,VT0040100,Not at a Junction,None,Colchester Ave,Dry,U5014,"44.48645525638284,-73.18701852973484"
4248008,,"April 28, 2020, 2:51 PM",Shelburne,3723 Shelburne Rd,US-7,Property Damage Only,Single Vehicle Crash,Clear,"State Highway numbered route, State owned",20SH02224,Shelburne PD.,10,3.522,None/Other,Day,Shelburne Rd,None,None,,VT0040700,Not at a Junction,None,3723 Shelburne Rd,Dry,70,"44.4020628294372,-73.2180646142587"
4246506,,"May 5, 2020, 4:25 PM",Winooski City,East Allen Street,VT-15,Property Damage Only,Same Direction Sideswipe,Clear,"State Highway numbered route, Class 1 TH",20CC003783,Colchester PD.,11,0.611,None/Other,Day,I-89  By Southbound,None,None,,VT0040500,On Ramp,None,East Allen Street,Dry,150,"44.493225899521384,-73.17407126342711"
4248571,,"May 6, 2020, 10:14 AM",Burlington,Pearl St,PEARL ST.,Injury,"No Turns, Thru moves only, Broadside ^<",Clear,Federal Aid Urban System (Class 2 TH's and 3 TH's only),20BU008180,Burlington PD,2,0.495,None/Other,Day,N Union St,None,None,,VT0040100,Four-way Intersection,None,Pearl St,Dry,U5038,"44.48055845642177,-73.20930894854838"
4249913,,"May 8, 2020, 10:10 PM",Burlington,I-189 WEST,I-189,Property Damage Only,Head On,Freezing Precipitation,"State Highway numbered route, State owned",20A101995,VSP - A1 Williston,10,0.244,None/Other,Night,ROUTE 7,None,None,,VTVSP0100,Y - Intersection,"Road Surface Condition(wet, icy, snow, slush, etc)",I-189 WEST,Wet,1890,"44.448509097532934,-73.2090112794371"
4249693,,"May 9, 2020, 3:19 PM",St. George,VT Route 116,VT-116,Injury,Same Direction Sideswipe,Clear,"State Highway numbered route, State owned",20A102005,VSP - A1 Williston,10,0.931,None/Other,Day,Pond Road (TH#19),None,None,,VTVSP0100,Not at a Junction,None,VT Route 116,Dry,1160,"44.37660039556776,-73.13543522309661"
4250918,,"May 10, 2020, 12:19 PM",Burlington,North Ave,NORTH AVE.,Injury,Rear End,Clear,Federal Aid Urban System (Class 2 TH's and 3 TH's only),20BU008423,Burlington PD,2,2.771,None/Other,Day,Staniford Rd,None,None,,VT0040100,T - Intersection,None,North Ave,Dry,U5026,"44.512426682794846,-73.25228020433482"
4246524,,"May 13, 2020, 8:17 AM",Milton,Sanderson Road,JACKSON ROAD,Property Damage Only,Single Vehicle Crash,Clear,Federal Aid Secondary System (Class 2 TH),20MT002328,Milton PD.,3,1.56,None/Other,Day,Lake Rd,None,None,,VT0040600,Not at a Junction,None,Sanderson Road,Dry,U5804,"44.6590429206503,-73.14460013990168"
4248714,,"May 13, 2020, 6:57 PM",Colchester,South Park Drive,S PARK DR,Property Damage Only,Rear End,Clear,Street or Town Highways in FA Urban Area,20CC004065,Colchester PD.,5,999.99,None/Other,Day,Roosevelt Highway,None,None,,VT0040500,Four-way Intersection,None,South Park Drive,Dry,0,"44.503832956131674,-73.18167820692784"
4251426,,"May 15, 2020, 8:08 AM",Burlington,189/Shelburne Rd,I-189,Property Damage Only,Same Direction Sideswipe,Clear,"State Highway numbered route, Class 1 TH",20BU008741,Burlington PD,11,0.03,None/Other,Day,Shelburne Rd,None,None,,VT0040100,T - Intersection,Unknown,189/Shelburne Rd,Dry,1890,"44.448335364896224,-73.20916211797187"
4246721,,"May 15, 2020, 11:38 AM",Burlington,Shelburne Rd,US-7,Property Damage Only,Rear End,Clear,"State Highway numbered route, Class 1 TH",20BU008755,Burlington PD,11,999.99,None/Other,Day,189,None,None,,VT0040100,Not at a Junction,None,Shelburne Rd,Dry,70,"44.42156680467293,-73.21201193393634"
4246534,,"May 15, 2020, 8:03 PM",Burlington,Battery St,BATTERY ST.,Property Damage Only,"Left Turn and Thru, Angle Broadside -->v--",Clear,Federal Aid Urban System (Class 2 TH's and 3 TH's only),20BU008781,Burlington PD,2,0.47,None/Other,Night,Cherry St,None,None,,VT0040100,Not at a Junction,None,Battery St,Dry,U5008,"44.47912460513932,-73.21893280613341"
4248043,,"May 16, 2020, 7:55 PM",Colchester,Main Street,VT-2A,Property Damage Only,Other - Explain in Narrative,Clear,"State Highway numbered route, State owned",20CC004171,Colchester PD.,10,1.473,None/Other,Night,East Road,None,None,,VT0040500,Four-way Intersection,None,Main Street,Dry,21,"44.5437838989505,-73.14822394923365"
4247504,,"May 18, 2020, 3:33 PM",Burlington,Colchester Ave,COLCHESTER AVE.,Property Damage Only,"Left Turn and Thru, Angle Broadside -->v--",Clear,Federal Aid Urban System (Class 2 TH's and 3 TH's only),20BU008967,Burlington PD,2,0,None/Other,Day,S Prospect St,None,None,,VT0040100,Four-way Intersection,None,Colchester Ave,Dry,U5014,"44.48075268241586,-73.2005429320347"