ObjectID,Mapped,Crash Date,City/Town,Address,AOT Route,Crash Type,Collision Direction,Weather,Road Group,Report Number,Reporting Agency,Road Group ID,AOT Actual Milepoint,Animal,Time of Day,Intersection With,Impairment,Involving,Non Reportable Address,Reporting Agency ID,Road Characteristics,Road Condition,Street Address,Surface Condition,AOT Route ID,Coordinates
4246873,,"May 19, 2020, 2:18 PM",Colchester,1184 Prim Road,VT. 127 TH,Property Damage Only,Opp Direction Sideswipe,Clear,Federal Aid Urban System (Class 2 TH's and 3 TH's only),20CC004267,Colchester PD.,2,0.963,None/Other,Day,Prim Road,None,None,,VT0040500,Parking Lot,None,1184 Prim Road,Dry,U5600,"44.53723929058872,-73.24722926988056"
4246542,,"May 20, 2020, 10:56 AM",Colchester,297 Church Road,CHURCH RD.,Property Damage Only,Single Vehicle Crash,Clear,Federal Aid Urban System (Class 2 TH's and 3 TH's only),20CC004287,Colchester PD.,2,0.832,Domestic,Day,,None,None,,VT0040500,Not at a Junction,None,297 Church Road,Dry,U5603,"44.54990311932445,-73.24983518995833"
4251682,,"May 20, 2020, 5:12 PM",South Burlington,Williston Rd,US-2,Property Damage Only,"No Turns, Thru moves only, Broadside ^<",Clear,"State Highway numbered route, Class 1 TH",20SB004235,So. Burlington PD.,11,0.39,None/Other,Day,Dorset St,None,None,,VT0040300,Four-way Intersection,None,Williston Rd,Dry,20,"44.46964083795316,-73.18292759116126"
4249258,,"May 21, 2020, 6:49 AM",Colchester,Exit 16 Nb Off Ramp,I-89,Property Damage Only,Rear End,Clear,Ramp or Spur,20CC004311,Colchester PD.,7,0.174,None/Other,Day,,None,Heavy Truck,,VT0040500,Four-way Intersection,None,Exit 16 Nb Off Ramp,Dry,890,"44.5057169411253,-73.18025588508148"
4254360,,"May 21, 2020, 6:52 AM",Colchester,Interstate 89,I-89,Injury,Single Vehicle Crash,Clear,"State Highway numbered route, State owned",20A102129,VSP - A1 Williston,10,97.3,None/Other,Day,,None,None,,VTVSP0100,Not at a Junction,None,Interstate 89,Dry,890,"44.58262967950247,-73.17544896162984"
4245178,,"May 21, 2020, 1:06 PM",Essex,190 Colchester Rd,VT-2A,Injury,"No Turns, Thru moves only, Broadside ^<",Clear,"State Highway numbered route, State owned",20ES02607,Essex PD.,10,2.49,None/Other,Day,Susie Wilson Bypass,None,None,,VT0040200,Four-way Intersection,None,190 Colchester Rd,Dry,21,"44.515418623361185,-73.12246467838438"
4248942,,"May 21, 2020, 4:35 PM",Richmond,3465 East Main Street,US-2,Property Damage Only,Rear End,Clear,"State Highway numbered route, State owned",20RM00224,Richmond PD.,10,6.2,None/Other,Day,Stage Road,None,None,,VT0040800,Four-way Intersection,None,3465 East Main Street,Dry,20,"44.383467864622865,-72.93695304443824"
4246600,,"May 21, 2020, 4:50 PM",Winooski City,Main St,US-7,Property Damage Only,Rear End,Clear,"State Highway numbered route, Class 1 TH",20WS002876,Winooski PD.,11,0.436,None/Other,Day,E Spring St,None,None,,VT0040400,Four-way Intersection,None,Main St,Dry,70,"44.49473499110951,-73.18619099226414"
4246598,,"May 21, 2020, 7:16 PM",Winooski City,E Allen St,VT-15,Property Damage Only,Rear End,Clear,"State Highway numbered route, Class 1 TH",20WS002881,Winooski PD.,11,0.678,None/Other,Night,Exit 15 NB Off Ramp,None,None,,VT0040400,T - Intersection,None,E Allen St,Dry,150,"44.493257611294986,-73.17273213273157"
4247141,,"May 22, 2020, 3:43 PM",Burlington,32 Cherry St,Unknown,Injury,Same Direction Sideswipe,Clear,Street or Town Highways in FA Urban Area,20BU009269,Burlington PD,5,999.99,None/Other,Day,32 Cherry St,None,Pedestrian,,VT0040100,Not at a Junction,None,32 Cherry St,Dry,0,"44.47935408446945,-73.21712844430058"
4246591,,"May 22, 2020, 6:29 PM",Colchester,West  Lakeshore Drive,VT. 127 TH,Property Damage Only,Rear End,Clear,Federal Aid Urban System (Class 2 TH's and 3 TH's only),20CC004392,Colchester PD.,2,2.987,None/Other,Day,Jakes Place,None,None,,VT0040500,Not at a Junction,None,West  Lakeshore Drive,Dry,U5600,"44.546209231746964,-73.2196328221604"
4252196,,"May 23, 2020, 12:45 PM",Burlington,Pine St,PINE ST.,Property Damage Only,Rear End,Clear,Federal Aid Urban System (Class 2 TH's and 3 TH's only),20BU009343,Burlington PD,2,1.28,None/Other,Day,Maple St,None,None,,VT0040100,Not at a Junction,None,Pine St,Dry,U5040,"44.473832737632435,-73.21543183546108"
4246594,,"May 23, 2020, 1:10 PM",Colchester,104 Lexington Road,LEXINGTON RD,Property Damage Only,Rear-to-rear,Clear,Private Property (Driveways),20CC004414,Colchester PD.,8,999.99,None/Other,Day,,None,None,,VT0040500,Not at a Junction,None,104 Lexington Road,Dry,0,"44.51087502604244,-73.15002923958109"
4246595,,"May 23, 2020, 1:44 PM",Winooski City,20 W Canal St,W CANAL ST,Property Damage Only,Opp Direction Sideswipe,Clear,Street or Town Highways in FA Urban Area,20WS002934,Winooski PD.,5,999.99,None/Other,Day,Weaver St,None,None,,VT0040400,Parking Lot,None,20 W Canal St,Dry,0,"44.49033358970826,-73.18771908489201"
4246611,,"May 23, 2020, 2:08 PM",Williston,192 Industrial Ave,INDUSTRIAL AVE.,Property Damage Only,Single Vehicle Crash,Clear,Federal Aid Urban System (Class 2 TH's and 3 TH's only),20WT02277,Williston PD.,2,0.198,None/Other,Day,AstenJohnson Parking Lot,Alcohol,None,,VT0041000,Not at a Junction,None,192 Industrial Ave,Dry,U5504,"44.45990189959566,-73.12765150163804"
4246558,,"May 23, 2020, 3:09 PM",Williston,Essex Rd,US-2,Injury,"Left Turn and Thru, Angle Broadside -->v--",Clear,"State Highway numbered route, State owned",20WT02386,Williston PD.,10,1.422,None/Other,Day,Williston Rd,None,None,,VT0041000,Four-way Intersection,None,Essex Rd,Dry,20,"44.449639763425935,-73.11104040258252"
4246725,,"May 23, 2020, 5:19 PM",Essex,120 Pearl Street,VT-15,Injury,Rear End,Clear,"State Highway numbered route, State owned",20ES02662,Essex PD.,10,1.47,None/Other,Day,Willeys Court,None,None,,VT0040200,Not at a Junction,None,120 Pearl Street,Dry,150,"44.496075177587244,-73.12366730537418"
4251584,,"May 23, 2020, 5:20 PM",Shelburne,1230 Bay Rd,Unknown,Property Damage Only,Same Direction Sideswipe,Clear,"Other Public Roadway (Rest Areas, Shopping Center - anything open to public)",20SH02798,Shelburne PD.,9,999.99,None/Other,Day,Spinnaker Ln,None,None,,VT0040700,Parking Lot,None,1230 Bay Rd,Dry,0,"44.40039885041986,-73.2371905779019"
4246581,,"May 23, 2020, 11:10 PM",South Burlington,162 Patchen Rd,PATCHEN ROAD,Property Damage Only,Rear End,Clear,Federal Aid Urban System (Class 2 TH's and 3 TH's only),20SB004348,So. Burlington PD.,2,0.337,None/Other,Night,Richard Ter,Alcohol,None,,VT0040300,Not at a Junction,None,162 Patchen Rd,Dry,U5216,"44.47177141468253,-73.17226546488763"
4246527,,"May 25, 2020, 6:51 PM",Colchester,443 Colchester Pond Rd,COLCHESTER POND RD,Property Damage Only,Single Vehicle Crash,Clear,"City, Village or Urban Compact Street not in FA Urban Area (Class 2 and 3 Non-Federal Aid)",20CC004497,Colchester PD.,6,999.99,None/Other,Day,Curve Hill Road,Alcohol,None,,VT0040500,Y - Intersection,None,443 Colchester Pond Rd,Dry,0,"44.5468557924385,-73.12563817055506"
4253686,,"May 26, 2020, 9:30 AM",Burlington,S Winooski Ave,S UNION ST.,Property Damage Only,Single Vehicle Crash,Clear,Federal Aid Urban System (Class 2 TH's and 3 TH's only),20BU009549,Burlington PD,2,0.402,None/Other,Day,Spruce St,None,None,,VT0040100,Four-way Intersection,None,S Winooski Ave,Dry,U5052,"44.47075440237351,-73.20863163930409"
4247544,,"May 26, 2020, 12:47 PM",Burlington,North Ave,NORTH AVE.,Property Damage Only,Rear End,Clear,Federal Aid Urban System (Class 2 TH's and 3 TH's only),20BU009585,Burlington PD,2,0.851,None/Other,Day,#422,None,Motorcycle,,VT0040100,Not at a Junction,None,North Ave,Dry,U5026,"44.49235443187417,-73.22859662549988"
4247503,,"May 26, 2020, 2:15 PM",Colchester,97 Blakely Road,Unknown,Property Damage Only,Same Direction Sideswipe,Clear,"Other Public Roadway (Rest Areas, Shopping Center - anything open to public)",20CC004555,Colchester PD.,9,999.99,None/Other,Day,,None,Heavy Truck,,VT0040500,Parking Lot,None,97 Blakely Road,Dry,0,"44.54432480057902,-73.21494427089584"
4246999,,"May 26, 2020, 4:52 PM",Williston,759 Harvest Lane,Unknown,Property Damage Only,"No Turns, Thru moves only, Broadside ^<",Clear,"Other Public Roadway (Rest Areas, Shopping Center - anything open to public)",20WT02316,Williston PD.,9,999.99,None/Other,Day,,None,None,,VT0041000,Parking Lot,Other - Explain in Narrative,759 Harvest Lane,Dry,0,"44.44140423346155,-73.11997687427876"
4250043,,"May 27, 2020, 6:43 AM",Milton,Main St,US-7,Property Damage Only,Head On,Clear,"State Highway numbered route, State owned",20MT002600,Milton PD.,10,5,None/Other,Day,River St,None,None,,VT0040600,Not at a Junction,,Main St,,70,"44.63933062564889,-73.11343589339897"
4246612,,"May 27, 2020, 10:55 AM",South Burlington,Shelburne Rd,US-7,Property Damage Only,Same Direction Sideswipe,Clear,"State Highway numbered route, State owned",20SB004430,So. Burlington PD.,10,1.165,None/Other,Day,Fayette Rd,None,Heavy Truck,,VT0040300,Not at a Junction,None,Shelburne Rd,Dry,70,"44.437646107292174,-73.21035023169513"
4246610,,"May 27, 2020, 1:20 PM",South Burlington,Williston Rd,US-2,Property Damage Only,Same Direction Sideswipe,Clear,"State Highway numbered route, Class 1 TH",20SB004434,So. Burlington PD.,11,0.804,None/Other,Day,White St,None,None,,VT0040300,Not at a Junction,None,Williston Rd,Dry,20,"44.46772890520316,-73.17521699397487"
4251698,,"May 27, 2020, 3:08 PM",Winooski City,Platt St,PLATT ST,Property Damage Only,Opp Direction Sideswipe,Clear,Street or Town Highways in FA Urban Area,20WS003018,Winooski PD.,5,999.99,None/Other,Day,Barlow St,None,None,,VT0040400,Not at a Junction,None,Platt St,Dry,0,"44.49355521813065,-73.18475200285697"
4252693,,"May 28, 2020, 3:17 PM",Colchester,218 Lower Mountainview Drive,Unknown,Property Damage Only,Rear-to-rear,Clear,"Other Public Roadway (Rest Areas, Shopping Center - anything open to public)",20CC004628,Colchester PD.,9,999.99,None/Other,Day,Costco,None,None,,VT0040500,Not at a Junction,None,218 Lower Mountainview Drive,Dry,0,"44.5039962174158,-73.17540506763594"
4246717,,"May 29, 2020, 6:24 AM",Westford,Westford-Milton Rd,WESTFORD MILTON RD,Property Damage Only,Single Vehicle Crash,Cloudy,Federal Aid Secondary System (Class 2 TH),20A102267,VSP - A1 Williston,3,0.19,None/Other,Day,Near # 375 Westford-Milton Rd.,None,None,,VTVSP0100,,,Westford-Milton Rd,Other - Explain in Narrative,S0276,"44.63317012941005,-73.04773633361795"
4248837,,"May 29, 2020, 11:01 AM",Colchester,1184 Prim Road,Unknown,Property Damage Only,Rear-to-rear,Clear,"Other Public Roadway (Rest Areas, Shopping Center - anything open to public)",20CC004643,Colchester PD.,9,999.99,None/Other,Day,Price Chopper Parking Lot,None,Heavy Truck,,VT0040500,Parking Lot,None,1184 Prim Road,Dry,0,"44.53740970524687,-73.24782559136196"
4249224,,"May 29, 2020, 3:34 PM",Burlington,1316 North Ave,NORTH AVE.,Injury,"Right Turn and Thru, Broadside ^<--",Cloudy,Federal Aid Urban System (Class 2 TH's and 3 TH's only),20BU009850,Burlington PD,2,2.615,None/Other,Day,Gosse Ct,None,Bicycle,,VT0040100,Driveway,None,1316 North Ave,Dry,U5026,"44.510884017083946,-73.25019758560133"
4249190,,"May 29, 2020, 3:50 PM",Colchester,Roosevelt Highway,US-7,Property Damage Only,Rear End,Clear,"State Highway numbered route, State owned",20CC004652,Colchester PD.,10,0.342,None/Other,Day,Lower Mountain View Drive,None,None,,VT0040500,Four-way Intersection,"Road Surface Condition(wet, icy, snow, slush, etc)",Roosevelt Highway,Wet,70,"44.50737142199357,-73.180449024127"
4246504,,"May 29, 2020, 4:33 PM",Winooski City,364 Main St,Unknown,Property Damage Only,Rear End,Rain,"Other Public Roadway (Rest Areas, Shopping Center - anything open to public)",20WS003069,Winooski PD.,9,999.99,None/Other,Day,Parking Lot Of Community Bank,None,None,,VT0040400,Parking Lot,None,364 Main St,Wet,0,"44.49983280764965,-73.18392012422966"
4253601,,"May 29, 2020, 4:38 PM",Burlington,Riverside Ave,US-7,Injury,Rear End,Cloudy,"State Highway numbered route, Class 1 TH",20BU009857,Burlington PD,11,3.765,None/Other,Day,222 Riverside Ave,None,None,,VT0040100,Four-way Intersection,"Road Surface Condition(wet, icy, snow, slush, etc)",Riverside Ave,Water (standing / moving),70,"44.486519292821754,-73.19199262481636"
4246530,,"May 30, 2020, 3:29 AM",Colchester,Main Street,VT-2A,Property Damage Only,Single Vehicle Crash,Rain,"State Highway numbered route, State owned",20CC004663,Colchester PD.,10,1.873,None/Other,Night,520 Main Street,Alcohol,None,,VT0040500,Not at a Junction,None,Main Street,Wet,21,"44.54656656747383,-73.15525026312588"
4246553,,"May 31, 2020, 7:38 PM",Burlington,77 North St,N UNION ST.,Property Damage Only,Other - Explain in Narrative,Clear,Federal Aid Urban System (Class 2 TH's and 3 TH's only),20BU009977,Burlington PD,2,0.159,None/Other,Night,77 North St,None,None,,VT0040100,Other - Explain in Narrative,None,77 North St,Dry,U5034,"44.48279625010716,-73.20945561327815"
4246518,,"May 31, 2020, 7:42 PM",Charlotte,1478 Hinesburg Rd,HINESBURG RD,Injury,Single Vehicle Crash,Clear,Federal Aid Secondary System (Class 2 TH),20A102302,VSP - A1 Williston,3,2.14,None/Other,Night,Guinea Rd,None,None,,VTVSP0100,Not at a Junction,None,1478 Hinesburg Rd,Dry,S0208,"44.3179880231512,-73.20574187610296"
4246599,,"June 1, 2020, 9:13 AM",Essex,41 Kellogg Rd,KELLOGG ROAD,Property Damage Only,Rear End,Clear,Federal Aid Urban System (Class 2 TH's and 3 TH's only),20ES02859,Essex PD.,2,0.43,None/Other,Day,New England Dr,None,None,,VT0040200,Four-way Intersection,None,41 Kellogg Rd,Dry,U5406,"44.51197879864817,-73.13904475610566"
4247392,,"June 1, 2020, 1:24 PM",Williston,Essex Road,VT-2A,Property Damage Only,Other - Explain in Narrative,Cloudy,"State Highway numbered route, State owned",20WT02405,Williston PD.,10,3.723,None/Other,Day,Williston Road,None,None,,VT0041000,Four-way Intersection,,Essex Road,Dry,21,"44.44963785506531,-73.11097840307579"
4248060,,"June 1, 2020, 2:40 PM",South Burlington,977 Shelburne Road,US-7,Property Damage Only,Rear End,Clear,"State Highway numbered route, State owned",20SB004628,So. Burlington PD.,10,1.516,None/Other,Day,Brewer Parkway,None,None,,VT0040300,,None,977 Shelburne Road,Dry,70,"44.442718822146105,-73.20980601618795"
4246508,,"June 2, 2020, 6:01 PM",Burlington,VT 127,VT. 127 BELTLINE,Property Damage Only,"Right Turn and Thru, Same Direction Sideswipe/Angle Crash ^^--",Clear,Federal Aid Urban System (Class 2 TH's and 3 TH's only),20BU010110,Burlington PD,2,1.153,None/Other,Day,North Beach Exit,None,None,,VT0040100,Off Ramp,None,VT 127,Dry,U5009,"44.501778100187,-73.23058083912593"
4251771,,"June 4, 2020, 4:15 PM",Shelburne,2395 Shelburne Rd,US-7,Property Damage Only,Rear End,Clear,"State Highway numbered route, State owned",20SH03039,Shelburne PD.,10,4.812,None/Other,Day,Pine Haven Shores Rd,None,None,,VT0040700,Four-way Intersection,None,2395 Shelburne Rd,Dry,70,"44.42023501095464,-73.21224865743676"
4245228,,"June 5, 2020, 6:52 AM",Colchester,Roosevelt Highway,US-2,Property Damage Only,Rear End,Clear,"State Highway numbered route, State owned",20CC004819,Colchester PD.,10,2.19,None/Other,Day,US Route 7,None,None,,VT0040500,T - Intersection,None,Roosevelt Highway,Dry,20,"44.58957121224828,-73.16656743745206"
4248771,,"June 6, 2020, 8:25 AM",Shelburne,219 Martindale Road,Unknown,Property Damage Only,Opp Direction Sideswipe,Cloudy,Street or Town Highways in FA Urban Area,20SH03070,Shelburne PD.,5,999.99,None/Other,Day,N/A,None,None,,VT0040700,Not at a Junction,None,219 Martindale Road,Unknown,0,"44.4172230227574,-73.2095639188446"
4248499,,"June 8, 2020, 12:50 PM",South Burlington,1877 Williston Rd,Unknown,Property Damage Only,"No Turns, Thru moves only, Broadside ^<",Clear,"Other Public Roadway (Rest Areas, Shopping Center - anything open to public)",20SB004904,So. Burlington PD.,9,999.99,None/Other,Day,VT Tire,None,None,,VT0040300,Parking Lot,None,1877 Williston Rd,Dry,0,"44.46187451074442,-73.15258236110246"
4247335,,"June 9, 2020, 11:46 AM",Milton,42 Herrick Ave,Unknown,Property Damage Only,"Left Turn and Thru, Head On ^v--",Clear,Street or Town Highways in FA Urban Area,20MT002879,Milton PD.,5,999.99,None/Other,Day,North Bus Loop,None,Heavy Truck,,VT0040600,T - Intersection,None,42 Herrick Ave,Dry,0,"44.632535471015046,-73.10986912870435"
4252760,,"June 9, 2020, 11:58 AM",South Burlington,Williston Road at Kennedy Drive,US-2,Property Damage Only,Rear End,Cloudy,"State Highway numbered route, State owned",20SB004963,So. Burlington PD.,10,1.903,None/Other,Day,Williston Rd,None,None,,VT0040300,Four-way Intersection,None,Williston Road at Kennedy Drive,Dry,20,"44.462950355828994,-73.15400897577909"
4248952,,"June 9, 2020, 6:42 PM",Burlington,North Ave,NORTH AVE.,Property Damage Only,Rear End,Clear,Federal Aid Urban System (Class 2 TH's and 3 TH's only),20BU010606,Burlington PD,2,2.763,None/Other,Day,Staniford Rd,None,None,,VT0040100,Not at a Junction,None,North Ave,Dry,U5026,"44.512347599375666,-73.2521744831918"
4252644,,"June 10, 2020, 12:30 PM",Essex,4 Pearl St,VT-2A,Property Damage Only,Rear End,Clear,"State Highway numbered route, State owned",20ES03045,Essex PD.,10,0.65,None/Other,Day,Park Ter,None,None,,VT0040200,Not at a Junction,None,4 Pearl St,Dry,21,"44.49028193624213,-73.11137908849774"
4247508,,"June 10, 2020, 1:09 PM",Williston,8809 Williston Road,US-2,Property Damage Only,Rear End,Clear,"State Highway numbered route, State owned",20WT02519,Williston PD.,10,4.448,None/Other,Day,,None,None,,VT0041000,Driveway,None,8809 Williston Road,Dry,20,"44.434837976059576,-73.05429473243005"
4254101,,"June 11, 2020, 6:38 PM",Colchester,Roosevelt Highway,US-7,Property Damage Only,Rear End,Clear,"State Highway numbered route, State owned",20CC005011,Colchester PD.,10,6.508,None/Other,Day,US Route 2,None,None,,VT0040500,T - Intersection,None,Roosevelt Highway,Dry,70,"44.5894177454582,-73.16646252175904"
4251096,,"June 12, 2020, 12:00 AM",Essex,69 VT-15,VT-15,Property Damage Only,"Left Turn and Thru, Broadside v<--",Clear,"State Highway numbered route, State owned",20ES03090,Essex PD.,10,3.86,None/Other,,289,None,Heavy Truck,,VT0040200,Four-way Intersection,None,69 VT-15,Dry,150,"44.50732973526554,-73.08786663539647"
4249581,,"June 13, 2020, 10:03 AM",Colchester,1184 Prim Rd,VT. 127 TH,Property Damage Only,Rear End,Cloudy,Federal Aid Urban System (Class 2 TH's and 3 TH's only),20CC005062,Colchester PD.,2,0.9,None/Other,Day,Porters Point Road,None,None,,VT0040500,Four-way Intersection,None,1184 Prim Rd,Dry,U5600,"44.53643731351893,-73.24783119474114"
4248943,,"June 16, 2020, 4:15 PM",Colchester,23 Lilac Street,Unknown,Property Damage Only,Opp Direction Sideswipe,Clear,Private Property (Driveways),20CC005154,Colchester PD.,8,999.99,None/Other,Day,,None,Heavy Truck,,VT0040500,Not at a Junction,None,23 Lilac Street,Dry,0,"44.55172688682101,-73.23407676250152"
4251105,,"June 16, 2020, 5:25 PM",Burlington,Rose St,ROSE ST,Fatal,Single Vehicle Crash,Clear,Street or Town Highways in FA Urban Area,20BU011108,Burlington PD,5,999.99,None/Other,Day,Cedar St,Drugs,None,,VT0040100,Four-way Intersection,None,Rose St,Dry,0,"44.48591747874449,-73.21648547935081"
4251720,,"June 17, 2020, 1:16 PM",South Burlington,861 Williston Rd,US-2,Property Damage Only,Rear End,Clear,"State Highway numbered route, Class 1 TH",20SB005311,So. Burlington PD.,11,0.161,None/Other,Day,Entrance To Staples Plaza,None,None,,VT0040300,Not at a Junction,None,861 Williston Rd,Dry,20,"44.47115913718718,-73.1871806500543"
4252810,,"June 17, 2020, 4:40 PM",Burlington,S Prospect St,S PROSPECT ST.,Injury,Rear End,Clear,Federal Aid Urban System (Class 2 TH's and 3 TH's only),20BU011181,Burlington PD,2,0.284,None/Other,Day,Pearl St,None,None,,VT0040100,Four-way Intersection,None,S Prospect St,Dry,U5050,"44.480518543394155,-73.20054772138532"
4246025,,"June 17, 2020, 4:53 PM",Colchester,28 JASPER MINE ROAD,Unknown,Property Damage Only,Single Vehicle Crash,Clear,Street or Town Highways in FA Urban Area,20CC005189,Colchester PD.,5,999.99,None/Other,Day,,None,None,,VT0040500,Not at a Junction,None,28 JASPER MINE ROAD,Dry,0,"44.59157529532954,-73.17432800727693"
4252908,,"June 18, 2020, 3:39 PM",Williston,225 Interstate Corporate Drive,Unknown,Property Damage Only,Rear End,Clear,"Other Public Roadway (Rest Areas, Shopping Center - anything open to public)",20WT02649,Williston PD.,9,999.99,None/Other,Day,,None,None,,VT0041000,Not at a Junction,None,225 Interstate Corporate Drive,Dry,0,"44.45027144185832,-73.11280885377148"
4246692,,"June 19, 2020, 4:05 PM",Colchester,Malletts Bay Avenue,MALLETTS BAY AVE.,Property Damage Only,Same Direction Sideswipe,Clear,Federal Aid Urban System (Class 2 TH's and 3 TH's only),20CC005250,Colchester PD.,2,1.254,None/Other,Day,Pine Island Road,None,None,,VT0040500,T - Intersection,None,Malletts Bay Avenue,Dry,U5608,"44.51711565613006,-73.20244596290406"
4246039,,"June 19, 2020, 7:17 PM",Colchester,HEINEBERG DRIVE,VT. 127 TH,Injury,Single Vehicle Crash,Clear,Federal Aid Urban System (Class 2 TH's and 3 TH's only),20CC005260,Colchester PD.,2,0.398,None/Other,Night,CLOVER LANE,None,None,,VT0040500,Not at a Junction,None,HEINEBERG DRIVE,Dry,U5600,"44.53029772580032,-73.25296553459907"
4251521,,"June 19, 2020, 10:00 PM",Milton,W Milton Rd,US-7,Property Damage Only,Single Vehicle Crash,Clear,"State Highway numbered route, State owned",20MT003114,Milton PD.,10,2.56,Deer,Night,US Rt 7 S,None,None,,VT0040600,Not at a Junction,None,W Milton Rd,Dry,70,"44.627654651999535,-73.1422557749905"
4249472,,"June 20, 2020, 9:06 AM",Milton,South Channel Outlet Bridge,US-2,Injury,Other - Explain in Narrative,Clear,"State Highway numbered route, State owned",20MT003122,Milton PD.,10,0.14,None/Other,Day,US Hwy 2,None,None,,VT0040600,Not at a Junction,None,South Channel Outlet Bridge,Dry,20,"44.63068479379141,-73.25341953592539"
4245796,,"June 21, 2020, 1:47 PM",Colchester,95  Mt Mansfield Avenue,MT MANSFIELD AVE,Property Damage Only,Other - Explain in Narrative,Clear,Private Property (Driveways),20CC005316,Colchester PD.,8,999.99,None/Other,Day,,None,None,,VT0040500,Driveway,None,95  Mt Mansfield Avenue,Dry,0,"44.49928125299496,-73.15988433993654"
4246917,,"June 22, 2020, 2:37 PM",Burlington,4 Hildred Dr,HILDRED DR,Property Damage Only,Single Vehicle Crash,Clear,Private Property (Driveways),20BU011505,Burlington PD,8,999.99,None/Other,Day,4 Hildred Dr,None,Heavy Truck,,VT0040100,Not at a Junction,None,4 Hildred Dr,Dry,0,"44.4874017240847,-73.1967197904621"
4248712,,"June 22, 2020, 8:45 PM",Colchester,169 Bay Road,BAY RD.,Property Damage Only,Head On,Cloudy,Federal Aid Urban System (Class 2 TH's and 3 TH's only),20CC005353,Colchester PD.,2,0.333,None/Other,Night,Sunset View Road,None,None,,VT0040500,Not at a Junction,None,169 Bay Road,Dry,U5617,"44.5544612579281,-73.18428635368146"
4247376,,"June 23, 2020, 10:40 AM",Williston,Williston Rd,US-2,Property Damage Only,"No Turns, Thru moves only, Broadside ^<",Clear,"State Highway numbered route, State owned",20WT02715,Williston PD.,10,1.684,None/Other,Day,Zephyr Rd,None,None,,VT0041000,Four-way Intersection,None,Williston Rd,Dry,20,"44.447580915293194,-73.10637377846912"
4255157,,"June 23, 2020, 3:33 PM",Colchester,983 Blakely Road,VT. 127 TH,Injury,Single Vehicle Crash,Clear,Federal Aid Urban System (Class 2 TH's and 3 TH's only),20CC005369,Colchester PD.,2,4.161,None/Other,Day,,None,None,,VT0040500,Not at a Junction,None,983 Blakely Road,Dry,U5600,"44.53415103214208,-73.20443593685057"
4247113,,"June 25, 2020, 8:59 AM",Colchester,Roosevelt Highway,US-7,Property Damage Only,Rear End,Clear,"State Highway numbered route, State owned",20CC005412,Colchester PD.,10,0.631,None/Other,Day,Hercules Drive,None,None,,VT0040500,Four-way Intersection,None,Roosevelt Highway,Dry,70,"44.511412667584935,-73.17926770068819"
4247528,,"June 26, 2020, 12:56 PM",Burlington,78 Adams St,Unknown,Injury,Other - Explain in Narrative,Clear,Street or Town Highways in FA Urban Area,20BU011816,Burlington PD,5,999.99,None/Other,Day,78 Adams St,None,None,,VT0040100,Not at a Junction,None,78 Adams St,Dry,0,"44.472396150937755,-73.21080511129972"
4246709,,"June 26, 2020, 9:13 PM",Colchester,992 Bay Road,BAY RD.,Injury,Head On,Clear,Federal Aid Urban System (Class 2 TH's and 3 TH's only),20CC005463,Colchester PD.,2,0.372,None/Other,Night,Granite Creek Road,None,None,,VT0040500,Not at a Junction,None,992 Bay Road,Dry,U5617,"44.55432898265832,-73.18352090576103"
4246857,,"June 30, 2020, 12:16 PM",Milton,I-89 NB MM 103.6,I-89,Injury,Rear End,Clear,"State Highway numbered route, State owned",20A102767,VSP - A1 Williston,10,103.6,None/Other,Day,Mile Marker 103.6,None,Heavy Truck,,VTVSP0100,Not at a Junction,None,I-89 NB MM 103.6,Dry,890,"44.6650300220863,-73.13598792571642"
4252768,,"June 30, 2020, 4:29 PM",Burlington,154 Tracy Dr,Unknown,Property Damage Only,Other - Explain in Narrative,Cloudy,Street or Town Highways in FA Urban Area,20BU012094,Burlington PD,5,999.99,None/Other,Day,154 Tracy Dr,Alcohol,None,,VT0040100,Not at a Junction,None,154 Tracy Dr,Dry,0,"44.51313175838929,-73.26155757526318"
4246705,,"July 1, 2020, 10:20 AM",Williston,131 Dorset Ln,Unknown,Property Damage Only,Other - Explain in Narrative,Clear,"Other Public Roadway (Rest Areas, Shopping Center - anything open to public)",20WT02834,Williston PD.,9,999.99,None/Other,Day,Hirchack,None,Heavy Truck,,VT0041000,Parking Lot,None,131 Dorset Ln,Dry,0,"44.47691684707095,-73.11937008011117"
4252414,,"July 1, 2020, 4:21 PM",South Burlington,861 Williston Rd,Unknown,Property Damage Only,Rear-to-rear,Clear,"Other Public Roadway (Rest Areas, Shopping Center - anything open to public)",20SB005867,So. Burlington PD.,9,999.99,None/Other,Day,,None,None,,VT0040300,Parking Lot,None,861 Williston Rd,Dry,0,"44.471135470176065,-73.18809686130265"
4250844,,"July 2, 2020, 11:18 PM",Burlington,College St,COLLEGE ST.,Property Damage Only,Rear End,Clear,Federal Aid Urban System (Class 2 TH's and 3 TH's only),20BU012246,Burlington PD,2,0.18,None/Other,Night,S Champlain St,None,None,,VT0040100,Not at a Junction,None,College St,Dry,U5068,"44.47700069118033,-73.21520601556662"