ObjectID,Mapped,Crash Date,City/Town,Address,AOT Route,Crash Type,Collision Direction,Weather,Road Group,Report Number,Reporting Agency,Road Group ID,AOT Actual Milepoint,Animal,Time of Day,Intersection With,Impairment,Involving,Non Reportable Address,Reporting Agency ID,Road Characteristics,Road Condition,Street Address,Surface Condition,AOT Route ID,Coordinates
4249538,,"August 5, 2020, 2:11 PM",Colchester,Roosevelt Highway,US-7,Property Damage Only,Rear End,Clear,"State Highway numbered route, State owned",20CC006637,Colchester PD.,10,6.532,None/Other,Day,77 US Rt 7,None,None,,VT0040500,Parking Lot,None,Roosevelt Highway,Dry,70,"44.589766078590344,-73.1664256221403"
4247119,,"August 6, 2020, 11:13 AM",Burlington,Main St,US-2,Property Damage Only,Rear End,Clear,"State Highway numbered route, Class 1 TH",20BU014752,Burlington PD,11,0.127,None/Other,Day,S Williams St,None,None,,VT0040100,Not at a Junction,None,Main St,Dry,20,"44.47627591213521,-73.20288330459651"
4246481,,"August 6, 2020, 11:44 AM",Jericho,VT Route 15,VT-15,Injury,"Left Turn and Thru, Broadside v<--",Clear,"State Highway numbered route, State owned",20A103446,VSP - A1 Williston,10,0.45,None/Other,Day,Lee River Road,None,None,,VTVSP0100,T - Intersection,None,VT Route 15,Dry,150,"44.50404770590998,-72.99805374480069"
4246750,,"August 6, 2020, 1:08 PM",Colchester,RATHE ROAD,RATHE RD,Property Damage Only,"Right Turn and Thru, Head On v^--",Clear,Street or Town Highways in FA Urban Area,20CC006674,Colchester PD.,5,999.99,None/Other,Day,ROOSEVELT HIGHWAY,None,None,,VT0040500,T - Intersection,None,RATHE ROAD,Dry,0,"44.51443044386163,-73.1792988247657"
4250404,,"August 8, 2020, 9:34 PM",Burlington,North St,NORTH ST,Property Damage Only,"Left Turn and Thru, Head On ^v--",Clear,Street or Town Highways in FA Urban Area,20BU014961,Burlington PD,5,999.99,None/Other,Night,Front St,None,None,,VT0040100,Not at a Junction,None,North St,Dry,0,"44.484488736021454,-73.2206472797412"
4246495,,"August 9, 2020, 2:43 AM",South Burlington,Exit 14 SB On-ramp To I-89,I-89,Property Damage Only,Single Vehicle Crash,Clear,Ramp or Spur,20A103379,VSP - A1 Williston,7,0.037,None/Other,Night,Exit 14 SB On-ramp To I-89 @ Rt. 2,None,None,,VTVSP0100,On Ramp,None,Exit 14 SB On-ramp To I-89,Dry,890,"44.47077639496523,-73.18661978483031"
4246470,,"August 11, 2020, 11:27 AM",Colchester,Fort Parkway,VT-15,Property Damage Only,Rear End,Clear,"State Highway numbered route, State owned",20ES04433,Essex PD.,10,0.114,None/Other,Day,Ethan Allen Ave,None,None,,VT0040200,Not at a Junction,None,Fort Parkway,Dry,150,"44.50295431950279,-73.14707411235327"
4248115,,"August 11, 2020, 5:03 PM",Milton,Main St,WESTFORD RD,Property Damage Only,Same Direction Sideswipe,Clear,Federal Aid Urban System (Class 2 TH's and 3 TH's only),20MT004269,Milton PD.,2,0.47,None/Other,Day,Railroad St,None,None,,VT0040600,Not at a Junction,None,Main St,Dry,U5808,"44.6387788971345,-73.1041437679482"
4246501,,"August 12, 2020, 11:40 AM",South Burlington,White St,US-2,Property Damage Only,Same Direction Sideswipe,Clear,"State Highway numbered route, Class 1 TH",20SB007508,So. Burlington PD.,11,0.872,None/Other,Day,Williston Rd,None,None,,VT0040300,T - Intersection,None,White St,Dry,20,"44.467483526326596,-73.17392843450523"
4247674,,"August 13, 2020, 3:03 PM",Burlington,57 Latham Ct,LATHAM CT,Property Damage Only,Opp Direction Sideswipe,Clear,Street or Town Highways in FA Urban Area,20BU015326,Burlington PD,5,999.99,None/Other,Day,Colchester Ave,None,None,,VT0040100,Not at a Junction,None,57 Latham Ct,Dry,0,"44.48257211530013,-73.19186721868202"
4246389,,"August 14, 2020, 3:37 PM",Essex,273 River Road,VT-117,Property Damage Only,Other - Explain in Narrative,Clear,"State Highway numbered route, State owned",20ES04518,Essex PD.,10,3.66,None/Other,Day,,None,Heavy Truck,,VT0040200,Not at a Junction,None,273 River Road,Dry,1170,"44.47680722140995,-73.04316797424747"
4248814,,"August 14, 2020, 3:37 PM",Milton,US RT 7,US-7,Property Damage Only,Rear End,Clear,"State Highway numbered route, State owned",20MT004323,Milton PD.,10,2.45,None/Other,Day,Legion Rd,None,None,,VT0040600,T - Intersection,None,US RT 7,Dry,70,"44.627364183031936,-73.1443986228864"
4246422,,"August 14, 2020, 5:50 PM",South Burlington,1 Dorset Street,DORSET ST.,Property Damage Only,Rear End,Clear,Federal Aid Urban System (Class 2 TH's and 3 TH's only),20SB007630,So. Burlington PD.,2,4.066,None/Other,Day,Greers Dry Cleaning,None,None,,VT0040300,Not at a Junction,None,1 Dorset Street,Dry,U5208,"44.46856242614552,-73.18147534559127"
4246479,,"August 14, 2020, 5:55 PM",Essex,37b Jericho Rd,VT-15,Injury,Head On,Clear,"State Highway numbered route, State owned",20ES04521,Essex PD.,10,5.82,None/Other,Day,Richard St,None,None,,VT0040200,Not at a Junction,None,37b Jericho Rd,Dry,150,"44.50801174829692,-73.05147761864421"
4248216,,"August 15, 2020, 1:33 PM",Richmond,Richmond Park and Ride,US-2,Injury,Rear End,Clear,"State Highway numbered route, State owned",20RM00410,Richmond PD.,10,1.16,None/Other,Day,I- 89,None,None,,VT0040800,Four-way Intersection,None,Richmond Park and Ride,Dry,20,"44.42304839054914,-73.00828207074014"
4246476,,"August 15, 2020, 1:58 PM",Richmond,3156 Cochran Rd,COCHRAN RD,Injury,Rear End,Clear,Minor Collector - Non Fed Aid Rural TH,20RM00411,Richmond PD.,4,3.261,None/Other,Day,Wheeler Ln,None,None,,VT0040800,Not at a Junction,None,3156 Cochran Rd,Dry,S0708,"44.38128233942198,-72.9430795897135"
4246782,,"August 15, 2020, 4:15 PM",Williston,71 Boxwood Street,Unknown,Property Damage Only,Same Direction Sideswipe,Clear,"Other Public Roadway (Rest Areas, Shopping Center - anything open to public)",20WT03556,Williston PD.,9,999.99,None/Other,Day,Sycamore Street,None,None,,VT0041000,Not at a Junction,"Rut, holes, bumps",71 Boxwood Street,Dry,0,"44.4469281771714,-73.10841336701462"
4249522,,"August 15, 2020, 6:45 PM",South Burlington,Shelburne Road at Harbor View Road,US-7,Property Damage Only,Rear End,Clear,"State Highway numbered route, State owned",20SB007676,So. Burlington PD.,10,0.227,None/Other,Day,Harbor View Rd,None,None,,VT0040300,Four-way Intersection,,Shelburne Road at Harbor View Road,Dry,70,"44.42408767859797,-73.21175257070925"
4246410,,"August 16, 2020, 2:21 PM",Burlington,Colchester Ave,COLCHESTER AVE.,Injury,Opp Direction Sideswipe,Clear,Federal Aid Urban System (Class 2 TH's and 3 TH's only),20BU015550,Burlington PD,2,0.024,None/Other,Day,University Pl,None,None,,VT0040100,T - Intersection,None,Colchester Ave,Dry,U5014,"44.48067531215366,-73.20009693191946"
4246757,,"August 16, 2020, 9:17 PM",Williston,Essex Road,VT-2A,Property Damage Only,"No Turns, Thru moves only, Broadside ^<",Clear,"State Highway numbered route, State owned",20WT03572,Williston PD.,10,4.794,None/Other,Night,Mountain View Road,Alcohol,None,,VT0041000,Four-way Intersection,None,Essex Road,Dry,21,"44.465037592609185,-73.11290086213594"
4246421,,"August 17, 2020, 11:16 AM",South Burlington,10 Dorset St,DORSET ST.,Property Damage Only,Rear End,Cloudy,Federal Aid Urban System (Class 2 TH's and 3 TH's only),20SB007738,So. Burlington PD.,2,3.956,None/Other,Day,Barnes And Nobles,None,None,,VT0040300,Not at a Junction,None,10 Dorset St,Dry,U5208,"44.46699094627927,-73.18131732019253"
4246117,,"August 17, 2020, 12:19 PM",Colchester,790 College Parkway,VT-15,Property Damage Only,Single Vehicle Crash,Clear,"State Highway numbered route, State owned",20CC007012,Colchester PD.,10,0.007,None/Other,Day,Fanny Allen Hospital,None,None,,VT0040500,Not at a Junction,Other - Explain in Narrative,790 College Parkway,Dry,150,"44.49796608151576,-73.15712064647693"
4246396,,"August 17, 2020, 2:00 PM",Williston,Essex Road,VT-2A,Property Damage Only,Rear End,Rain,"State Highway numbered route, State owned",20WT03581,Williston PD.,10,3.888,None/Other,Day,Helena Drive,None,None,,VT0041000,Not at a Junction,None,Essex Road,Wet,21,"44.452015314781825,-73.11125658029972"
4246450,,"August 17, 2020, 5:23 PM",South Burlington,Patchen Road,PATCHEN ROAD,Property Damage Only,Rear End,Cloudy,Federal Aid Urban System (Class 2 TH's and 3 TH's only),20SB007752,So. Burlington PD.,2,0.647,None/Other,Day,Kirby Road,None,None,,VT0040300,Not at a Junction,None,Patchen Road,Dry,U5216,"44.47603645075668,-73.17380784002783"
4246412,,"August 18, 2020, 12:10 PM",South Burlington,1205 Williston Rd,US-2,Injury,"Left Turn and Thru, Angle Broadside -->v--",Clear,"State Highway numbered route, Class 1 TH",20SB007783,So. Burlington PD.,11,0.796,None/Other,Day,,None,None,,VT0040300,Other - Explain in Narrative,None,1205 Williston Rd,Dry,20,"44.46775795504568,-73.17536852316884"
4246390,,"August 18, 2020, 1:25 PM",Williston,Marshall Avenue,MARSHALL AVE.,Property Damage Only,Rear End,Clear,Federal Aid Urban System (Class 2 TH's and 3 TH's only),20WT03593,Williston PD.,2,1.305,None/Other,Day,Harvest Lane,None,None,,VT0041000,Four-way Intersection,None,Marshall Avenue,Dry,U5505,"44.44567100123691,-73.11739540877508"
4246828,,"August 18, 2020, 4:45 PM",Williston,3372 South Road,SOUTH RD,Injury,Head On,Clear,Street or Town Highways in FA Urban Area,20WT03595,Williston PD.,5,999.99,None/Other,Day,House # 3372,None,None,,VT0041000,Driveway,None,3372 South Road,Dry,0,"44.39313123543444,-73.0839965331331"
4246179,,"August 18, 2020, 10:43 PM",Burlington,324 S Willard St,US-7,Property Damage Only,Same Direction Sideswipe,Clear,"State Highway numbered route, Class 1 TH",20BU015705,Burlington PD,11,1.791,None/Other,Night,Spruce St,None,None,,VT0040100,Not at a Junction,None,324 S Willard St,Dry,70,"44.47122432035606,-73.20509668908672"
4249311,,"August 19, 2020, 10:10 AM",Burlington,S Union St,S UNION ST.,Property Damage Only,"No Turns, Thru moves only, Broadside ^<",Clear,Federal Aid Urban System (Class 2 TH's and 3 TH's only),20BU015721,Burlington PD,2,0.16,None/Other,Day,Howard St,None,None,,VT0040100,Four-way Intersection,None,S Union St,Dry,U5052,"44.467344613168734,-73.20794783661275"
4246191,,"August 20, 2020, 9:47 AM",South Burlington,Williston Road at Sheraton Hotel,US-2,Property Damage Only,"Left Turn and Thru, Same Direction Sideswipe/Angle Crash vv--",Clear,"State Highway numbered route, Class 1 TH",20SB007866,So. Burlington PD.,11,0.106,None/Other,Day,Williston Rd,None,Heavy Truck,,VT0040300,T - Intersection,None,Williston Road at Sheraton Hotel,Dry,20,"44.47159292598841,-73.1881643179222"
4246207,,"August 20, 2020, 12:35 PM",Shelburne,Shelburne Road at Martindale Road,US-7,Property Damage Only,Rear End,Clear,"State Highway numbered route, State owned",20SH04540,Shelburne PD.,10,4.601,None/Other,Day,Martindale Rd,None,None,,VT0040700,Four-way Intersection,None,Shelburne Road at Martindale Road,Dry,70,"44.41725349451769,-73.21314119287578"
4247249,,"August 20, 2020, 12:38 PM",South Burlington,1166 Williston Rd,Unknown,Property Damage Only,Rear-to-rear,Clear,"Other Public Roadway (Rest Areas, Shopping Center - anything open to public)",20SB007875,So. Burlington PD.,9,999.99,None/Other,Day,The Bagel Place,None,None,,VT0040300,Parking Lot,None,1166 Williston Rd,Dry,0,"44.46859880920167,-73.17718611062975"
4246144,,"August 21, 2020, 8:01 AM",Burlington,Shelburne St,US-7,Property Damage Only,"Left Turn and Thru, Angle Broadside -->v--",Rain,"State Highway numbered route, Class 1 TH",20BU015869,Burlington PD,11,0.987,None/Other,Day,Alfred St,None,None,,VT0040100,T - Intersection,None,Shelburne St,Wet,70,"44.45971680239222,-73.208169193562"
4246700,,"August 21, 2020, 8:06 AM",Essex,157 Old Stage Rd,OLD STAGE RD.,Injury,Other - Explain in Narrative,Cloudy,Federal Aid Secondary System (Class 2 TH),20ES04685,Essex PD.,3,1.61,None/Other,Day,Colonial Page Rd,None,Pedestrian,,VT0040200,Not at a Junction,Work zone (construction / maintenance / utility),157 Old Stage Rd,Dry,U5409,"44.53185585809206,-73.07621974792495"
4246154,,"August 21, 2020, 9:46 AM",Milton,Mile Marker 104.1,I-89,Property Damage Only,Same Direction Sideswipe,Cloudy,"State Highway numbered route, State owned",20A103552,VSP - A1 Williston,10,104.1,None/Other,Day,,None,None,,VTVSP0100,Not at a Junction,None,Mile Marker 104.1,Dry,890,"44.67193819152599,-73.13310417810645"
4246142,,"August 21, 2020, 12:15 PM",Colchester,218 Lower Mountain View Drive,Unknown,Property Damage Only,Rear-to-rear,Clear,"Other Public Roadway (Rest Areas, Shopping Center - anything open to public)",20CC007162,Colchester PD.,9,999.99,None/Other,Day,Costco Parking,None,None,,VT0040500,Not at a Junction,None,218 Lower Mountain View Drive,Dry,0,"44.50378277345571,-73.1749750466649"
4246163,,"August 22, 2020, 8:40 AM",Burlington,Colchester Ave,US-7,Property Damage Only,Same Direction Sideswipe,Cloudy,"State Highway numbered route, Class 1 TH",20BU015964,Burlington PD,11,4.151,None/Other,Day,Mary Fletcher Dr,None,Heavy Truck,,VT0040100,Y - Intersection,None,Colchester Ave,Wet,70,"44.4886193114981,-73.18661514175889"
4246888,,"August 22, 2020, 11:35 AM",Shelburne,495 Falls Rd,FALLS RD,Injury,Single Vehicle Crash,Cloudy,Minor Collector - Non Fed Aid Rural TH,20SH04584,Shelburne PD.,4,999.99,None/Other,Day,Wes Rd,None,Bicycle,,VT0040700,T - Intersection,None,495 Falls Rd,Dry,S0832,"44.37357454042926,-73.22539829768411"
4249653,,"August 22, 2020, 12:01 PM",Williston,ESSEX ROAD,VT-2A,Property Damage Only,Rear End,Clear,"State Highway numbered route, State owned",20WT03657,Williston PD.,10,4.737,None/Other,Day,HICKORY HILL,None,None,,VT0041000,Not at a Junction,None,ESSEX ROAD,Dry,21,"44.46421872741937,-73.11278696734531"
4247048,,"August 22, 2020, 12:46 PM",South Burlington,155 Dorset St,Unknown,Property Damage Only,Rear End,Clear,"Other Public Roadway (Rest Areas, Shopping Center - anything open to public)",20SB007967,So. Burlington PD.,9,999.99,None/Other,Day,Dorset St,None,None,,VT0040300,Parking Lot,None,155 Dorset St,Dry,0,"44.4650131357226,-73.18254578301467"
4247284,,"August 22, 2020, 6:13 PM",Burlington,College St,COLLEGE ST,Property Damage Only,Same Direction Sideswipe,Clear,Street or Town Highways in FA Urban Area,20BU016004,Burlington PD,5,999.99,None/Other,Day,S Union St,None,None,,VT0040100,Not at a Junction,None,College St,Dry,0,"44.477300048582414,-73.20902745778825"
4246175,,"August 22, 2020, 6:57 PM",Shelburne,2655 Shelburne Rd,US-7,Property Damage Only,Rear End,Clear,"State Highway numbered route, State owned",20SH04593,Shelburne PD.,10,4.573,None/Other,Day,Martindale Rd,None,None,,VT0040700,Four-way Intersection,None,2655 Shelburne Rd,Dry,70,"44.416831206822444,-73.21313449834732"
4248702,,"August 22, 2020, 7:25 PM",Williston,Dick’s Sporting Goods & Old Navy,Unknown,Property Damage Only,"No Turns, Thru moves only, Broadside ^<",Cloudy,"Other Public Roadway (Rest Areas, Shopping Center - anything open to public)",20WT03663,Williston PD.,9,999.99,None/Other,Night,Maple Tree Pl,None,None,,VT0041000,Parking Lot,None,Dick’s Sporting Goods & Old Navy,Dry,0,"44.44320770870083,-73.11096373490474"
4246174,,"August 23, 2020, 9:34 AM",Richmond,,I-89,Property Damage Only,Other - Explain in Narrative,Cloudy,"State Highway numbered route, State owned",20A103579,VSP - A1 Williston,10,77.92,None/Other,Day,Exit 11,None,Heavy Truck,,VTVSP0100,Not at a Junction,None,,Dry,890,"44.420908065692444,-73.00216748694189"
4246908,,"August 23, 2020, 11:56 AM",Burlington,293 Shelburne Rd,US-7,Injury,Rear End,Clear,"State Highway numbered route, Class 1 TH",20BU016059,Burlington PD,11,0.797,None/Other,Day,Shelburne Rd,None,None,,VT0040100,T - Intersection,None,293 Shelburne Rd,Dry,70,"44.457082754617204,-73.20840713097718"
4246145,,"August 23, 2020, 3:48 PM",South Burlington,861 Williston Rd,Unknown,Property Damage Only,Rear End,Clear,"Other Public Roadway (Rest Areas, Shopping Center - anything open to public)",20SB008003,So. Burlington PD.,9,999.99,None/Other,Day,Williston Rd,None,None,,VT0040300,Parking Lot,None,861 Williston Rd,Dry,0,"44.471117245356496,-73.18813435167031"
4248457,,"August 23, 2020, 5:35 PM",Burlington,207 Riverside Ave #b,Unknown,Injury,"Right Turn and Thru, Broadside ^<--",Clear,Private Property (Driveways),20BU016078,Burlington PD,8,999.99,None/Other,Day,Riverside Ave,None,Bicycle,,VT0040100,Parking Lot,None,207 Riverside Ave #b,Dry,0,"44.4866520307817,-73.19153962816848"
4246172,,"August 24, 2020, 8:03 AM",South Burlington,5 Dorset St,DORSET ST.,Property Damage Only,Same Direction Sideswipe,Cloudy,Federal Aid Urban System (Class 2 TH's and 3 TH's only),20SB008021,So. Burlington PD.,2,4.054,None/Other,Day,Williston Road,None,None,,VT0040300,Not at a Junction,None,5 Dorset St,Dry,U5208,"44.46839012099196,-73.18153172101552"
4246158,,"August 24, 2020, 2:55 PM",South Burlington,192 Tilley Dr,Unknown,Property Damage Only,Rear-to-rear,Clear,"Other Public Roadway (Rest Areas, Shopping Center - anything open to public)",20SB008036,So. Burlington PD.,9,999.99,None/Other,Day,,None,None,,VT0040300,Parking Lot,None,192 Tilley Dr,Wet,0,"44.448081238038554,-73.15082741982955"
4248354,,"August 24, 2020, 4:14 PM",South Burlington,155 Dorset St,Unknown,Property Damage Only,Rear-to-rear,Clear,"Other Public Roadway (Rest Areas, Shopping Center - anything open to public)",20SB008040,So. Burlington PD.,9,999.99,None/Other,Day,,None,None,,VT0040300,Parking Lot,None,155 Dorset St,Dry,0,"44.46501035626408,-73.18301072446194"
4246016,,"August 26, 2020, 7:52 AM",Colchester,E Lakeshore Drive,E. LAKESHORE DR.,Injury,"Left Turn and Thru, Broadside v<--",Clear,Federal Aid Urban System (Class 2 TH's and 3 TH's only),20CC007296,Colchester PD.,2,1.113,None/Other,Day,Suncrest Terrace,None,None,,VT0040500,T - Intersection,None,E Lakeshore Drive,Dry,U5618,"44.551036370524,-73.1957410450765"
4246119,,"August 26, 2020, 12:30 PM",Williston,500 Essex Rd,VT-2A,Property Damage Only,Rear End,Clear,"State Highway numbered route, State owned",20WT03705,Williston PD.,10,5.494,None/Other,Day,James Brown Dr,None,None,,VT0041000,Not at a Junction,None,500 Essex Rd,Dry,21,"44.47515512236942,-73.11334967030375"
4248190,,"August 26, 2020, 5:42 PM",South Burlington,I-89,I-89,Property Damage Only,Rear End,Clear,"State Highway numbered route, State owned",20A103629,VSP - A1 Williston,10,89.238,None/Other,Day,"I-89, Northbound, Mm89.0",None,None,,VTVSP0100,Not at a Junction,None,I-89,Dry,890,"44.47622537525873,-73.17899363133373"
4246112,,"August 26, 2020, 6:41 PM",Williston,10 Simon's Plaza,Unknown,Property Damage Only,Other - Explain in Narrative,Cloudy,"Other Public Roadway (Rest Areas, Shopping Center - anything open to public)",20WT03710,Williston PD.,9,999.99,None/Other,Day,US Route 2,None,None,,VT0041000,Parking Lot,None,10 Simon's Plaza,Dry,0,"44.447932098739244,-73.10596257492602"
4248921,,"August 29, 2020, 8:51 AM",Burlington,31 Lafayette Pl,LAFAYETTE PL,Injury,Same Direction Sideswipe,Clear,Street or Town Highways in FA Urban Area,20BU016521,Burlington PD,5,999.99,None/Other,Day,Pearl St,None,None,,VT0040100,Not at a Junction,None,31 Lafayette Pl,Dry,0,"44.48053144213457,-73.21013632704442"
4246455,,"September 1, 2020, 1:22 PM",South Burlington,992 Shelburne Rd,US-7,Property Damage Only,Rear End,Cloudy,"State Highway numbered route, State owned",20SB008380,So. Burlington PD.,10,1.421,None/Other,Day,Laurel Hill Dive,None,None,,VT0040300,Four-way Intersection,None,992 Shelburne Rd,Dry,70,"44.44134651465746,-73.2099656101493"
4246826,,"September 1, 2020, 3:22 PM",Williston,1355 Maple Tree Place,Unknown,Property Damage Only,Other - Explain in Narrative,Clear,"Other Public Roadway (Rest Areas, Shopping Center - anything open to public)",20WT03788,Williston PD.,9,999.99,None/Other,Day,,None,None,,VT0041000,Parking Lot,None,1355 Maple Tree Place,Dry,0,"44.443448396767046,-73.11139335970964"
4249543,,"September 1, 2020, 8:58 PM",Colchester,US Route 7,US-7,Property Damage Only,Other - Explain in Narrative,Clear,"State Highway numbered route, State owned",20CC007524,Colchester PD.,10,6.504,None/Other,Night,Roosevelt Highway,None,None,,VT0040500,Four-way Intersection,None,US Route 7,Dry,70,"44.58936010705314,-73.1664691595056"
4248456,,"September 2, 2020, 12:43 AM",Burlington,Archibald St,ARCHIBALD ST,Property Damage Only,Rear End,Clear,Street or Town Highways in FA Urban Area,20BU016773,Burlington PD,5,999.99,None/Other,Night,N Willard St,None,None,,VT0040100,Not at a Junction,None,Archibald St,Dry,0,"44.48807028475389,-73.20603780740392"
4246056,,"September 2, 2020, 6:55 AM",South Burlington,1185 Shelburne Road,US-7,Property Damage Only,Rear End,Clear,"State Highway numbered route, State owned",20SB008407,So. Burlington PD.,10,1.14,None/Other,Day,Fayette Drive,Alcohol,None,,VT0040300,Other - Explain in Narrative,None,1185 Shelburne Road,Dry,70,"44.43728445084004,-73.21038290264745"
4248208,,"September 3, 2020, 7:03 AM",Burlington,195 Archibald St,Unknown,Property Damage Only,Same Direction Sideswipe,Clear,Street or Town Highways in FA Urban Area,20BU016863,Burlington PD,5,999.99,None/Other,Day,195 Archibald St,None,None,,VT0040100,Not at a Junction,Other - Explain in Narrative,195 Archibald St,Dry,0,"44.48798908205995,-73.20567710952368"
4247692,,"September 4, 2020, 3:48 AM",South Burlington,1116 Shelburne Rd,US-7,Fatal,Head On,Clear,"State Highway numbered route, State owned",20SB008500,So. Burlington PD.,10,1.186,None/Other,Night,Baldwin Avenue,Drugs,None,,VT0040300,Four-way Intersection,None,1116 Shelburne Rd,Dry,70,"44.43794982064898,-73.2103214352902"
4247437,,"September 4, 2020, 6:49 AM",Burlington,North St,NORTH ST.,Property Damage Only,"No Turns, Thru moves only, Broadside ^<",Clear,Federal Aid Urban System (Class 2 TH's and 3 TH's only),20BU016929,Burlington PD,2,0.153,None/Other,Day,Park St,None,None,,VT0040100,Four-way Intersection,Unknown,North St,Dry,U5032,"44.48453928912152,-73.21926311445806"
4247263,,"September 4, 2020, 10:54 AM",Winooski City,50 W Center St,W. CENTER ST.,Property Damage Only,Opp Direction Sideswipe,Clear,Federal Aid Urban System (Class 2 TH's and 3 TH's only),20WS005010,Winooski PD.,2,0.134,None/Other,Day,Mayo St,None,None,,VT0040400,Not at a Junction,None,50 W Center St,Dry,U5113,"44.491245570793744,-73.18879898293613"
4249527,,"September 4, 2020, 1:48 PM",Burlington,Pine St,PINE ST.,Property Damage Only,Rear End,Clear,Federal Aid Urban System (Class 2 TH's and 3 TH's only),20BU016960,Burlington PD,2,0.518,None/Other,Day,Locust St,None,None,,VT0040100,T - Intersection,None,Pine St,Dry,U5040,"44.462978510924216,-73.21469074313227"
4246054,,"September 4, 2020, 3:51 PM",Essex,Susie Wilson,SUSIE WILSON RD.,Property Damage Only,"Left Turn and Thru, Head On ^v--",Clear,Federal Aid Urban System (Class 2 TH's and 3 TH's only),20ES04929,Essex PD.,2,0.48,None/Other,Day,Kellogg Road,None,None,,VT0040200,Four-way Intersection,None,Susie Wilson,Dry,U5410,"44.509580662520165,-73.13178012134283"
4249348,,"September 6, 2020, 2:32 PM",Westford,VT Route 128,VT-128,Injury,Single Vehicle Crash,Clear,"State Highway numbered route, State owned",20A103770,VSP - A1 Williston,10,3.94,None/Other,Day,Brookside Rd,None,None,,VTVSP0100,Four-way Intersection,Other - Explain in Narrative,VT Route 128,Dry,1280,"44.612022489176724,-73.01173841534269"
4249431,,"September 6, 2020, 4:06 PM",Colchester,WEST LAKESHORE DRIVE,VT. 127 TH,Property Damage Only,Rear End,Clear,Federal Aid Urban System (Class 2 TH's and 3 TH's only),20CC007721,Colchester PD.,2,2.204,None/Other,Day,PRIM ROAD,None,None,,VT0040500,T - Intersection,None,WEST LAKESHORE DRIVE,Dry,U5600,"44.55144601526838,-73.23368230220711"
4247538,,"September 6, 2020, 5:04 PM",South Burlington,861 Williston Rd,Unknown,Property Damage Only,Rear-to-rear,Clear,"Other Public Roadway (Rest Areas, Shopping Center - anything open to public)",20SB008605,So. Burlington PD.,9,999.99,None/Other,Day,Williston Rd,None,None,,VT0040300,Parking Lot,,861 Williston Rd,,0,"44.47107278116687,-73.18804585205326"
4246038,,"September 7, 2020, 7:18 AM",Colchester,ROOSEVELT HIGHWAY,US-7,Property Damage Only,"No Turns, Thru moves only, Broadside ^<",Cloudy,"State Highway numbered route, State owned",20CC007735,Colchester PD.,10,4.95,Deer,Day,COLLINS FARM ROAD,None,None,,VT0040500,Not at a Junction,,ROOSEVELT HIGHWAY,,70,"44.56897388805087,-73.1551235463773"
4246805,,"September 7, 2020, 7:57 AM",Burlington,661 Pine St,Unknown,Property Damage Only,Other - Explain in Narrative,Clear,"Other Public Roadway (Rest Areas, Shopping Center - anything open to public)",20BU017174,Burlington PD,9,999.99,None/Other,Day,Cumberland Farms,None,Heavy Truck,,VT0040100,Parking Lot,None,661 Pine St,Dry,0,"44.46078128948838,-73.21505373448518"
4246995,,"September 7, 2020, 3:11 PM",Winooski City,277 E Allen St,Unknown,Property Damage Only,Same Direction Sideswipe,Cloudy,"Other Public Roadway (Rest Areas, Shopping Center - anything open to public)",20WS005097,Winooski PD.,9,999.99,None/Other,Day,Parking Lot,None,None,,VT0040400,Parking Lot,None,277 E Allen St,Dry,0,"44.4935807943041,-73.1759260593372"
4246057,,"September 8, 2020, 4:29 PM",South Burlington,1355 Williston Rd,Unknown,Injury,Other - Explain in Narrative,Cloudy,"Other Public Roadway (Rest Areas, Shopping Center - anything open to public)",20SB008696,So. Burlington PD.,9,999.99,None/Other,Day,The Rotisserie Restaurant,None,Pedestrian,,VT0040300,Parking Lot,None,1355 Williston Rd,Dry,0,"44.46658348506552,-73.1704569303624"
4248900,,"September 9, 2020, 4:11 PM",Burlington,Shelburne Rd,US-7,Injury,"Right Turn and Thru, Same Direction Sideswipe/Angle Crash ^^--",Clear,"State Highway numbered route, Class 1 TH",20BU017346,Burlington PD,11,0.647,None/Other,Day,Flynn Ave,None,Bicycle,,VT0040100,Four-way Intersection,None,Shelburne Rd,Dry,70,"44.45500486889629,-73.20861531360465"
4248526,,"September 9, 2020, 5:00 PM",Essex,College Pkwy,VT-15,Property Damage Only,Rear End,Clear,"State Highway numbered route, State owned",20ES05035,Essex PD.,10,0.43,None/Other,Day,Susie Wilson Rd,None,None,,VT0040200,T - Intersection,None,College Pkwy,Dry,150,"44.50409334589858,-73.14106969183675"
4247188,,"September 10, 2020, 2:30 PM",South Burlington,Hinesburg Rd,VT-116,Property Damage Only,"Left Turn and Thru, Angle Broadside -->v--",Cloudy,"State Highway numbered route, State owned",20SB008763,So. Burlington PD.,10,2.789,None/Other,Day,Old Farm Rd,None,None,,VT0040300,Crossover,None,Hinesburg Rd,Dry,1160,"44.449942469880575,-73.15765926306689"