ObjectID,Mapped,Crash Date,City/Town,Address,AOT Route,Crash Type,Collision Direction,Weather,Road Group,Report Number,Reporting Agency,Road Group ID,AOT Actual Milepoint,Animal,Time of Day,Intersection With,Impairment,Involving,Non Reportable Address,Reporting Agency ID,Road Characteristics,Road Condition,Street Address,Surface Condition,AOT Route ID,Coordinates
4246066,,"September 10, 2020, 6:38 PM",Burlington,Booth St,BOOTH ST,Property Damage Only,Same Direction Sideswipe,Cloudy,Street or Town Highways in FA Urban Area,20BU017418,Burlington PD,5,999.99,None/Other,Day,Loomis st,None,None,,VT0040100,T - Intersection,None,Booth St,Dry,0,"44.48321915624966,-73.20669904134496"
4246031,,"September 12, 2020, 9:25 AM",Essex,13 Susie Wilson Rd,SUSIE WILSON RD.,Injury,"Left Turn and Thru, Angle Broadside -->v--",Clear,Federal Aid Urban System (Class 2 TH's and 3 TH's only),20ES05090,Essex PD.,2,0.12,None/Other,Day,Pinecrest Dr,None,Bicycle,,VT0040200,Four-way Intersection,None,13 Susie Wilson Rd,Dry,U5410,"44.505678896847705,-73.13644589787776"
4247832,,"September 12, 2020, 2:49 PM",Essex,13 Susie Wilson Rd,SUSIE WILSON RD.,Injury,"No Turns, Thru moves only, Broadside ^<",Clear,Federal Aid Urban System (Class 2 TH's and 3 TH's only),20ES05098,Essex PD.,2,0.07,None/Other,Day,Pinecrest Dr,None,None,,VT0040200,Four-way Intersection,None,13 Susie Wilson Rd,Dry,U5410,"44.50513486999192,-73.13710225027069"
4248224,,"September 12, 2020, 3:26 PM",Williston,759 Harvest Lane,Unknown,Property Damage Only,Rear End,Clear,"Other Public Roadway (Rest Areas, Shopping Center - anything open to public)",20WT03932,Williston PD.,9,999.99,None/Other,Day,Harvest Lane,None,None,,VT0041000,Parking Lot,None,759 Harvest Lane,Dry,0,"44.44127407241497,-73.11879105395798"
4246134,,"September 12, 2020, 7:16 PM",South Burlington,55 Dorset St,DORSET ST.,Property Damage Only,Same Direction Sideswipe,Clear,Federal Aid Urban System (Class 2 TH's and 3 TH's only),20SB008858,So. Burlington PD.,2,3.854,None/Other,Night,Market St,None,None,,VT0040300,Not at a Junction,None,55 Dorset St,Dry,U5208,"44.46553232477979,-73.18106452408647"
4249606,,"September 12, 2020, 8:40 PM",South Burlington,1251 US-2,Unknown,Property Damage Only,Rear End,Clear,"Other Public Roadway (Rest Areas, Shopping Center - anything open to public)",20SB008862,So. Burlington PD.,9,999.99,None/Other,Night,Williston Rd,None,None,,VT0040300,Not at a Junction,None,1251 US-2,Dry,0,"44.46717028371263,-73.1739120350318"
4246298,,"September 14, 2020, 11:20 AM",Burlington,Carrigan Dr,CARRIGAN DR,Property Damage Only,Same Direction Sideswipe,Clear,"Other Public Roadway (Rest Areas, Shopping Center - anything open to public)",20BU017625,Burlington PD,9,999.99,None/Other,Day,Carrigan Dr,None,None,,VT0040100,T - Intersection,None,Carrigan Dr,,0,"44.47745613582483,-73.19432261208776"
4255162,,"September 22, 2020, 12:44 PM",Colchester,MAIN STREET,VT-2A,Fatal,Head On,Clear,"State Highway numbered route, State owned",20CC008182,Colchester PD.,10,0.297,None/Other,Day,HAZELWOOD PLACE,None,None,,VT0040500,T - Intersection,None,MAIN STREET,Dry,21,"44.5317409064797,-73.13270083731659"
4251194,,"September 24, 2020, 7:40 AM",Burlington,Austin Dr,AUSTIN DR,Property Damage Only,Single Vehicle Crash,Clear,Street or Town Highways in FA Urban Area,20BU018191,Burlington PD,5,999.99,None/Other,Day,Ledgewood Circle,None,None,,VT0040100,Not at a Junction,None,Austin Dr,Dry,0,"44.45165794684449,-73.22130994477529"
4251033,,"September 25, 2020, 4:01 PM",Williston,5127 St George Road,VT-2A,Injury,Rear End,Clear,"State Highway numbered route, State owned",20WT4149,Williston PD.,10,0.919,None/Other,Day,Laclair Lane,None,None,,VT0041000,Driveway,None,5127 St George Road,Dry,21,"44.41091025569027,-73.12483430130112"
4255213,,"September 25, 2020, 6:30 PM",Colchester,1659 Main Street,Unknown,Property Damage Only,Other - Explain in Narrative,Clear,Private Property (Driveways),20CC008316,Colchester PD.,8,999.99,None/Other,Day,Parking Lto,None,None,,VT0040500,Parking Lot,None,1659 Main Street,Dry,0,"44.537062100544205,-73.13746135804627"
4247743,,"September 29, 2020, 1:15 PM",Williston,57 Munson Rd,MUNSON DR,Property Damage Only,Rear-to-rear,Clear,"Other Public Roadway (Rest Areas, Shopping Center - anything open to public)",20WT04176,Williston PD.,9,999.99,None/Other,Day,Vermont Discount Store,None,None,,VT0041000,Parking Lot,None,57 Munson Rd,,0,"44.45750752078392,-73.1276361423654"
4249599,,"October 4, 2020, 4:19 PM",Colchester,I89 SB OFF RAMP EXIT 17,I-89,Property Damage Only,Rear End,Clear,Ramp or Spur,20CC008543,Colchester PD.,7,0.15,None/Other,Day,ROOSEVELT HIGHWAY,None,None,,VT0040500,Four-way Intersection,Unknown,I89 SB OFF RAMP EXIT 17,Dry,890,"44.590270447330255,-73.17147212963691"
4255196,,"October 5, 2020, 10:05 AM",Hinesburg,695 RICHMOND RD,RICHMOND RD,Property Damage Only,Same Direction Sideswipe,Clear,Federal Aid Secondary System (Class 2 TH),20HB01032,Hinesburg PD.,3,1.601,None/Other,Day,IROQUOIS MANUFACTURING,None,None,,VT0041200,Not at a Junction,Work zone (construction / maintenance / utility),695 RICHMOND RD,Dry,S0209,"44.34604579109132,-73.0925838165225"
4245933,,"October 8, 2020, 12:20 AM",Burlington,N Willard St,US-7,Property Damage Only,Rear End,Clear,"State Highway numbered route, Class 1 TH",20BU019139,Burlington PD,11,2.81,None/Other,Night,Charles St,None,None,,VT0040100,Not at a Junction,None,N Willard St,Dry,70,"44.486138628318905,-73.20594583242416"
4247080,,"October 8, 2020, 7:55 PM",Burlington,454 Riverside Ave,US-7,Injury,"Left Turn and Thru, Angle Broadside -->v--",Clear,"State Highway numbered route, Class 1 TH",20BU019209,Burlington PD,11,3.315,None/Other,Night,Cumberland Farms,Alcohol,None,,VT0040100,Not at a Junction,None,454 Riverside Ave,Dry,70,"44.488461919134714,-73.20061561252331"
4249917,,"October 9, 2020, 5:34 PM",South Burlington,10 Farrell St,SWIFT ST.,Property Damage Only,Rear End,Clear,Federal Aid Urban System (Class 2 TH's and 3 TH's only),20SB009882,So. Burlington PD.,2,0.273,None/Other,Day,Farrell St,None,None,,VT0040300,Not at a Junction,None,10 Farrell St,Dry,U5224,"44.44557904302455,-73.20384268779723"
4249477,,"October 10, 2020, 6:48 PM",Burlington,St Paul St,ALTERNATE US-7,Property Damage Only,Same Direction Sideswipe,Cloudy,"State Highway numbered route, Class 1 TH",20BU019361,Burlington PD,11,0.36,None/Other,Night,Howard St,None,None,,VT0040100,Not at a Junction,None,St Paul St,Dry,9993,"44.46723655351628,-73.20964855234193"
4249589,,"October 12, 2020, 1:46 PM",Colchester,LOWER MOUNTAIN VIEW DRIVE,ROOSEVELT HWY,Property Damage Only,Rear End,Clear,Street or Town Highways in FA Urban Area,20CC008780,Colchester PD.,5,999.99,None/Other,Day,ROUTE 7,None,None,,VT0040500,T - Intersection,None,LOWER MOUNTAIN VIEW DRIVE,Dry,0,"44.507395278329675,-73.18041182530314"
4249605,,"October 13, 2020, 1:20 PM",Burlington,North Ave,NORTH AVE.,Injury,"Left Turn and Thru, Angle Broadside -->v--",Rain,Federal Aid Urban System (Class 2 TH's and 3 TH's only),20BU019519,Burlington PD,2,3.09,None/Other,Day,Franklin Sq,None,None,,VT0040100,T - Intersection,None,North Ave,Wet,U5026,"44.51556193372803,-73.25652300348762"
4249403,,"October 14, 2020, 11:28 AM",Williston,2A,VT-2A,Injury,"Left Turn and Thru, Angle Broadside -->v--",Clear,"State Highway numbered route, State owned",20WT04420,Williston PD.,10,3.721,None/Other,Day,Williston Road,None,None,,VT0041000,Four-way Intersection,None,2A,Dry,21,"44.4496091908502,-73.11097355387811"
4246385,,"October 14, 2020, 5:02 PM",Colchester,Malletts Bay Avenue,MALLETTS BAY AVE.,Property Damage Only,Single Vehicle Crash,Clear,Federal Aid Urban System (Class 2 TH's and 3 TH's only),20CC008854,Colchester PD.,2,1.843,None/Other,Day,Lavigne Road,None,None,,VT0040500,T - Intersection,None,Malletts Bay Avenue,Dry,U5608,"44.52421312001719,-73.2043732482791"
4247824,,"October 16, 2020, 7:39 PM",Colchester,Roosevelt Highway,US-7,Injury,"No Turns, Thru moves only, Broadside ^<",Rain,"State Highway numbered route, State owned",20CC008937,Colchester PD.,10,1.982,None/Other,Night,Blakely Road,None,None,,VT0040500,Four-way Intersection,None,Roosevelt Highway,Wet,70,"44.52885309554536,-73.17196921810772"
4255120,,"October 17, 2020, 4:41 PM",Richmond,Richmond Park And Ride,Unknown,Property Damage Only,Rear End,Clear,"Other Public Roadway (Rest Areas, Shopping Center - anything open to public)",20RM00500,Richmond PD.,9,999.99,None/Other,Day,W Main St,None,None,,VT0040800,Parking Lot,None,Richmond Park And Ride,Dry,0,"44.42319755716074,-73.00700187395007"
4246694,,"October 17, 2020, 10:32 PM",Burlington,Elmwood Ave,ELMWOOD AVE,Property Damage Only,Head On,Clear,Street or Town Highways in FA Urban Area,20BU019813,Burlington PD,5,999.99,None/Other,Night,Grant St,None,None,,VT0040100,T - Intersection,,Elmwood Ave,Dry,0,"44.48222965598345,-73.21368112463313"
4249253,,"October 17, 2020, 10:57 PM",Colchester,US Route 2,US-2,Property Damage Only,"No Turns, Thru moves only, Broadside ^<",Clear,"State Highway numbered route, State owned",20CC008974,Colchester PD.,10,1.944,None/Other,Night,Exit 17 Ramp,Alcohol,None,,VT0040500,Four-way Intersection,None,US Route 2,Dry,20,"44.590244286875105,-73.17148945976878"
4250457,,"October 19, 2020, 12:15 AM",Burlington,345 Northgate Rd,NORTHGATE RD,Property Damage Only,Opp Direction Sideswipe,Clear,Street or Town Highways in FA Urban Area,20BU019882,Burlington PD,5,999.99,None/Other,Night,North Ave,None,None,,VT0040100,Parking Lot,None,345 Northgate Rd,Dry,0,"44.520850946705835,-73.26367390659854"
4246382,,"October 20, 2020, 7:13 PM",South Burlington,155 Dorset St,Unknown,Property Damage Only,Same Direction Sideswipe,Clear,"Other Public Roadway (Rest Areas, Shopping Center - anything open to public)",20SB010249,So. Burlington PD.,9,999.99,None/Other,Night,Applebees,None,None,,VT0040300,Parking Lot,None,155 Dorset St,Dry,0,"44.46570760510748,-73.18379800970791"
4254486,,"October 22, 2020, 1:01 PM",Colchester,Roosevelt Highway,US-7,Property Damage Only,Single Vehicle Crash,Clear,"State Highway numbered route, State owned",20CC009092,Colchester PD.,10,5.832,Deer,Day,Grandview Road,None,None,,VT0040500,Not at a Junction,None,Roosevelt Highway,Dry,70,"44.58075745448995,-73.16130838555875"
4255167,,"October 23, 2020, 5:43 PM",Colchester,SEVERANCE ROAD,SEVERANCE ROAD,Injury,Rear End,Clear,Federal Aid Urban System (Class 2 TH's and 3 TH's only),20CC009130,Colchester PD.,2,0.59,None/Other,Day,EAGLE PARK DRIVE,None,None,,VT0040500,Not at a Junction,None,SEVERANCE ROAD,Dry,U5616,"44.52496107759747,-73.16178100737062"
4245083,,"October 23, 2020, 9:46 PM",South Burlington,1519 Shelburne Rd,US-7,Property Damage Only,Rear End,Clear,"State Highway numbered route, State owned",20SB010374,So. Burlington PD.,10,0.861,None/Other,Night,Idx Dr,None,None,,VT0040300,Four-way Intersection,None,1519 Shelburne Rd,Dry,70,"44.433251550850855,-73.21080157184767"
4252976,,"October 26, 2020, 6:20 PM",Burlington,College St,COLLEGE ST.,Property Damage Only,"No Turns, Thru moves only, Broadside ^<",Rain,Federal Aid Urban System (Class 2 TH's and 3 TH's only),20BU020330,Burlington PD,2,0.793,None/Other,Night,S Williams St,None,None,,VT0040100,Four-way Intersection,None,College St,Wet,U5068,"44.47761942221716,-73.20309830199668"
4250446,,"October 29, 2020, 6:41 PM",South Burlington,1184 Shelburne Road,US-7,Injury,Single Vehicle Crash,Cloudy,"State Highway numbered route, State owned",20SH06027,Shelburne PD.,10,1.132,None/Other,Night,,None,Bicycle,,VT0040700,Not at a Junction,None,1184 Shelburne Road,Wet,70,"44.43716878206064,-73.21039459000333"
4249900,,"October 30, 2020, 3:33 PM",South Burlington,550 Dorset St,DORSET ST.,Property Damage Only,Same Direction Sideswipe,Clear,Federal Aid Urban System (Class 2 TH's and 3 TH's only),20SB010579,So. Burlington PD.,2,3.161,None/Other,Day,,None,None,,VT0040300,Not at a Junction,None,550 Dorset St,Dry,U5208,"44.45560423032725,-73.17918520266818"
4249338,,"October 31, 2020, 3:53 PM",Shelburne,Hinesburg-Shelburne Road,HINESBURG RD.,Property Damage Only,Single Vehicle Crash,Cloudy,Federal Aid Urban System (Class 2 TH's and 3 TH's only),20SH06062,Shelburne PD.,2,0.885,None/Other,Day,Dorset Street,None,None,,VT0040700,Y - Intersection,Other - Explain in Narrative,Hinesburg-Shelburne Road,Dry,U5715,"44.364826266740955,-73.17836813255454"
4249037,,"October 31, 2020, 8:31 PM",Charlotte,5019 Ethan Allen Highway,US-7,Property Damage Only,Head On,Clear,"State Highway numbered route, State owned",20A104479,VSP - A1 Williston,10,1.54,None/Other,Night,Lower Old Town Trail,None,None,,VTVSP0100,Not at a Junction,None,5019 Ethan Allen Highway,Dry,70,"44.284876727415345,-73.23833588701947"
4245976,,"October 31, 2020, 10:15 PM",Shelburne,Webster Road,WEBSTER ROAD,Property Damage Only,Single Vehicle Crash,Clear,Federal Aid Urban System (Class 2 TH's and 3 TH's only),20SH06068,Shelburne PD.,2,0.118,None/Other,Night,Webster Road Access,None,None,,VT0040700,Y - Intersection,None,Webster Road,Dry,U5722,"44.38784948965308,-73.22265330780336"
4247719,,"November 1, 2020, 10:21 AM",Burlington,42 Birch Ct,Unknown,Injury,Other - Explain in Narrative,Cloudy,Street or Town Highways in FA Urban Area,20BU020641,Burlington PD,5,999.99,None/Other,Day,Birch Ct,None,None,,VT0040100,Driveway,None,42 Birch Ct,Dry,0,"44.51522466355776,-73.25376094766247"
4245986,,"November 2, 2020, 11:23 PM",Williston,Marshall Ave,MARSHALL AVE.,Property Damage Only,Single Vehicle Crash,Freezing Precipitation,Federal Aid Urban System (Class 2 TH's and 3 TH's only),20WT04682,Williston PD.,2,0.012,None/Other,Night,Shunpike Road,None,None,,VT0041000,Not at a Junction,"Road Surface Condition(wet, icy, snow, slush, etc)",Marshall Ave,Snow,U5505,"44.45267393842993,-73.13647781650396"
4247050,,"November 3, 2020, 9:18 AM",Essex,3 Kellogg Rd #2,SUSIE WILSON RD.,Property Damage Only,"Left Turn and Thru, Broadside v<--",Clear,Federal Aid Urban System (Class 2 TH's and 3 TH's only),20ES06060,Essex PD.,2,0.48,None/Other,Day,,None,None,,VT0040200,Four-way Intersection,"Road Surface Condition(wet, icy, snow, slush, etc)",3 Kellogg Rd #2,Wet,U5410,"44.509580662520165,-73.13178012134283"
4245950,,"November 3, 2020, 4:09 PM",Winooski City,Main St,US-7,Property Damage Only,Same Direction Sideswipe,Clear,"State Highway numbered route, Class 1 TH",20WS006119,Winooski PD.,11,0.923,None/Other,Day,Tigan St,None,None,,VT0040400,T - Intersection,None,Main St,Dry,70,"44.501283355204706,-73.18292419448281"
4255139,,"November 4, 2020, 10:06 AM",Colchester,Malletts Bay Avenue,MALLETTS BAY AVE.,Property Damage Only,Single Vehicle Crash,Clear,Federal Aid Urban System (Class 2 TH's and 3 TH's only),20CC009448,Colchester PD.,2,1.83,None/Other,Day,Lavigne Road,None,None,,VT0040500,Not at a Junction,None,Malletts Bay Avenue,Dry,U5608,"44.524106611178105,-73.20415701551"
4251674,,"November 4, 2020, 11:00 AM",South Burlington,1795 Shelburne Rd,Unknown,Property Damage Only,"Right Turn and Thru, Same Direction Sideswipe/Angle Crash ^^--",Clear,"Other Public Roadway (Rest Areas, Shopping Center - anything open to public)",20SB010759,So. Burlington PD.,9,999.99,None/Other,Day,Mazda  Parking Lot,None,None,,VT0040300,Parking Lot,,1795 Shelburne Rd,Dry,0,"44.42350124119532,-73.21243014833765"
4245937,,"November 5, 2020, 12:30 PM",South Burlington,41 Hinesburg Rd,Unknown,Property Damage Only,Opp Direction Sideswipe,Clear,"Other Public Roadway (Rest Areas, Shopping Center - anything open to public)",20SB010797,So. Burlington PD.,9,999.99,None/Other,Day,,None,None,,VT0040300,Parking Lot,None,41 Hinesburg Rd,Dry,0,"44.46609289635926,-73.17195173916892"
4246582,,"November 5, 2020, 6:35 PM",Burlington,Main St,US-2,Property Damage Only,Same Direction Sideswipe,Clear,"State Highway numbered route, Class 1 TH",20BU020860,Burlington PD,11,0.277,None/Other,Night,S Prospect St,None,Heavy Truck,,VT0040100,Not at a Junction,None,Main St,Dry,20,"44.4763931998597,-73.19981838019311"
4245978,,"November 6, 2020, 4:09 PM",Colchester,COLLEGE PARKWAY,VT-15,Property Damage Only,Rear End,Clear,"State Highway numbered route, State owned",20CC009527,Colchester PD.,10,0.245,None/Other,Day,CAMPUS ROAD,None,None,,VT0040500,Not at a Junction,None,COLLEGE PARKWAY,Dry,150,"44.49296573045672,-73.16618551103682"
4246646,,"November 9, 2020, 7:30 AM",South Burlington,,I-89,Property Damage Only,Single Vehicle Crash,Clear,Ramp or Spur,20A104603,VSP - A1 Williston,7,0.154,None/Other,Day,Exit 13,None,None,,VTVSP0100,Off Ramp,None,,Dry,890,"44.45351841937762,-73.18078204894034"
4249714,,"November 9, 2020, 1:45 PM",Burlington,1 S Prospect St,S PROSPECT ST.,Injury,"Left Turn and Thru, Broadside v<--",Clear,Federal Aid Urban System (Class 2 TH's and 3 TH's only),20BU021142,Burlington PD,2,0.22,None/Other,Day,S Prospect St,None,Bicycle,,VT0040100,T - Intersection,None,1 S Prospect St,Dry,U5050,"44.47958753886144,-73.20052559558596"
4254991,,"November 9, 2020, 1:45 PM",Colchester,609 BLAKELY ROAD,VT. 127 TH,Property Damage Only,Rear End,Clear,Federal Aid Urban System (Class 2 TH's and 3 TH's only),20CC009600,Colchester PD.,2,3.75,None/Other,Day,MALLETTS BAY AVENUE,None,None,,VT0040500,Not at a Junction,None,609 BLAKELY ROAD,Dry,U5600,"44.538822263615806,-73.20937508872498"
4245929,,"November 9, 2020, 3:55 PM",Colchester,61 College Parkway,VT-15,Property Damage Only,Same Direction Sideswipe,Clear,"State Highway numbered route, State owned",20CC009605,Colchester PD.,10,0.059,None/Other,Day,Gorge Road,None,None,,VT0040500,Not at a Junction,None,61 College Parkway,Dry,150,"44.493228814120954,-73.16995601714939"
4249197,,"November 10, 2020, 1:34 PM",Milton,Us Route 7,US-7,Property Damage Only,Rear End,Clear,"State Highway numbered route, State owned",20MT006211,Milton PD.,10,4.35,None/Other,Day,River St,None,None,,VT0040600,T - Intersection,"Road Surface Condition(wet, icy, snow, slush, etc)",Us Route 7,Dry,70,"44.6301705505132,-73.1158925238094"
4246111,,"November 10, 2020, 4:18 PM",Colchester,ROOSEVELT HIGHWAY,US-7,Property Damage Only,Rear End,Clear,"State Highway numbered route, State owned",20CC009631,Colchester PD.,10,3.11,None/Other,Day,,None,None,,VT0040500,T - Intersection,None,ROOSEVELT HIGHWAY,Dry,70,"44.54407803014216,-73.16742013749989"
4245968,,"November 11, 2020, 6:42 PM",Colchester,HEINEBERG DRIVE,VT. 127 TH,Property Damage Only,Same Direction Sideswipe,Rain,Federal Aid Urban System (Class 2 TH's and 3 TH's only),20CC009671,Colchester PD.,2,0.114,Deer,Night,PLATTSBURG AVENUE,None,None,,VT0040500,Not at a Junction,None,HEINEBERG DRIVE,Wet,U5600,"44.52653620315264,-73.2554280081207"
4248649,,"November 12, 2020, 5:21 AM",Essex,434 Susie Wilson Bypass,SUSIE WILSON RD.,Property Damage Only,Head On,Clear,Federal Aid Urban System (Class 2 TH's and 3 TH's only),20ES06219,Essex PD.,2,0.83,Deer,Night,Andrew Ave,None,None,,VT0040200,Not at a Junction,None,434 Susie Wilson Bypass,Dry,U5410,"44.51435067215403,-73.13061028791387"
4248423,,"November 12, 2020, 6:39 AM",South Burlington,Williston Rd,US-2,Property Damage Only,Rear End,Clear,"State Highway numbered route, Class 1 TH",20SB011007,So. Burlington PD.,11,0.18,None/Other,Day,I-89,None,None,,VT0040300,Off Ramp,None,Williston Rd,Dry,20,"44.47100175507284,-73.18683132936938"
4247750,,"November 12, 2020, 11:14 AM",Williston,ZEPHYR ROAD,ZEPHYR RD,Property Damage Only,"No Turns, Thru moves only, Broadside ^<",Clear,"Other Public Roadway (Rest Areas, Shopping Center - anything open to public)",20WT04779,Williston PD.,9,999.99,None/Other,Day,STILLWATER LANE,None,None,,VT0041000,Four-way Intersection,None,ZEPHYR ROAD,Dry,0,"44.4502055116476,-73.10491816778956"
4247085,,"November 12, 2020, 4:22 PM",Essex,90 VT-15,VT-15,Property Damage Only,Rear End,Clear,"State Highway numbered route, State owned",20ES06233,Essex PD.,10,5.01,None/Other,Day,Sunset Rd,None,None,,VT0040200,T - Intersection,None,90 VT-15,Dry,150,"44.51088697663862,-73.06574082792362"
4249304,,"November 13, 2020, 2:27 PM",Burlington,1384 North Ave,NORTH AVE.,Injury,Single Vehicle Crash,Clear,Federal Aid Urban System (Class 2 TH's and 3 TH's only),20BU021408,Burlington PD,2,2.733,None/Other,Day,1384 North Ave,None,None,,VT0040100,Not at a Junction,None,1384 North Ave,Dry,U5026,"44.51205182803676,-73.2517768546895"
4247144,,"November 13, 2020, 5:30 PM",Winooski City,Main St,US-7,Property Damage Only,Other - Explain in Narrative,Clear,"State Highway numbered route, Class 1 TH",20WS006303,Winooski PD.,11,0.2,None/Other,Night,E Allen St,None,None,,VT0040400,Traffic circle / roundabout,None,Main St,Dry,70,"44.491416589607304,-73.18643489486604"
4255152,,"November 13, 2020, 6:29 PM",Essex,156 Colchester Rd,VT-2A,Property Damage Only,Rear End,Clear,"State Highway numbered route, State owned",20ES06244,Essex PD.,10,2.12,None/Other,Night,Pinecrest Dr,None,None,,VT0040200,Not at a Junction,None,156 Colchester Rd,Dry,21,"44.51057192173566,-73.1189939306629"
4249533,,"November 14, 2020, 1:42 PM",Williston,MAPLE TREE PLACE,SYCAMORE ST,Property Damage Only,Rear End,Clear,"Other Public Roadway (Rest Areas, Shopping Center - anything open to public)",20WT04814,Williston PD.,9,999.99,None/Other,Day,SYCAMORE STREET,None,None,,VT0041000,Traffic circle / roundabout,None,MAPLE TREE PLACE,Dry,0,"44.44331320922545,-73.10974630001321"
4245962,,"November 14, 2020, 4:20 PM",South Burlington,Dorset Street,DORSET ST.,Property Damage Only,"Left Turn and Thru, Angle Broadside -->v--",Clear,Federal Aid Urban System (Class 2 TH's and 3 TH's only),20SB011094,So. Burlington PD.,2,1.706,None/Other,Day,1277 Dorset St,None,None,,VT0040300,T - Intersection,None,Dorset Street,Dry,U5208,"44.43469012608608,-73.17568923842491"
4245940,,"November 14, 2020, 7:21 PM",Burlington,51 Stirling Pl,Unknown,Property Damage Only,Other - Explain in Narrative,Rain,Street or Town Highways in FA Urban Area,20BU021418,Burlington PD,5,999.99,None/Other,Night,Stirling Pl,None,None,,VT0040100,Not at a Junction,Unknown,51 Stirling Pl,Unknown,0,"44.50555054353227,-73.2583390922994"
4247567,,"November 15, 2020, 7:24 PM",Burlington,595 Shelburne Rd,US-7,Property Damage Only,"No Turns, Thru moves only, Broadside ^<",Rain,"State Highway numbered route, Class 1 TH",20BU021458,Burlington PD,11,0.166,None/Other,Night,I-89,None,None,,VT0040100,Four-way Intersection,"Road Surface Condition(wet, icy, snow, slush, etc)",595 Shelburne Rd,Wet,70,"44.448337747018,-73.20922868704712"
4255219,,"November 16, 2020, 9:08 AM",Burlington,93 S Winooski Ave,S WINOOSKI AVE,Injury,Other - Explain in Narrative,Clear,"Other Public Roadway (Rest Areas, Shopping Center - anything open to public)",20BU021472,Burlington PD,9,999.99,None/Other,Day,Bank St,None,Pedestrian,,VT0040100,Parking Lot,None,93 S Winooski Ave,Dry,0,"44.478239910467536,-73.21110170038551"
4247195,,"November 16, 2020, 10:05 AM",Williston,1079 N Williston Rd,NO. WILLISTON ROAD,Property Damage Only,Head On,Rain,Federal Aid Urban System (Class 2 TH's and 3 TH's only),20WT04834,Williston PD.,2,1.084,None/Other,Day,Mountain View Rd,Alcohol,None,,VT0041000,Not at a Junction,None,1079 N Williston Rd,Wet,U5508,"44.45145983318281,-73.05910037647179"
4251139,,"November 16, 2020, 2:19 PM",South Burlington,1100 Hinesburg Rd,Unknown,Property Damage Only,Other - Explain in Narrative,Clear,"Other Public Roadway (Rest Areas, Shopping Center - anything open to public)",20SB011152,So. Burlington PD.,9,999.99,None/Other,Day,,None,Heavy Truck,,VT0040300,Not at a Junction,None,1100 Hinesburg Rd,Dry,0,"44.44014254516261,-73.15730896113801"
4255180,,"November 20, 2020, 3:39 PM",Colchester,College Parkway,VT-15,Property Damage Only,Rear End,Clear,"State Highway numbered route, State owned",20CC009949,Colchester PD.,10,0.553,None/Other,Day,Campus Road,None,None,,VT0040500,Four-way Intersection,None,College Parkway,Dry,150,"44.49482685240743,-73.16166154197637"
4255223,,"November 21, 2020, 3:56 PM",Colchester,MAIN STREET,VT-2A,Property Damage Only,Same Direction Sideswipe,Clear,"State Highway numbered route, State owned",20CC009986,Colchester PD.,10,1.473,None/Other,Day,MILL POND ROAD,None,Heavy Truck,,VT0040500,Four-way Intersection,None,MAIN STREET,Dry,21,"44.5437838989505,-73.14822394923365"
4246754,,"November 21, 2020, 4:36 PM",Burlington,S Union St,S UNION ST.,Property Damage Only,Rear End,Clear,Federal Aid Urban System (Class 2 TH's and 3 TH's only),20BU021822,Burlington PD,2,0.988,None/Other,Day,Buell St,None,None,,VT0040100,T - Intersection,None,S Union St,Dry,U5052,"44.479099635067385,-73.20918338072252"
4247093,,"November 21, 2020, 6:00 PM",Winooski City,Follett St,FOLLETT ST,Property Damage Only,"No Turns, Thru moves only, Broadside ^<",Clear,Street or Town Highways in FA Urban Area,20WS006473,Winooski PD.,5,999.99,None/Other,Night,W Center St,None,None,,VT0040400,Four-way Intersection,None,Follett St,Dry,0,"44.4907411845937,-73.18728384136553"
4255005,,"November 25, 2020, 5:10 AM",Colchester,ROOSEVELT HIGHWAY,US-7,Property Damage Only,Opp Direction Sideswipe,Freezing Precipitation,"State Highway numbered route, State owned",20CC010088,Colchester PD.,10,6.511,None/Other,Night,ROUTE 2,None,None,,VT0040500,T - Intersection,"Road Surface Condition(wet, icy, snow, slush, etc)",ROOSEVELT HIGHWAY,Snow,70,"44.589456623214694,-73.16645804272214"
4255246,,"November 25, 2020, 5:19 AM",Essex,255 VT-15,VT-15,Property Damage Only,Rear End,Freezing Precipitation,"State Highway numbered route, State owned",20ES06457,Essex PD.,10,0.55,None/Other,Night,Susie Wilson Rd,None,None,,VT0040200,T - Intersection,"Road Surface Condition(wet, icy, snow, slush, etc)",255 VT-15,Snow,150,"44.50387943850377,-73.13861055601227"
4255236,,"November 25, 2020, 5:25 AM",Milton,I-89 MM 102.4,I-89,Property Damage Only,Single Vehicle Crash,Freezing Precipitation,"State Highway numbered route, State owned",20A104766,VSP - A1 Williston,10,102.4,None/Other,Night,Quail Hollow Dr,None,None,,VTVSP0100,Four-way Intersection,"Road Surface Condition(wet, icy, snow, slush, etc)",I-89 MM 102.4,Ice,890,"44.64786868671484,-73.1404601327332"