ObjectID,Mapped,Crash Date,City/Town,Address,AOT Route,Crash Type,Collision Direction,Weather,Road Group,Report Number,Reporting Agency,Road Group ID,AOT Actual Milepoint,Animal,Time of Day,Intersection With,Impairment,Involving,Non Reportable Address,Reporting Agency ID,Road Characteristics,Road Condition,Street Address,Surface Condition,AOT Route ID,Coordinates
4255183,,"November 25, 2020, 5:27 AM",Winooski City,E Spring St,E SPRING ST.,Property Damage Only,"No Turns, Thru moves only, Broadside ^<",Freezing Precipitation,Federal Aid Urban System (Class 2 TH's and 3 TH's only),20WS006551,Winooski PD.,2,0.389,None/Other,Night,Hoods Crossing,None,None,,VT0040400,T - Intersection,"Road Surface Condition(wet, icy, snow, slush, etc)",E Spring St,Snow,U5104,"44.492688283895795,-73.17893774111312"
4255165,,"November 25, 2020, 5:31 AM",Colchester,I89S EXIT 16,I-89,Property Damage Only,Rear End,Freezing Precipitation,"State Highway numbered route, State owned",20CC010089,Colchester PD.,10,0.32,None/Other,Night,ROOSEVELT HIGHWAY,None,None,,VT0040500,Off Ramp,"Road Surface Condition(wet, icy, snow, slush, etc)",I89S EXIT 16,Snow,890,"44.50524196641281,-73.18141139033382"
4246588,,"November 25, 2020, 8:25 AM",South Burlington,I-189 West,I-189,Injury,Single Vehicle Crash,Cloudy,"State Highway numbered route, State owned",20A104774,VSP - A1 Williston,10,0.651,None/Other,Day,SHELBURNE RD.,None,None,,VTVSP0100,Not at a Junction,None,I-189 West,Wet,1890,"44.44992318737629,-73.19767828049945"
4247121,,"November 25, 2020, 4:15 PM",Colchester,WEST LAKESHORE DRIVE,VT. 127 TH,Injury,Rear End,Clear,Federal Aid Urban System (Class 2 TH's and 3 TH's only),20CC010111,Colchester PD.,2,2.427,None/Other,Day,COATES ISLAND ROAD,None,None,,VT0040500,Not at a Junction,None,WEST LAKESHORE DRIVE,Dry,U5600,"44.550519011488745,-73.22933799964177"
4247147,,"November 25, 2020, 9:38 PM",Colchester,ROOSEVELT HIGHWAY,US-7,Property Damage Only,Single Vehicle Crash,Clear,"State Highway numbered route, State owned",20CC010117,Colchester PD.,10,4.169,None/Other,Night,ELM HILL FARM,None,None,,VT0040500,Not at a Junction,None,ROOSEVELT HIGHWAY,Dry,70,"44.55874825086374,-73.16172804585212"
4255242,,"November 27, 2020, 6:42 AM",Colchester,2100 Roosevelt Hwy,US-2,Injury,Rear End,Clear,"State Highway numbered route, State owned",20A104789,VSP - A1 Williston,10,2.11,None/Other,Day,Roosevelt Hwy,None,None,,VTVSP0100,T - Intersection,None,2100 Roosevelt Hwy,Wet,20,"44.589681443697614,-73.168196734018"
4255203,,"November 27, 2020, 1:56 PM",South Burlington,Spear St,SPEAR ST.,Property Damage Only,Rear End,Clear,Federal Aid Urban System (Class 2 TH's and 3 TH's only),20SB011482,So. Burlington PD.,2,1.88,None/Other,Day,Swift St,None,None,,VT0040300,,,Spear St,,U5222,"44.443235234399914,-73.18888843277136"
4255200,,"November 28, 2020, 3:32 PM",South Burlington,Shelburne Road at Harbor View Road,Unknown,Property Damage Only,Rear-to-rear,Clear,"Other Public Roadway (Rest Areas, Shopping Center - anything open to public)",20SB0011507,So. Burlington PD.,9,999.99,None/Other,Day,Harbor View Rd,None,None,,VT0040300,Parking Lot,,Shelburne Road at Harbor View Road,Wet,0,"44.42371326467324,-73.21220425800126"
4255018,,"November 29, 2020, 11:04 AM",Colchester,SEVERANCE ROAD,SEVERANCE ROAD,Property Damage Only,Rear End,Clear,Federal Aid Urban System (Class 2 TH's and 3 TH's only),20CC010228,Colchester PD.,2,0.471,None/Other,Day,WOODROSE LANE,None,None,,VT0040500,T - Intersection,None,SEVERANCE ROAD,Dry,U5616,"44.52565729239629,-73.1639001286662"
4247986,,"November 30, 2020, 1:23 PM",Burlington,Central Ave,CENTRAL AVE,Property Damage Only,Other - Explain in Narrative,Cloudy,Street or Town Highways in FA Urban Area,20BU022199,Burlington PD,5,999.99,None/Other,Day,Wright Ave,None,None,,VT0040100,Four-way Intersection,None,Central Ave,Dry,0,"44.46009401861131,-73.22081578664061"
4255217,,"November 30, 2020, 3:47 PM",South Burlington,1118 Williston Rd,US-2,Property Damage Only,Rear End,Rain,"State Highway numbered route, Class 1 TH",20SB011575,So. Burlington PD.,11,0.585,None/Other,Day,Mary St,None,None,,VT0040300,Not at a Junction,None,1118 Williston Rd,Wet,20,"44.46868869875512,-73.17929424809823"
4247175,,"November 30, 2020, 5:01 PM",Colchester,218 MOUNTAIN VIEW DRIVE,Unknown,Property Damage Only,"No Turns, Thru moves only, Broadside ^<",Rain,"Other Public Roadway (Rest Areas, Shopping Center - anything open to public)",20CC010261,Colchester PD.,9,999.99,None/Other,Night,COSTCO,None,None,,VT0040500,Not at a Junction,None,218 MOUNTAIN VIEW DRIVE,Wet,0,"44.504949644762014,-73.17549152948162"
4255171,,"December 1, 2020, 12:09 PM",Burlington,College St,COLLEGE ST.,Property Damage Only,"No Turns, Thru moves only, Broadside ^<",Rain,Federal Aid Urban System (Class 2 TH's and 3 TH's only),20BU022249,Burlington PD,2,0,None/Other,Day,Battery St,None,None,,VT0040100,Four-way Intersection,None,College St,Wet,U5068,"44.47687425724611,-73.2187664067715"
4255137,,"December 1, 2020, 3:11 PM",Winooski City,239 Weaver St,WEAVER ST,Property Damage Only,Same Direction Sideswipe,Clear,Street or Town Highways in FA Urban Area,20WS00660,Winooski PD.,5,999.99,None/Other,Day,,None,None,,VT0040400,Not at a Junction,Unknown,239 Weaver St,Dry,0,"44.49677423893039,-73.18671344898772"
4255197,,"December 1, 2020, 3:34 PM",Williston,2752 N Williston Rd,NO. WILLISTON ROAD,Property Damage Only,Single Vehicle Crash,Clear,Federal Aid Urban System (Class 2 TH's and 3 TH's only),20WT4996,Williston PD.,2,2.839,None/Other,Day,,None,None,,VT0041000,Not at a Junction,None,2752 N Williston Rd,Wet,U5508,"44.470918220440616,-73.0439441532163"
4247146,,"December 2, 2020, 3:41 PM",Colchester,Roosevelt Highway,US-7,Property Damage Only,Rear End,Freezing Precipitation,"State Highway numbered route, State owned",20CC010331,Colchester PD.,10,6.514,None/Other,Day,US Route 2,None,None,,VT0040500,Four-way Intersection,None,Roosevelt Highway,Wet,70,"44.58950418690084,-73.16645232289666"
4255193,,"December 3, 2020, 8:30 AM",Williston,322 Leroy Road,LEROY RD,Property Damage Only,Same Direction Sideswipe,Clear,Private Property (Driveways),20WT05019,Williston PD.,8,999.99,None/Other,Day,Marshall Avenue,None,None,,VT0041000,Driveway,None,322 Leroy Road,Dry,0,"44.44895022217127,-73.13496784757686"
4254896,,"December 3, 2020, 10:54 AM",Hinesburg,1300 CHARLOTTE RD,CHARLOTTE RD,Property Damage Only,Single Vehicle Crash,Clear,Federal Aid Secondary System (Class 2 TH),20HB01237,Hinesburg PD.,3,1.191,None/Other,Day,BALDWIN RD,None,None,,VT0041200,Other - Explain in Narrative,None,1300 CHARLOTTE RD,Dry,S0208,"44.32332359688913,-73.13252019739924"
4255163,,"December 4, 2020, 4:49 AM",South Burlington,Williston Road at Staples Plaza,US-2,Property Damage Only,Rear End,Clear,"State Highway numbered route, Class 1 TH",20SB011678,So. Burlington PD.,11,0.088,None/Other,Night,Williston Rd,None,None,,VT0040300,Four-way Intersection,None,Williston Road at Staples Plaza,Dry,20,"44.47173613450843,-73.18848907104976"
4255141,,"December 4, 2020, 10:20 AM",Burlington,Central Ave,CENTRAL AVE,Property Damage Only,Same Direction Sideswipe,Cloudy,Street or Town Highways in FA Urban Area,20BU022406,Burlington PD,5,999.99,None/Other,Day,Harrison Ave,None,Heavy Truck,,VT0040100,Not at a Junction,None,Central Ave,Dry,0,"44.458863047139005,-73.22080400035655"
4255192,,"December 4, 2020, 1:18 PM",Williston,5876 Williston Road,US-2,Property Damage Only,"Left Turn and Thru, Angle Broadside -->v--",Cloudy,"State Highway numbered route, State owned",20WT05038,Williston PD.,10,1.484,None/Other,Day,Market Street,None,None,,VT0041000,Driveway,None,5876 Williston Road,Dry,20,"44.44916013334937,-73.10994306552817"
4248091,,"December 4, 2020, 1:26 PM",Winooski City,Main St,US-7,Injury,Rear End,Cloudy,"State Highway numbered route, Class 1 TH",20WS006738,Winooski PD.,11,0.793,None/Other,Day,Bellevue St,None,None,,VT0040400,T - Intersection,None,Main St,Dry,70,"44.49952237779081,-73.1837463652511"
4255154,,"December 4, 2020, 2:13 PM",Essex,25 Lincoln St,VT-2A,Property Damage Only,Rear End,Rain,"State Highway numbered route, Class 1 TH",20ES06592,Essex PD.,11,0.82,None/Other,Day,Central St,None,None,,VT0040200,T - Intersection,None,25 Lincoln St,Wet,21,"44.49269367539772,-73.11127256769126"
4255158,,"December 4, 2020, 3:58 PM",Williston,2939 St George Road,VT-2A,Property Damage Only,Same Direction Sideswipe,Cloudy,"State Highway numbered route, State owned",20WT05040,Williston PD.,10,3.063,None/Other,Day,Interstate 89,None,None,,VT0041000,Driveway,None,2939 St George Road,Wet,21,"44.4407078335281,-73.11430666539106"
4255145,,"December 6, 2020, 8:16 AM",Richmond,Interstate 89,I-89,Injury,Same Direction Sideswipe,Cloudy,"State Highway numbered route, State owned",20A104912,VSP - A1 Williston,10,78,None/Other,Day,,None,Heavy Truck,,VTVSP0100,On Ramp,None,Interstate 89,Dry,890,"44.42173702192298,-73.00329397865366"
4255142,,"December 8, 2020, 7:10 AM",Charlotte,Mt. Philo Road,MOUNT PHILO RD,Property Damage Only,"No Turns, Thru moves only, Broadside ^<",Freezing Precipitation,Federal Aid Secondary System (Class 2 TH),20A104926,VSP - A1 Williston,3,1.23,None/Other,Day,Hinesburg Road TH#2,None,None,,VTVSP0100,Four-way Intersection,None,Mt. Philo Road,Snow,S0208,"44.31564962249041,-73.22375445771955"
4255021,,"December 8, 2020, 8:08 AM",Colchester,I-89,I-89,Property Damage Only,Single Vehicle Crash,Freezing Precipitation,"State Highway numbered route, State owned",20A104931,VSP - A1 Williston,10,93.179,None/Other,Day,Blakely Rd,None,None,,VTVSP0100,Not at a Junction,"Road Surface Condition(wet, icy, snow, slush, etc)",I-89,Other - Explain in Narrative,890,"44.52664463977706,-73.1935591427975"
4247621,,"December 8, 2020, 9:38 AM",Milton,I-89 SB MILE MARKER 102.4,I-89,Property Damage Only,Single Vehicle Crash,Freezing Precipitation,"State Highway numbered route, State owned",20A104935,VSP - A1 Williston,10,102.4,None/Other,Day,EXIT 17,None,None,,VTVSP0100,Not at a Junction,"Road Surface Condition(wet, icy, snow, slush, etc)",I-89 SB MILE MARKER 102.4,Snow,890,"44.64786868671484,-73.1404601327332"
4247192,,"December 8, 2020, 11:23 AM",Essex,293 Colchester Rd,VT-2A,Injury,Other - Explain in Narrative,Clear,"State Highway numbered route, State owned",20ES06666,Essex PD.,10,3.41,None/Other,Day,,None,None,,VT0040200,Not at a Junction,None,293 Colchester Rd,Dry,21,"44.52769377102619,-73.12752467911776"
4255126,,"December 8, 2020, 3:56 PM",South Burlington,Shelburne Rd,US-7,Property Damage Only,"Left Turn and Thru, Angle Broadside -->v--",Clear,"State Highway numbered route, State owned",20SB011815,So. Burlington PD.,10,1.738,None/Other,Day,Swift St,None,None,,VT0040300,,"Road Surface Condition(wet, icy, snow, slush, etc)",Shelburne Rd,Wet,70,"44.445924716256556,-73.2094158187043"
4247179,,"December 8, 2020, 4:44 PM",Williston,516 Essex Road,VT-2A,Injury,"Left Turn and Thru, Broadside v<--",Freezing Precipitation,"State Highway numbered route, State owned",20WT05080,Williston PD.,10,5.49,None/Other,Day,Shell,None,None,,VT0041000,Not at a Junction,"Road Surface Condition(wet, icy, snow, slush, etc)",516 Essex Road,Wet,21,"44.47509730657202,-73.11334702024557"
4247366,,"December 9, 2020, 11:28 AM",Williston,3612 S Brownell Rd,S BROWNELL RD,Injury,Single Vehicle Crash,Freezing Precipitation,Federal Aid Urban System (Class 2 TH's and 3 TH's only),20WT05087,Williston PD.,2,0.801,None/Other,Day,Charles Rd,None,None,,VT0041000,Not at a Junction,"Road Surface Condition(wet, icy, snow, slush, etc)",3612 S Brownell Rd,Snow,S0333,"44.41292997398588,-73.13886565324539"
4248885,,"December 9, 2020, 1:21 PM",Charlotte,Hinesburg Road,HINESBURG RD,Property Damage Only,Single Vehicle Crash,Freezing Precipitation,Federal Aid Secondary System (Class 2 TH),20A104957,VSP - A1 Williston,3,4.61,None/Other,Day,Hinesburg Town Line,None,None,,VTVSP0100,Not at a Junction,,Hinesburg Road,Other - Explain in Narrative,S0208,"44.322590830469146,-73.15643261644439"
4255191,,"December 9, 2020, 2:07 PM",Williston,338 Avenue D,Unknown,Property Damage Only,"No Turns, Thru moves only, Broadside ^<",Cloudy,"Other Public Roadway (Rest Areas, Shopping Center - anything open to public)",20WT05092,Williston PD.,9,999.99,None/Other,Day,Lift VT,None,None,,VT0041000,Parking Lot,None,338 Avenue D,Wet,0,"44.4670208308106,-73.1225477863737"
4247088,,"December 9, 2020, 3:03 PM",Winooski City,Russell St,RUSSELL ST,Property Damage Only,Single Vehicle Crash,Freezing Precipitation,Street or Town Highways in FA Urban Area,20WS006818,Winooski PD.,5,999.99,None/Other,Day,Bellevue St,None,None,,VT0040400,T - Intersection,"Road Surface Condition(wet, icy, snow, slush, etc)",Russell St,Snow,0,"44.49744542086652,-73.1783094373032"
4249294,,"December 10, 2020, 12:48 AM",Burlington,Spear St,US-2,Injury,"No Turns, Thru moves only, Broadside ^<",Freezing Precipitation,"State Highway numbered route, State owned",20SB011853,So. Burlington PD.,10,0.75,None/Other,Night,Main St,None,None,,VT0040300,Four-way Intersection,"Road Surface Condition(wet, icy, snow, slush, etc)",Spear St,,20,"44.47309801846329,-73.19143530425055"
4247712,,"December 10, 2020, 1:31 AM",Essex,20 Upper Main St,VT-15,Property Damage Only,Single Vehicle Crash,Freezing Precipitation,"State Highway numbered route, State owned",20ES06678,Essex PD.,10,3.43,None/Other,Night,,None,None,,VT0040200,Not at a Junction,"Road Surface Condition(wet, icy, snow, slush, etc)",20 Upper Main St,Snow,150,"44.503099942166564,-73.09403619811424"
4249555,,"December 10, 2020, 11:02 AM",South Burlington,1270 US-2,US-2,Property Damage Only,"Left Turn and Thru, Angle Broadside -->v--",Clear,"State Highway numbered route, State owned",20SB011860,So. Burlington PD.,10,0.88,None/Other,Day,Midas Dr,None,None,,VT0040300,T - Intersection,None,1270 US-2,Dry,20,"44.46745244814621,-73.17377144604453"
4247097,,"December 10, 2020, 1:46 PM",South Burlington,Van Sicklen Rd,VAN SICKLEN RD,Property Damage Only,Rear End,Clear,Street or Town Highways in FA Urban Area,20SB011865,So. Burlington PD.,5,999.99,None/Other,Day,Hinesburg Rd,None,None,,VT0040300,T - Intersection,None,Van Sicklen Rd,Dry,0,"44.42713924403559,-73.15519811105011"
4247110,,"December 10, 2020, 2:00 PM",South Burlington,155 Dorset St,Unknown,Property Damage Only,Opp Direction Sideswipe,Clear,"Other Public Roadway (Rest Areas, Shopping Center - anything open to public)",20SB011866,So. Burlington PD.,9,999.99,None/Other,Day,University Mall Parking Lot,None,None,,VT0040300,Parking Lot,None,155 Dorset St,Dry,0,"44.465536571005856,-73.1823005431489"
4247137,,"December 11, 2020, 5:25 AM",South Burlington,Shelburne Road,US-7,Injury,Other - Explain in Narrative,Clear,"State Highway numbered route, State owned",20SB011883,So. Burlington PD.,10,1.541,None/Other,Night,Brewer Parkway,None,Pedestrian,,VT0040300,Four-way Intersection,None,Shelburne Road,Dry,70,"44.44307976057388,-73.20976050716754"
4246408,,"December 11, 2020, 7:49 AM",Burlington,116 N Winooski Ave,ALTERNATE US-7,Property Damage Only,"Right Turn and Thru, Same Direction Sideswipe/Angle Crash ^^--",Clear,"State Highway numbered route, Class 1 TH",20BU022714,Burlington PD,11,1.567,None/Other,Day,No Winooski Ave,None,None,,VT0040100,Not at a Junction,None,116 N Winooski Ave,Dry,9993,"44.48386201659402,-73.21140506883464"
4247101,,"December 12, 2020, 1:28 PM",Williston,2200 Essex Road,VT-2A,Property Damage Only,Rear End,Cloudy,"State Highway numbered route, State owned",20WT05130,Williston PD.,10,3.761,None/Other,Day,Williston Road,None,None,,VT0041000,Driveway,None,2200 Essex Road,Dry,21,"44.45018358807289,-73.11105542486929"
4247105,,"December 13, 2020, 7:10 AM",Richmond,Wes White Hill Road,TOWN ROAD 0030,Injury,Single Vehicle Crash,Cloudy,"City, Village or Urban Compact Street not in FA Urban Area (Class 2 and 3 Non-Federal Aid)",20A105014,VSP - A1 Williston,6,999.99,None/Other,Day,Cochran Road TH# 3,None,None,,VTVSP0100,Not at a Junction,None,Wes White Hill Road,Wet,T0030,"44.38050784390416,-72.94089026059832"
4255032,,"December 14, 2020, 10:23 AM",Williston,528 Essex Road,Unknown,Property Damage Only,Other - Explain in Narrative,Cloudy,"Other Public Roadway (Rest Areas, Shopping Center - anything open to public)",20WT05146,Williston PD.,9,999.99,None/Other,Day,Habitat For Humanity,None,None,,VT0041000,Parking Lot,None,528 Essex Road,Wet,0,"44.47462689838733,-73.11395608880126"
4247087,,"December 14, 2020, 3:18 PM",Colchester,255 VT-15,VT-15,Property Damage Only,Rear End,Cloudy,"State Highway numbered route, Class 1 TH",20ES06750,Essex PD.,11,0.608,None/Other,Day,Susie Wilson Rd,None,None,,VT0040200,Not at a Junction,None,255 VT-15,Dry,150,"44.4956659963589,-73.16116013884518"
4250717,,"December 14, 2020, 4:00 PM",Burlington,North Ave,NORTH AVE.,Property Damage Only,Other - Explain in Narrative,Clear,Federal Aid Urban System (Class 2 TH's and 3 TH's only),20BU022857,Burlington PD,2,1.613,None/Other,Day,127 Ramp,None,None,,VT0040100,On Ramp,None,North Ave,Dry,U5026,"44.5009137861757,-73.23668261937976"
4248755,,"December 15, 2020, 12:40 PM",Colchester,WEST LAKESHORE,VT. 127 TH,Property Damage Only,Single Vehicle Crash,Clear,Federal Aid Urban System (Class 2 TH's and 3 TH's only),20CC010747,Colchester PD.,2,2.968,None/Other,Day,HAZELETT STRIP CASTING,Alcohol,None,,VT0040500,Not at a Junction,None,WEST LAKESHORE,Dry,U5600,"44.546363293534085,-73.21997353044888"
4249470,,"December 15, 2020, 5:03 PM",Burlington,230 St Paul St,Unknown,Injury,"No Turns, Thru moves only, Broadside ^<",Clear,"Other Public Roadway (Rest Areas, Shopping Center - anything open to public)",20BU022930,Burlington PD,9,999.99,None/Other,Night,Parking Lot,None,Pedestrian,,VT0040100,T - Intersection,None,230 St Paul St,Dry,0,"44.472709629890375,-73.21316152970539"
4255027,,"December 16, 2020, 3:35 PM",Williston,St George Rd,VT-2A,Injury,Rear End,Clear,"State Highway numbered route, State owned",20WT05168,Williston PD.,10,3.283,None/Other,Day,Maple Tree Pl,None,None,,VT0041000,Four-way Intersection,None,St George Rd,Wet,21,"44.44362563098864,-73.11274106600226"
4254947,,"December 17, 2020, 12:50 PM",Colchester,ROOSEVELT HIGHWAY,US-7,Property Damage Only,Single Vehicle Crash,Cloudy,"State Highway numbered route, State owned",20CC010809,Colchester PD.,10,0.612,None/Other,Day,HERCULES DRIVE,None,None,,VT0040500,Four-way Intersection,"Road Surface Condition(wet, icy, snow, slush, etc)",ROOSEVELT HIGHWAY,Snow,70,"44.51113639610128,-73.17926760239507"
4254946,,"December 17, 2020, 3:46 PM",Colchester,Malletts Bay  Avenue,MALLETTS BAY AVE.,Property Damage Only,Other - Explain in Narrative,Clear,Federal Aid Urban System (Class 2 TH's and 3 TH's only),20CC010814,Colchester PD.,2,1.954,None/Other,Day,Lavigne Road,Alcohol,None,,VT0040500,Not at a Junction,Other - Explain in Narrative,Malletts Bay  Avenue,Snow,U5608,"44.52506566203802,-73.20627077978298"
4254981,,"December 17, 2020, 5:35 PM",South Burlington,1188 Williston Rd,US-2,Property Damage Only,"Left Turn and Thru, Same Direction Sideswipe/Angle Crash vv--",Clear,"State Highway numbered route, Class 1 TH",20SB012093,So. Burlington PD.,11,0.691,None/Other,Night,Mary St,None,None,,VT0040300,Not at a Junction,"Road Surface Condition(wet, icy, snow, slush, etc)",1188 Williston Rd,Wet,20,"44.46818707342652,-73.17733737393739"
4254993,,"December 18, 2020, 6:24 PM",Hinesburg,SILVER STREET,SILVER ST,Property Damage Only,Single Vehicle Crash,Clear,Federal Aid Secondary System (Class 2 TH),20HB01288,Hinesburg PD.,3,0.82,None/Other,Night,LEWIS CREEK,Alcohol,None,,VT0041200,Not at a Junction,None,SILVER STREET,Dry,S0199,"44.29006536461076,-73.10726895963857"
4248692,,"December 18, 2020, 6:28 PM",Milton,I-89,I-89,Property Damage Only,Rear End,Clear,"State Highway numbered route, State owned",20A105076,VSP - A1 Williston,10,102.2,None/Other,Night,Quail Hollow Dr,None,None,,VTVSP0100,Not at a Junction,"Road Surface Condition(wet, icy, snow, slush, etc)",I-89,Ice,890,"44.64497749994234,-73.13995033006313"
4246803,,"December 19, 2020, 6:18 AM",Milton,Edgewater Terr,EDGEWATER TER,Property Damage Only,Head On,Cloudy,Street or Town Highways in FA Urban Area,20MT006655,Milton PD.,5,999.99,None/Other,Day,US Route 7,Alcohol,None,,VT0040600,Not at a Junction,None,Edgewater Terr,Wet,0,"44.65750187792149,-73.11303593924347"
4254997,,"December 19, 2020, 12:28 PM",Colchester,820 PORTERS POINT ROAD,PORTER POINT RD.,Injury,Single Vehicle Crash,Clear,Federal Aid Urban System (Class 2 TH's and 3 TH's only),20CC010877,Colchester PD.,2,0.758,None/Other,Day,SHADY LANE,None,None,,VT0040500,Not at a Junction,None,820 PORTERS POINT ROAD,Dry,U5605,"44.5429169987467,-73.26064741356798"
4255035,,"December 19, 2020, 3:09 PM",Williston,Marshall Avenue,MARSHALL AVE.,Property Damage Only,"Left Turn and Thru, Angle Broadside -->v--",Cloudy,Federal Aid Urban System (Class 2 TH's and 3 TH's only),20WT5200,Williston PD.,2,1.417,None/Other,Day,Trader Lane,Alcohol,None,,VT0041000,Four-way Intersection,None,Marshall Avenue,Unknown,U5505,"44.4450832061064,-73.11528603172563"
4248386,,"December 19, 2020, 4:35 PM",Burlington,North Ave,NORTH AVE.,Property Damage Only,"Left Turn and Thru, Angle Broadside -->v--",Clear,Federal Aid Urban System (Class 2 TH's and 3 TH's only),20BU023080,Burlington PD,2,2.142,None/Other,Day,Leddy Park Road,None,None,,VT0040100,T - Intersection,None,North Ave,Dry,U5026,"44.506204756097105,-73.24386957752756"
4255028,,"December 20, 2020, 9:04 AM",Williston,1634 VT-2A,VT-2A,Property Damage Only,Single Vehicle Crash,Clear,"State Highway numbered route, State owned",20WT05206,Williston PD.,10,4.337,Deer,Day,Beaudry Ln,None,None,,VT0041000,Not at a Junction,None,1634 VT-2A,Wet,21,"44.45846824423169,-73.11205286325134"
4255003,,"December 20, 2020, 2:07 PM",Burlington,266 Pine St,PINE ST.,Property Damage Only,"Left Turn and Thru, Broadside v<--",Cloudy,Federal Aid Urban System (Class 2 TH's and 3 TH's only),20BU023107,Burlington PD,2,1.167,None/Other,Day,266 Pine St,None,None,,VT0040100,Driveway,None,266 Pine St,Dry,U5040,"44.472222909695525,-73.21532858138562"
4255026,,"December 20, 2020, 5:19 PM",South Burlington,1834 US-7,US-7,Property Damage Only,Rear End,Freezing Precipitation,"State Highway numbered route, State owned",20SB012174,So. Burlington PD.,10,0.054,None/Other,Night,Shelburne Rd,Alcohol,None,,VT0040300,Not at a Junction,"Road Surface Condition(wet, icy, snow, slush, etc)",1834 US-7,Snow,70,"44.42159151242643,-73.21195647829175"
4254968,,"December 20, 2020, 8:04 PM",South Burlington,101 Market Square,MARKET ST,Property Damage Only,Other - Explain in Narrative,Cloudy,"Other Public Roadway (Rest Areas, Shopping Center - anything open to public)",20SB012175,So. Burlington PD.,9,999.99,None/Other,Night,Dorset St,None,None,,VT0040300,Parking Lot,None,101 Market Square,Snow,0,"44.46567477286276,-73.18025373155106"
4254934,,"December 21, 2020, 7:02 AM",Colchester,College Parkway,VT-15,Property Damage Only,Same Direction Sideswipe,Clear,"State Highway numbered route, State owned",20CC010924,Colchester PD.,10,0.834,None/Other,Day,Dunkin Donuts Parking Lot,None,None,,VT0040500,Not at a Junction,None,College Parkway,Wet,150,"44.497797207368386,-73.15782899056678"
4254949,,"December 21, 2020, 1:54 PM",Burlington,253 Archibald St,Unknown,Injury,Single Vehicle Crash,Cloudy,Street or Town Highways in FA Urban Area,20BU023149,Burlington PD,5,999.99,None/Other,Day,253 Archibald St,None,None,,VT0040100,Not at a Junction,"Road Surface Condition(wet, icy, snow, slush, etc)",253 Archibald St,Wet,0,"44.488027738997566,-73.20331743015943"
4254929,,"December 21, 2020, 2:08 PM",Burlington,Battery St,BATTERY ST.,Property Damage Only,Rear End,Clear,Federal Aid Urban System (Class 2 TH's and 3 TH's only),20BU023150,Burlington PD,2,0.478,None/Other,Day,Lake St,None,None,,VT0040100,T - Intersection,None,Battery St,Dry,U5008,"44.479241539435414,-73.2189436911553"
4255015,,"December 21, 2020, 3:49 PM",Williston,Williston Road at VT 2A,US-2,Injury,"Left Turn and Thru, Angle Broadside -->v--",Cloudy,"State Highway numbered route, State owned",20WT05217,Williston PD.,10,1.352,None/Other,Day,Helena Dr,None,None,,VT0041000,Not at a Junction,None,Williston Road at VT 2A,Wet,20,"44.45015936993785,-73.11222673735978"
4248459,,"December 22, 2020, 12:19 PM",Colchester,898 Main Street,Unknown,Property Damage Only,Other - Explain in Narrative,Clear,"Other Public Roadway (Rest Areas, Shopping Center - anything open to public)",20CC010975,Colchester PD.,9,999.99,None/Other,Day,Burnham Library Parking Lot,None,None,,VT0040500,Parking Lot,None,898 Main Street,Dry,0,"44.543932191239286,-73.14960422241235"
4254979,,"December 23, 2020, 10:37 AM",Shelburne,3329 Shelburne Rd,US-7,Injury,Rear End,Clear,"State Highway numbered route, State owned",20SH07228,Shelburne PD.,10,3.906,None/Other,Day,Shelburne Rd,None,None,,VT0040700,Four-way Intersection,None,3329 Shelburne Rd,Dry,70,"44.40746830917075,-73.21633712058413"
4255194,,"December 23, 2020, 3:17 PM",Williston,Essex Road,VT-2A,Property Damage Only,Rear End,Clear,"State Highway numbered route, State owned",20WT05244,Williston PD.,10,4.5,None/Other,Day,Pinecrest Circle,None,None,,VT0041000,Not at a Junction,None,Essex Road,Wet,21,"44.46081265207023,-73.11238832480234"
4254921,,"December 23, 2020, 5:25 PM",Colchester,ROOSEVELT HIGHWAY,RATHE RD,Property Damage Only,Single Vehicle Crash,Cloudy,Street or Town Highways in FA Urban Area,20CC011012,Colchester PD.,5,999.99,Deer,Night,RATHE ROAD,None,None,,VT0040500,Not at a Junction,None,ROOSEVELT HIGHWAY,Dry,0,"44.514512719653396,-73.18059526269424"
4254883,,"December 24, 2020, 12:03 PM",South Burlington,155 Dorset St,Unknown,Property Damage Only,"No Turns, Thru moves only, Broadside ^<",Clear,"Other Public Roadway (Rest Areas, Shopping Center - anything open to public)",20SB012279,So. Burlington PD.,9,999.99,None/Other,Day,University Mall Parking Lot,None,None,,VT0040300,Parking Lot,None,155 Dorset St,Dry,0,"44.46553754678135,-73.18213718385907"