ObjectID,Mapped,Crash Date,City/Town,Address,AOT Route,Crash Type,Collision Direction,Weather,Road Group,Report Number,Reporting Agency,Road Group ID,AOT Actual Milepoint,Animal,Time of Day,Intersection With,Impairment,Involving,Non Reportable Address,Reporting Agency ID,Road Characteristics,Road Condition,Street Address,Surface Condition,AOT Route ID,Coordinates
4254942,,"December 26, 2020, 5:15 PM",Essex,Route 15 at Route 128,VT-15,Injury,Rear End,Clear,"State Highway numbered route, State owned",20ES06908,Essex PD.,10,5.33,None/Other,Night,Towers Rd,None,None,,VT0040200,Four-way Intersection,Unknown,Route 15 at Route 128,Dry,150,"44.51186250337694,-73.05953127175606"
4254941,,"December 26, 2020, 7:46 PM",Essex,230 Ethan Allen Ave,VT-15,Property Damage Only,Head On,Freezing Precipitation,"State Highway numbered route, State owned",20ES06911,Essex PD.,10,0.39,None/Other,Night,Ethan Allen Ave,None,None,,VT0040200,T - Intersection,"Road Surface Condition(wet, icy, snow, slush, etc)",230 Ethan Allen Ave,Snow,150,"44.504181307323684,-73.14179644774187"
4254986,,"December 26, 2020, 10:57 PM",South Burlington,319 White St,WHITE ST.,Property Damage Only,Rear End,Clear,Federal Aid Urban System (Class 2 TH's and 3 TH's only),20SB012337,So. Burlington PD.,2,0.588,None/Other,Night,Airport Parkway,None,None,,VT0040300,T - Intersection,"Road Surface Condition(wet, icy, snow, slush, etc)",319 White St,Ice,U5226,"44.47079453397933,-73.16336959572754"
4254903,,"December 27, 2020, 2:51 PM",Colchester,1184 Prim Road,Unknown,Property Damage Only,Rear-to-rear,Clear,"Other Public Roadway (Rest Areas, Shopping Center - anything open to public)",20CC011104,Colchester PD.,9,999.99,None/Other,Day,Price Chopper Parking Lot,None,None,,VT0040500,Parking Lot,None,1184 Prim Road,Dry,0,"44.5374732721785,-73.24773832796842"
4254957,,"December 28, 2020, 3:20 PM",South Burlington,Hinesburg Road at Williston Road,VT-116,Property Damage Only,"Left Turn and Thru, Same Direction Sideswipe/Angle Crash vv--",Cloudy,"State Highway numbered route, State owned",20SB012375,So. Burlington PD.,10,4.186,None/Other,Day,Cottage Grove Ave,None,None,,VT0040300,Not at a Junction,Obstruction in roadway,Hinesburg Road at Williston Road,Dry,1160,"44.46607523714138,-73.17117268334788"
4254925,,"December 29, 2020, 2:45 PM",Essex,46 Park St,VT-2A,Injury,"No Turns, Thru moves only, Broadside ^<",Clear,"State Highway numbered route, Class 1 TH",20ES06918,Essex PD.,11,0.44,None/Other,Day,Franklin St,None,None,,VT0040200,Four-way Intersection,None,46 Park St,Dry,21,"44.4874601814428,-73.11300775792684"
4254911,,"December 29, 2020, 7:42 PM",South Burlington,935 Shelburne Rd,US-7,Property Damage Only,Rear End,Clear,"State Highway numbered route, State owned",20SB012413,So. Burlington PD.,10,1.431,None/Other,Night,Laurel Hill Dr,None,None,,VT0040300,Four-way Intersection,None,935 Shelburne Rd,Dry,70,"44.44149127166453,-73.20995479167713"
4254887,,"December 30, 2020, 12:00 PM",Underhill,416 VT-15,VT-15,Property Damage Only,"Left Turn and Thru, Head On ^v--",Cloudy,"State Highway numbered route, State owned",20A105211,VSP - A1 Williston,10,0.17,None/Other,Day,Park St,None,None,,VTVSP0100,Not at a Junction,None,416 VT-15,Dry,150,"44.52751819642712,-72.94499732608163"
4250585,,"December 30, 2020, 5:13 PM",Colchester,733 Hercules Drive,HERCULES DR,Property Damage Only,Single Vehicle Crash,Clear,Street or Town Highways in FA Urban Area,20CC011186,Colchester PD.,5,999.99,None/Other,Night,,None,None,,VT0040500,Other - Explain in Narrative,None,733 Hercules Drive,Dry,0,"44.502609542686905,-73.17248424639075"
4248339,,"January 1, 2021, 5:13 AM",Burlington,325 S Willard St,US-7,Property Damage Only,Rear End,Clear,"State Highway numbered route, State owned",21BU000016,Burlington PD,10,1.78,None/Other,Night,Spruce St,None,None,,VT0040100,Not at a Junction,None,325 S Willard St,Dry,70,"44.471058563709306,-73.2050865082867"
4254899,,"January 2, 2021, 6:31 AM",Williston,52 SUNDOWN,SUNDOWN DR,Property Damage Only,Opp Direction Sideswipe,Freezing Precipitation,Street or Town Highways in FA Urban Area,21WT00029,Williston PD.,5,999.99,None/Other,Day,,None,Heavy Truck,,VT0041000,Not at a Junction,None,52 SUNDOWN,Snow,0,"44.46966434450565,-73.11467070131314"
4264515,,"January 3, 2021, 6:19 AM",Colchester,781 College Parkway,Unknown,Property Damage Only,Other - Explain in Narrative,Cloudy,"Other Public Roadway (Rest Areas, Shopping Center - anything open to public)",21CC000083,Colchester PD.,9,999.99,None/Other,Day,Cumberland Farms Parking Lot,None,None,,VT0040500,Parking Lot,None,781 College Parkway,Dry,0,"44.49777764672896,-73.15844653019546"
4264470,,"January 3, 2021, 9:16 PM",Winooski City,E Spring St,E SPRING ST.,Property Damage Only,Head On,Freezing Precipitation,Federal Aid Urban System (Class 2 TH's and 3 TH's only),21WS000044,Winooski PD.,2,0.41,None/Other,Night,E Allen St,None,None,,VT0040400,Not at a Junction,"Road Surface Condition(wet, icy, snow, slush, etc)",E Spring St,Snow,U5104,"44.49265880157278,-73.17854058387748"
4251297,,"January 4, 2021, 4:05 AM",Burlington,996 North Ave,NORTH AVE.,Injury,"No Turns, Thru moves only, Broadside ^<",Freezing Precipitation,Federal Aid Urban System (Class 2 TH's and 3 TH's only),21BU000128,Burlington PD,2,1.95,None/Other,Night,North Ave/Ethan Allen Pkwy,None,None,,VT0040100,T - Intersection,None,996 North Ave,Snow,U5026,"44.50427253350414,-73.24125629032282"
4264573,,"January 4, 2021, 6:41 AM",South Burlington,Kimball Ave,KIMBALL AVE.,Property Damage Only,Same Direction Sideswipe,Cloudy,Federal Aid Urban System (Class 2 TH's and 3 TH's only),21SB000064,So. Burlington PD.,2,0.01,None/Other,Day,Old Farm Rd,None,None,,VT0040300,T - Intersection,"Road Surface Condition(wet, icy, snow, slush, etc)",Kimball Ave,Snow,U5211,"44.460001567310094,-73.15450637112792"
4254898,,"January 4, 2021, 6:52 AM",South Burlington,Gregory Drive,GREGORY DR,Property Damage Only,"Right Turn and Thru, Angle Broadside -->^--",Cloudy,Street or Town Highways in FA Urban Area,21SB000065,So. Burlington PD.,5,999.99,None/Other,Day,Kimball Ave,None,None,,VT0040300,Four-way Intersection,"Road Surface Condition(wet, icy, snow, slush, etc)",Gregory Drive,Snow,0,"44.453664619295154,-73.14062429246839"
4263185,,"January 4, 2021, 8:01 AM",Hinesburg,9759 VT RTE 116,VT-116,Injury,Rear End,Cloudy,"State Highway numbered route, State owned",21HB00007,Hinesburg PD.,10,5.49,None/Other,Day,CVU ROAD,None,None,,VT0041200,Four-way Intersection,None,9759 VT RTE 116,Wet,1160,"44.34149165030673,-73.1167311620853"
4264217,,"January 4, 2021, 8:42 AM",Burlington,Shelburne Rd/189,US-7,Property Damage Only,"Left Turn and Thru, Broadside v<--",Clear,"State Highway numbered route, State owned",21BU000135,Burlington PD,10,0.17,None/Other,Day,Buffalo Wild Wings,None,Heavy Truck,,VT0040100,Four-way Intersection,"Road Surface Condition(wet, icy, snow, slush, etc)",Shelburne Rd/189,Wet,70,"44.44839322565668,-73.20922424083658"
4264177,,"January 4, 2021, 10:39 AM",Colchester,WEST LAKESHORE DRIVE,VT. 127 TH,Property Damage Only,Single Vehicle Crash,Cloudy,Federal Aid Urban System (Class 2 TH's and 3 TH's only),21CC000110,Colchester PD.,2,2.92,None/Other,Day,JAKES PLACE,None,None,,VT0040500,Not at a Junction,None,WEST LAKESHORE DRIVE,Dry,U5600,"44.54686384152735,-73.22070772749001"
4256267,,"January 4, 2021, 1:19 PM",Burlington,Cherry St,CHERRY ST,Property Damage Only,"Left Turns, Same Direciton, Rear End v--v--",Clear,Street or Town Highways in FA Urban Area,21BU000145,Burlington PD,5,999.99,None/Other,Day,St Paul St,None,None,,VT0040100,Not at a Junction,Unknown,Cherry St,Ice,0,"44.47926435646776,-73.21426791070711"
4256721,,"January 4, 2021, 1:47 PM",South Burlington,10 Dorset St,DORSET ST.,Property Damage Only,Same Direction Sideswipe,Clear,Federal Aid Urban System (Class 2 TH's and 3 TH's only),21SB000080,So. Burlington PD.,2,4.06,None/Other,Day,Dorset St,None,None,,VT0040300,Four-way Intersection,None,10 Dorset St,Dry,U5208,"44.46847862733663,-73.1815073310151"
4254878,,"January 4, 2021, 3:59 PM",Burlington,Pearl St,PEARL ST.,Injury,Rear End,Cloudy,Federal Aid Urban System (Class 2 TH's and 3 TH's only),21BU000152,Burlington PD,2,0.08,None/Other,Day,N Champlain St,None,None,,VT0040100,T - Intersection,None,Pearl St,Wet,U5038,"44.48030422488719,-73.2174347274392"
4254931,,"January 5, 2021, 2:23 AM",South Burlington,452 US-2,US-2,Property Damage Only,Single Vehicle Crash,Clear,"State Highway numbered route, Class 1 TH",21SB000090,So. Burlington PD.,11,0.01,None/Other,Night,89 Overpass EB,None,None,,VT0040300,Y - Intersection,None,452 US-2,Wet,20,"44.472367590302404,-73.18988665692113"
4264562,,"January 5, 2021, 8:11 AM",Essex,135 Fort Parkway,VT-15,Property Damage Only,Same Direction Sideswipe,Cloudy,"State Highway numbered route, State owned",21ES00068,Essex PD.,10,0.25,None/Other,Day,Barnes Ave,None,Heavy Truck,,VT0040200,Not at a Junction,Unknown,135 Fort Parkway,Wet,150,"44.50389148848535,-73.14462901777395"
4264489,,"January 6, 2021, 8:52 AM",Bolton,984 Theodore Roosevelt Hwy,US-2,Injury,Rear End,Cloudy,"State Highway numbered route, State owned",21A300067,VSP - A3 Middlesex,10,4.64,None/Other,Day,Pineo Brook Rd,None,Heavy Truck,,VTVSP1200,Not at a Junction,Unknown,984 Theodore Roosevelt Hwy,Dry,20,"44.36404671908061,-72.84487573529888"
4264174,,"January 6, 2021, 9:43 AM",Colchester,ROOSEVELT HIGHWAY,US-7,Property Damage Only,Rear End,Freezing Precipitation,"State Highway numbered route, State owned",21CC000167,Colchester PD.,10,0.24,None/Other,Day,I89 EXIT 16 NB,None,None,,VT0040500,Four-way Intersection,"Road Surface Condition(wet, icy, snow, slush, etc)",ROOSEVELT HIGHWAY,Wet,70,"44.505961675125945,-73.1810061557765"
4264467,,"January 6, 2021, 2:51 PM",South Burlington,1775 Shelburne Rd,US-7,Property Damage Only,Same Direction Sideswipe,Cloudy,"State Highway numbered route, State owned",21SB000126,So. Burlington PD.,10,0.29,None/Other,Day,Shelburne Rd,None,None,,VT0040300,Not at a Junction,None,1775 Shelburne Rd,Dry,70,"44.42499839518691,-73.21166039853748"
4264534,,"January 6, 2021, 5:37 PM",Shelburne,4163 Shelburne Rd,US-7,Property Damage Only,Rear End,Cloudy,"State Highway numbered route, State owned",21SH00152,Shelburne PD.,10,3.11,None/Other,Night,Shelburne Rd,None,None,,VT0040700,Four-way Intersection,,4163 Shelburne Rd,Wet,70,"44.39626418029242,-73.21990898099858"
4264180,,"January 7, 2021, 7:08 AM",Colchester,Roosevelt Highway,US-7,Property Damage Only,Same Direction Sideswipe,Cloudy,"State Highway numbered route, State owned",21CC000195,Colchester PD.,10,0.09,None/Other,Day,South Park Drive,None,None,,VT0040500,Four-way Intersection,None,Roosevelt Highway,Dry,70,"44.503794684492675,-73.18189024037778"
4255130,,"January 7, 2021, 7:14 AM",Winooski City,E Allen St,VT-15,Property Damage Only,Same Direction Sideswipe,Clear,"State Highway numbered route, State owned",21WS000107,Winooski PD.,10,0.68,None/Other,Day,Exit 15 Off Ramp,None,None,,VT0040400,T - Intersection,None,E Allen St,Dry,150,"44.49325837491358,-73.17270323360214"
4247102,,"January 7, 2021, 1:02 PM",Burlington,East Ave,EAST AVE.,Property Damage Only,Same Direction Sideswipe,Cloudy,Federal Aid Urban System (Class 2 TH's and 3 TH's only),21BU000266,Burlington PD,2,0.18,None/Other,Day,Carrigan Dr,None,Heavy Truck,,VT0040100,Four-way Intersection,None,East Ave,Wet,U5016,"44.47513658916302,-73.19081278069766"
4257387,,"January 7, 2021, 4:34 PM",Williston,3426 St. George Road,VT-2A,Property Damage Only,Rear End,Clear,"State Highway numbered route, State owned",21WT00115,Williston PD.,10,2.55,None/Other,Day,,None,Heavy Truck,,VT0041000,Driveway,None,3426 St. George Road,Dry,21,"44.433718682580675,-73.11810606227581"
4263394,,"January 8, 2021, 9:47 PM",Milton,Route 2,US-2,Property Damage Only,"Left Turn and Thru, Angle Broadside -->v--",Clear,"State Highway numbered route, State owned",21CC000247,Colchester PD.,10,3.22,None/Other,Night,Cub Road/Bear Trap Road,None,None,,VT0040500,T - Intersection,None,Route 2,Dry,20,"44.609479770445255,-73.20882888340378"
4264212,,"January 9, 2021, 6:28 AM",Essex,50 Sunderland Way,SUSIE WILSON RD.,Property Damage Only,"Left Turn and Thru, Angle Broadside -->v--",Cloudy,Federal Aid Urban System (Class 2 TH's and 3 TH's only),21ES00153,Essex PD.,2,0.07,None/Other,Day,Joshua Dr,None,None,,VT0040200,Four-way Intersection,None,50 Sunderland Way,Dry,U5410,"44.50513486999192,-73.13710225027069"
4258399,,"January 9, 2021, 11:15 AM",Jericho,364 VT Route 15,Unknown,Property Damage Only,Other - Explain in Narrative,Clear,"Other Public Roadway (Rest Areas, Shopping Center - anything open to public)",21A100092,VSP - A1 Williston,9,999.99,None/Other,Day,Jericho Market Parking Lot- Parking Stall,None,None,,VTVSP0100,Parking Lot,None,364 VT Route 15,Dry,0,"44.520644225146164,-72.94656222094238"
4264164,,"January 9, 2021, 12:04 PM",Burlington,North St,NORTH ST.,Property Damage Only,Same Direction Sideswipe,Clear,Federal Aid Urban System (Class 2 TH's and 3 TH's only),21BU000335,Burlington PD,2,0.42,None/Other,Day,Elmwood Ave,None,None,,VT0040100,Not at a Junction,None,North St,Dry,U5032,"44.48475263505849,-73.21391094969776"
4264165,,"January 10, 2021, 1:24 PM",Williston,125 Cypress St,HAWTHORNE ST,Property Damage Only,Rear-to-rear,Clear,"Other Public Roadway (Rest Areas, Shopping Center - anything open to public)",21WT00187,Williston PD.,9,999.99,None/Other,Day,Chili's,None,None,,VT0041000,Parking Lot,,125 Cypress St,Dry,0,"44.44432002344531,-73.11164113720513"
4264159,,"January 11, 2021, 8:12 AM",Essex,Route 15 at Sunset Drive,VT-15,Injury,Other - Explain in Narrative,Cloudy,"State Highway numbered route, State owned",21ES00179,Essex PD.,10,4.82,None/Other,Day,,None,None,,VT0040200,Not at a Junction,None,Route 15 at Sunset Drive,Dry,150,"44.51069491340704,-73.06952141224168"
4249596,,"January 11, 2021, 8:18 AM",Burlington,645 Pine St,Unknown,Property Damage Only,Same Direction Sideswipe,Cloudy,"Other Public Roadway (Rest Areas, Shopping Center - anything open to public)",21BU000404,Burlington PD,9,999.99,None/Other,Day,DPW Parking Lot,None,None,,VT0040100,Parking Lot,None,645 Pine St,Dry,0,"44.46154050476766,-73.21496160496649"
4264161,,"January 11, 2021, 9:41 AM",South Burlington,Kimball Ave,SPEAR ST.,Property Damage Only,Rear End,Cloudy,Federal Aid Urban System (Class 2 TH's and 3 TH's only),21SB000243,So. Burlington PD.,2,0.12,None/Other,Day,Community Dr,None,None,,VT0040300,Four-way Intersection,None,Kimball Ave,Dry,U5222,"44.418378201049826,-73.19646101756815"
4263545,,"January 11, 2021, 11:10 AM",Burlington,11 Hayward St,Unknown,Property Damage Only,Other - Explain in Narrative,Cloudy,Street or Town Highways in FA Urban Area,21BU000414,Burlington PD,5,999.99,None/Other,Day,Hayward St,None,Heavy Truck,,VT0040100,Not at a Junction,"Road Surface Condition(wet, icy, snow, slush, etc)",11 Hayward St,Ice,0,"44.46865078918731,-73.2133954264715"
4264171,,"January 11, 2021, 2:15 PM",Williston,3880 St George Rd,VT-2A,Property Damage Only,Opp Direction Sideswipe,Cloudy,"State Highway numbered route, State owned",21WT00203,Williston PD.,10,2.1,None/Other,Day,St George Rd,None,None,,VT0041000,Other - Explain in Narrative,None,3880 St George Rd,Dry,21,"44.4275677786616,-73.1214118098362"
4263679,,"January 11, 2021, 9:35 PM",Burlington,Beltline,VT. 127 BELTLINE,Injury,Head On,Freezing Precipitation,Federal Aid Urban System (Class 2 TH's and 3 TH's only),21BU000439,Burlington PD,2,999.99,None/Other,Night,North Ave Exit,None,None,,VT0040100,Not at a Junction,"Road Surface Condition(wet, icy, snow, slush, etc)",Beltline,Snow,U5009,
4263673,,"January 12, 2021, 7:06 AM",Colchester,461 PORTERS POINT RD,PORTER POINT RD.,Property Damage Only,"No Turns, Thru moves only, Broadside ^<",Cloudy,Federal Aid Urban System (Class 2 TH's and 3 TH's only),21CC000333,Colchester PD.,2,0.45,None/Other,Day,,None,None,,VT0040500,Not at a Junction,None,461 PORTERS POINT RD,Wet,U5605,"44.540402249383526,-73.2553163922889"
4256493,,"January 12, 2021, 8:49 AM",Burlington,150 Colchester Ave,COLCHESTER AVE.,Property Damage Only,Same Direction Sideswipe,Cloudy,Federal Aid Urban System (Class 2 TH's and 3 TH's only),21BU000448,Burlington PD,2,0.37,None/Other,Day,150 Colchester Ave,None,Heavy Truck,,VT0040100,Parking Lot,"Shoulders (none, low, soft, high)",150 Colchester Ave,Wet,U5014,"44.48173034088356,-73.19380679121353"
4257471,,"January 12, 2021, 11:13 AM",Burlington,172 Howard St,HOWARD ST.,Property Damage Only,"No Turns, Thru moves only, Broadside ^<",Cloudy,Federal Aid Urban System (Class 2 TH's and 3 TH's only),21BU000459,Burlington PD,2,0.38,None/Other,Day,S Union St,None,None,,VT0040100,Driveway,None,172 Howard St,Dry,U5064,"44.46736016723286,-73.20749118329431"
4248356,,"January 12, 2021, 1:10 PM",Winooski City,W Allen St,W. ALLEN ST.,Property Damage Only,Other - Explain in Narrative,Cloudy,Federal Aid Urban System (Class 2 TH's and 3 TH's only),21WS000178,Winooski PD.,2,0.13,None/Other,Day,Main St,None,None,,VT0040400,T - Intersection,None,W Allen St,Wet,U5107,"44.49136330462721,-73.18650762851031"
4248914,,"January 12, 2021, 3:54 PM",Williston,Essex Rd,VT-2A,Property Damage Only,Rear End,Freezing Precipitation,"State Highway numbered route, State owned",21WT00219,Williston PD.,10,4.39,None/Other,Day,Beaudry Ln,None,None,,VT0041000,Not at a Junction,"Road Surface Condition(wet, icy, snow, slush, etc)",Essex Rd,Wet,21,"44.45922901457799,-73.11216736560527"
4263388,,"January 12, 2021, 5:08 PM",Colchester,COLLEGE PARKWAY,VT-15,Property Damage Only,"No Turns, Thru moves only, Broadside ^<",Clear,"State Highway numbered route, State owned",21CC000355,Colchester PD.,10,0.14,None/Other,Night,DAYS INN- 124 COLLEGE PARKWAY,None,None,,VT0040500,Driveway,None,COLLEGE PARKWAY,Dry,150,"44.49311412307685,-73.16831364842358"
4248465,,"January 13, 2021, 1:20 PM",Essex,1 Maple Street,VT-117,Property Damage Only,"Left Turn and Thru, Head On ^v--",Clear,"State Highway numbered route, State owned",21ES00224,Essex PD.,10,0.08,None/Other,Day,Maple Street And Railroad Street,None,None,,VT0040200,Driveway,,1 Maple Street,Dry,1170,"44.490120554308284,-73.10967042029473"
4248916,,"January 13, 2021, 1:29 PM",Richmond,421 Kenyon Rd,TOWN ROAD 0008,Property Damage Only,Single Vehicle Crash,Rain,"City, Village or Urban Compact Street not in FA Urban Area (Class 2 and 3 Non-Federal Aid)",21RM00018,Richmond PD.,6,999.99,None/Other,Day,Turkey Hill Rd,None,None,,VT0040800,,,421 Kenyon Rd,,T0008,"44.41801898562457,-73.02039137125355"
4257910,,"January 13, 2021, 1:42 PM",Colchester,875 Roosevelt Hwy Ste 210,I-89,Property Damage Only,Single Vehicle Crash,Clear,Ramp or Spur,21A100136,VSP - A1 Williston,7,0.11,None/Other,Day,Roosevelt Hwy,None,None,,VTVSP0100,On Ramp,Unknown,875 Roosevelt Hwy Ste 210,Other - Explain in Narrative,890,"44.50678591254187,-73.18323430675846"
4249232,,"January 13, 2021, 5:43 PM",Williston,Saint George Road,VT-2A,Property Damage Only,Rear End,Cloudy,"State Highway numbered route, State owned",21WT00236,Williston PD.,10,3.34,None/Other,Night,Marshall Avenue,None,None,,VT0041000,Four-way Intersection,None,Saint George Road,Dry,21,"44.44438513597905,-73.11234820268925"
4249595,,"January 14, 2021, 7:45 PM",Williston,St George Rd,VT-2A,Property Damage Only,Same Direction Sideswipe,Clear,"State Highway numbered route, State owned",21WT00257,Williston PD.,10,3.32,None/Other,Night,Maple Tree Pl,None,None,,VT0041000,Four-way Intersection,None,St George Rd,Dry,21,"44.44411922297561,-73.1124881982359"
4263544,,"January 14, 2021, 8:46 PM",Burlington,82 S Winooski Ave,Unknown,Injury,"Left Turn and Thru, Broadside v<--",Cloudy,"Other Public Roadway (Rest Areas, Shopping Center - anything open to public)",21BU000581,Burlington PD,9,999.99,None/Other,Night,CIty Market,None,Pedestrian,,VT0040100,Parking Lot,None,82 S Winooski Ave,Dry,0,"44.478155974171706,-73.21078060772533"
4248803,,"January 15, 2021, 11:13 AM",Colchester,Interstate 89 MM92.3 NB,I-89,Property Damage Only,Same Direction Sideswipe,Cloudy,"State Highway numbered route, State owned",21A100152,VSP - A1 Williston,10,92.3,None/Other,Day,,None,None,,VTVSP0100,Not at a Junction,None,Interstate 89 MM92.3 NB,Dry,890,"44.51399087050233,-73.19139317668417"
4248429,,"January 15, 2021, 11:20 AM",Williston,78 Marshall Avenue,Unknown,Property Damage Only,Other - Explain in Narrative,Clear,"Other Public Roadway (Rest Areas, Shopping Center - anything open to public)",21WT00268,Williston PD.,9,999.99,None/Other,Day,Hannaford's Parking Lot,None,None,,VT0041000,Parking Lot,None,78 Marshall Avenue,Dry,0,"44.44566627035346,-73.11400441314314"
4248588,,"January 16, 2021, 7:00 AM",South Burlington,1690 Shelburne Rd,Unknown,Property Damage Only,Same Direction Sideswipe,Cloudy,"Other Public Roadway (Rest Areas, Shopping Center - anything open to public)",21SB000421,So. Burlington PD.,9,999.99,None/Other,Day,Shelburne Rd,None,None,,VT0040300,Parking Lot,None,1690 Shelburne Rd,Unknown,0,"44.42709267830538,-73.21002239801099"
4249373,,"January 16, 2021, 7:14 AM",South Burlington,Allen Rd,ALLEN RD.,Property Damage Only,Other - Explain in Narrative,Freezing Precipitation,Federal Aid Urban System (Class 2 TH's and 3 TH's only),21SB000408,So. Burlington PD.,2,0.14,None/Other,Day,Karen Dr,None,None,,VT0040300,Not at a Junction,,Allen Rd,Snow,U5207,"44.42233079609965,-73.20912691557989"
4249444,,"January 16, 2021, 7:33 AM",Shelburne,4797 VT-116,VT-116,Property Damage Only,Single Vehicle Crash,Freezing Precipitation,"State Highway numbered route, State owned",21SH00409,Shelburne PD.,10,1.43,None/Other,Day,Rosewood Dr,None,None,,VT0040700,Not at a Junction,"Road Surface Condition(wet, icy, snow, slush, etc)",4797 VT-116,Snow,1160,"44.401436693241834,-73.14819736342933"
4248426,,"January 16, 2021, 7:58 AM",Bolton,Interstate 89,I-89,Property Damage Only,Single Vehicle Crash,Freezing Precipitation,"State Highway numbered route, State owned",21A100165,VSP - A1 Williston,10,68.6,None/Other,Day,Interstate 89- MM68.6 SB,None,None,,VTVSP0100,Not at a Junction,None,Interstate 89,Snow,890,"44.36270942510787,-72.84143084045478"
4263654,,"January 16, 2021, 10:57 AM",Colchester,CREEK FARM PLAZA,CREEK FARM RD,Property Damage Only,Single Vehicle Crash,Freezing Precipitation,"Other Public Roadway (Rest Areas, Shopping Center - anything open to public)",21CC000463,Colchester PD.,9,999.99,None/Other,Day,CREEK FARM PLAZA,None,None,,VT0040500,Parking Lot,"Road Surface Condition(wet, icy, snow, slush, etc)",CREEK FARM PLAZA,Snow,0,"44.55197118756852,-73.16479631943672"
4254865,,"January 16, 2021, 11:15 AM",South Burlington,42 Hinesburg Rd,VT-116,Property Damage Only,Rear End,Freezing Precipitation,"State Highway numbered route, State owned",21SB000416,So. Burlington PD.,10,4.17,None/Other,Day,Rite Aid,None,None,,VT0040300,Not at a Junction,"Road Surface Condition(wet, icy, snow, slush, etc)",42 Hinesburg Rd,Snow,1160,"44.46584635503327,-73.1711252983533"
4264262,,"January 16, 2021, 11:35 AM",Williston,Williston Rd,US-2,Property Damage Only,Rear End,Freezing Precipitation,"State Highway numbered route, State owned",21WT00288,Williston PD.,10,0.26,None/Other,Day,@ Industrial Ave,None,None,,VT0041000,Y - Intersection,"Road Surface Condition(wet, icy, snow, slush, etc)",Williston Rd,Snow,20,"44.458371816012885,-73.13079116882494"
4263772,,"January 16, 2021, 11:43 AM",Colchester,ROOSEVELT HIGHWAY,US-7,Property Damage Only,Single Vehicle Crash,Freezing Precipitation,"State Highway numbered route, State owned",21CC000464,Colchester PD.,10,4.94,None/Other,Day,COLLINS FARM ROAD,None,None,,VT0040500,Not at a Junction,"Road Surface Condition(wet, icy, snow, slush, etc)",ROOSEVELT HIGHWAY,Snow,70,"44.56881748689763,-73.15516325244002"
4249202,,"January 16, 2021, 11:57 AM",Shelburne,5980 VT-116,VT-116,Property Damage Only,Single Vehicle Crash,Freezing Precipitation,"State Highway numbered route, State owned",21SH00415,Shelburne PD.,10,0.95,None/Other,Day,,None,None,,VT0040700,Not at a Junction,"Road Surface Condition(wet, icy, snow, slush, etc)",5980 VT-116,Ice,1160,"44.39244374615515,-73.14150525204975"
4248409,,"January 16, 2021, 12:05 PM",Essex,Sand Hill Road At Allen Martin Parkway,ALLEN MARTIN RD.,Property Damage Only,Single Vehicle Crash,Freezing Precipitation,Federal Aid Urban System (Class 2 TH's and 3 TH's only),21ES00273,Essex PD.,2,0,None/Other,Day,Sandhill Rd,None,None,,VT0040200,T - Intersection,"Road Surface Condition(wet, icy, snow, slush, etc)",Sand Hill Road At Allen Martin Parkway,Slush,U5404,"44.49458464354328,-73.0493489320011"
4263789,,"January 16, 2021, 12:50 PM",Colchester,214 JASPER MINE ROAD,Min Collector,Injury,Single Vehicle Crash,Freezing Precipitation,Minor Collector - Non Fed Aid Rural TH,21CC000467,Colchester PD.,4,999.99,None/Other,Day,,None,None,,VT0040500,Not at a Junction,"Road Surface Condition(wet, icy, snow, slush, etc)",214 JASPER MINE ROAD,Snow,S0838,"44.59343411159033,-73.17956362981705"
4249175,,"January 16, 2021, 2:14 PM",Richmond,194 Cemetery Rd,TOWN ROAD 0019,Property Damage Only,Single Vehicle Crash,Freezing Precipitation,"City, Village or Urban Compact Street not in FA Urban Area (Class 2 and 3 Non-Federal Aid)",21RM00020,Richmond PD.,6,999.99,None/Other,Day,Hinesburg Rd,None,None,,VT0040800,Not at a Junction,"Road Surface Condition(wet, icy, snow, slush, etc)",194 Cemetery Rd,Ice,T0019,"44.39915804907734,-73.0277270749514"
4248734,,"January 16, 2021, 3:15 PM",Williston,Harvest Lane,HARVEST LN,Property Damage Only,Same Direction Sideswipe,Freezing Precipitation,Street or Town Highways in FA Urban Area,21WT00293,Williston PD.,5,999.99,None/Other,Day,Williston Rd,None,None,,VT0041000,Four-way Intersection,None,Harvest Lane,Slush,0,"44.45228099498388,-73.11732782810711"
4248403,,"January 17, 2021, 2:21 PM",South Burlington,323 White St,WHITE ST.,Injury,Head On,Clear,Federal Aid Urban System (Class 2 TH's and 3 TH's only),21SB000451,So. Burlington PD.,2,0.59,None/Other,Day,Airport Pkwy,None,None,,VT0040300,T - Intersection,None,323 White St,Dry,U5226,"44.47080537007194,-73.16333325133367"