ObjectID,Mapped,Crash Date,City/Town,Address,AOT Route,Crash Type,Collision Direction,Weather,Road Group,Report Number,Reporting Agency,Road Group ID,AOT Actual Milepoint,Animal,Time of Day,Intersection With,Impairment,Involving,Non Reportable Address,Reporting Agency ID,Road Characteristics,Road Condition,Street Address,Surface Condition,AOT Route ID,Coordinates
4263686,,"January 18, 2021, 6:26 AM",Colchester,3436 ROOSEVELT HIGHWAY,US-7,Property Damage Only,Single Vehicle Crash,Cloudy,"State Highway numbered route, State owned",21CC000513,Colchester PD.,10,3.43,None/Other,Day,MAIN STREET EXT.,None,None,,VT0040500,Not at a Junction,"Road Surface Condition(wet, icy, snow, slush, etc)",3436 ROOSEVELT HIGHWAY,Ice,70,"44.548302350553634,-73.16486420261235"
4248449,,"January 18, 2021, 6:58 AM",South Burlington,Dorset St,DORSET ST.,Property Damage Only,"No Turns, Thru moves only, Broadside ^<",Freezing Precipitation,Federal Aid Urban System (Class 2 TH's and 3 TH's only),21SB000467,So. Burlington PD.,2,2.8,None/Other,Day,Grandview Dr,None,None,,VT0040300,T - Intersection,"Road Surface Condition(wet, icy, snow, slush, etc)",Dorset St,Snow,U5208,"44.450402422681954,-73.17824601966284"
4263639,,"January 18, 2021, 7:05 AM",Williston,1250 South Road,TOWN ROAD 0004,Property Damage Only,Single Vehicle Crash,Freezing Precipitation,"City, Village or Urban Compact Street not in FA Urban Area (Class 2 and 3 Non-Federal Aid)",21WT00326,Williston PD.,6,999.99,None/Other,Day,E Hill Rd,None,None,,VT0041000,T - Intersection,"Road Surface Condition(wet, icy, snow, slush, etc)",1250 South Road,Snow,T0004,"44.42165685176072,-73.06854579556828"
4261715,,"January 18, 2021, 8:30 AM",Hinesburg,296 LINCOLN HILL RD,TOWN ROAD 0033,Property Damage Only,Single Vehicle Crash,Cloudy,"City, Village or Urban Compact Street not in FA Urban Area (Class 2 and 3 Non-Federal Aid)",21HB00057,Hinesburg PD.,6,999.99,None/Other,Day,NORTH RD,None,None,,VT0041200,Not at a Junction,"Road Surface Condition(wet, icy, snow, slush, etc)",296 LINCOLN HILL RD,Snow,T0033,"44.32103304617439,-73.0683252935059"
4263550,,"January 18, 2021, 12:29 PM",Colchester,BAY ROAD,BAY RD.,Property Damage Only,Head On,Cloudy,Federal Aid Urban System (Class 2 TH's and 3 TH's only),21CC000519,Colchester PD.,2,0.73,None/Other,Day,GRANITE CREEK ROAD,None,None,,VT0040500,Not at a Junction,None,BAY ROAD,Dry,U5617,"44.55193902733354,-73.17711604604399"
4263512,,"January 18, 2021, 4:15 PM",Colchester,MAIN STREET,VT-2A,Injury,Rear End,Clear,"State Highway numbered route, State owned",21CC000527,Colchester PD.,10,1.91,None/Other,Day,521 MAIN STREET,None,None,,VT0040500,Driveway,None,MAIN STREET,Dry,21,"44.54681787415674,-73.15590610154797"
4258806,,"January 19, 2021, 1:35 AM",Williston,Hannaford Supermarket - Williston,Unknown,Property Damage Only,Rear End,Cloudy,"Other Public Roadway (Rest Areas, Shopping Center - anything open to public)",21WT00344,Williston PD.,9,999.99,None/Other,Night,Trader Ln,None,None,,VT0041000,Parking Lot,None,Hannaford Supermarket - Williston,Wet,0,"44.44547038494527,-73.11361291828088"
4256318,,"January 19, 2021, 11:39 AM",Charlotte,Mt. Philo Rd.,MOUNT PHILO RD,Injury,Single Vehicle Crash,Cloudy,Minor Collector - Non Fed Aid Rural TH,21A100202,VSP - A1 Williston,4,999.99,None/Other,Day,Spear St.,None,None,,VTVSP0100,Not at a Junction,None,Mt. Philo Rd.,Other - Explain in Narrative,S0832,"44.266622394050884,-73.22107576549097"
4263462,,"January 19, 2021, 4:17 PM",Colchester,RT 7,US-7,Property Damage Only,Rear End,Cloudy,"State Highway numbered route, State owned",21CC000563,Colchester PD.,10,6.52,None/Other,Day,RT 2,None,None,,VT0040500,T - Intersection,None,RT 7,Dry,70,"44.589590994996776,-73.16644266539477"
4255827,,"January 19, 2021, 4:30 PM",South Burlington,Dorset St,DORSET ST.,Injury,"Left Turn and Thru, Angle Broadside -->v--",Clear,Federal Aid Urban System (Class 2 TH's and 3 TH's only),21UV000236,UVM Police,2,3.71,None/Other,Day,Garden St,None,None,,VT0041100,Four-way Intersection,None,Dorset St,Dry,U5208,"44.46346436158153,-73.18069017971456"
4263644,,"January 20, 2021, 9:01 AM",Essex,53 Pearl St,VT-15,Property Damage Only,Rear End,Freezing Precipitation,"State Highway numbered route, Class 1 TH",21ES00333,Essex PD.,11,1.87,None/Other,Day,Hillcrest Rd,None,None,,VT0040200,Not at a Junction,"Road Surface Condition(wet, icy, snow, slush, etc)",53 Pearl St,Snow,150,"44.492894800997846,-73.11686670947242"
4263554,,"January 20, 2021, 12:00 PM",Shelburne,Us Route 7,US-7,Property Damage Only,Rear End,Freezing Precipitation,"State Highway numbered route, State owned",21SH00516,Shelburne PD.,10,1.16,None/Other,Day,Marsett Rd,None,None,,VT0040700,Four-way Intersection,"Road Surface Condition(wet, icy, snow, slush, etc)",Us Route 7,,70,"44.369485782882336,-73.2317184171647"
4263684,,"January 20, 2021, 2:08 PM",Essex,1 Commonwealth Ave,VT-15,Property Damage Only,"Left Turn and Thru, Angle Broadside -->v--",Cloudy,"State Highway numbered route, State owned",21ES00343,Essex PD.,10,4.12,None/Other,Day,Upper Main St,None,None,,VT0040200,Four-way Intersection,None,1 Commonwealth Ave,Wet,150,"44.51015510845885,-73.08348461802828"
4263666,,"January 20, 2021, 2:32 PM",South Burlington,1525 Shelburne Rd,US-7,Property Damage Only,Rear End,Cloudy,"State Highway numbered route, State owned",21SB000527,So. Burlington PD.,10,0.55,None/Other,Day,Shelburne Rd,None,None,,VT0040300,Four-way Intersection,"Road Surface Condition(wet, icy, snow, slush, etc)",1525 Shelburne Rd,Ice,70,"44.428756203898885,-73.21125794695983"
4263788,,"January 20, 2021, 9:53 PM",Colchester,1018 BLAKELY ROAD,VT. 127 TH,Property Damage Only,Single Vehicle Crash,Clear,Federal Aid Urban System (Class 2 TH's and 3 TH's only),21CC000598,Colchester PD.,2,4.25,None/Other,Night,WILLIAMS ROAD,None,None,,VT0040500,T - Intersection,"Road Surface Condition(wet, icy, snow, slush, etc)",1018 BLAKELY ROAD,Wet,U5600,"44.533200158245734,-73.20336361386265"
4259432,,"January 21, 2021, 4:40 AM",South Burlington,Interstate 89,I-89,Injury,Single Vehicle Crash,Cloudy,"State Highway numbered route, State owned",21A100209,VSP - A1 Williston,10,89.6,None/Other,Night,MM 89.6 NB,Alcohol,None,,VTVSP0100,Not at a Junction,None,Interstate 89,Dry,890,"44.48061824369959,-73.17505718357202"
4263534,,"January 21, 2021, 6:34 AM",Hinesburg,SILVER STREET,SILVER ST,Property Damage Only,Rear End,Clear,Federal Aid Secondary System (Class 2 TH),21HB00067,Hinesburg PD.,3,0.05,None/Other,Day,3366 SILVER STREET,None,None,,VT0041200,Not at a Junction,None,SILVER STREET,Dry,S0199,"44.27891550635264,-73.10947877491856"
4263687,,"January 21, 2021, 7:13 AM",Williston,2929 ST. GEORGE RD,Unknown,Property Damage Only,Other - Explain in Narrative,Freezing Precipitation,"Other Public Roadway (Rest Areas, Shopping Center - anything open to public)",21WT00376,Williston PD.,9,999.99,None/Other,Day,SANDRI'S PARKING LOT,None,None,,VT0041000,Parking Lot,None,2929 ST. GEORGE RD,Wet,0,"44.440545089217046,-73.1140889512335"
4262973,,"January 21, 2021, 7:58 AM",Colchester,Hegeman Avenue,HEGEMAN AVE,Property Damage Only,Other - Explain in Narrative,Freezing Precipitation,Street or Town Highways in FA Urban Area,21CC000604,Colchester PD.,5,999.99,None/Other,Day,Barnes Avenue,None,None,,VT0040500,Four-way Intersection,"Road Surface Condition(wet, icy, snow, slush, etc)",Hegeman Avenue,Snow,0,"44.50298374766116,-73.15297212133852"
4263548,,"January 21, 2021, 9:23 AM",Burlington,Main St,US-2,Injury,"No Turns, Thru moves only, Broadside ^<",Freezing Precipitation,"State Highway numbered route, Class 1 TH",21BU000809,Burlington PD,11,0.75,None/Other,Day,East Ave,None,None,,VT0040100,Four-way Intersection,"Road Surface Condition(wet, icy, snow, slush, etc)",Main St,Snow,20,"44.47309801846329,-73.19143530425055"
4263663,,"January 21, 2021, 12:09 PM",Hinesburg,HOLLOW RD,HOLLOW RD,Property Damage Only,Single Vehicle Crash,Freezing Precipitation,Federal Aid Secondary System (Class 2 TH),21HB00068,Hinesburg PD.,3,2.11,None/Other,Day,2134 HOLLOW RD,None,None,,VT0041200,Not at a Junction,"Road Surface Condition(wet, icy, snow, slush, etc)",HOLLOW RD,Snow,S0212,"44.28815758773303,-73.02978937126476"
4263625,,"January 21, 2021, 2:40 PM",Richmond,607 Jericho Rd,JERICHO RD,Property Damage Only,Opp Direction Sideswipe,Freezing Precipitation,Federal Aid Secondary System (Class 2 TH),21RM00027,Richmond PD.,3,5.82,None/Other,Day,Jericho Rd,None,Heavy Truck,,VT0040800,T - Intersection,"Shoulders (none, low, soft, high)",607 Jericho Rd,Snow,S0209,"44.4137956863773,-72.9906249254886"
4263551,,"January 22, 2021, 12:36 PM",Colchester,218 LOWER MOUNTAIN VIEW DRIVE,ROOSEVELT HWY,Property Damage Only,Opp Direction Sideswipe,Cloudy,"Other Public Roadway (Rest Areas, Shopping Center - anything open to public)",21CC000636,Colchester PD.,9,999.99,None/Other,Day,HERCULES DRIVE,None,None,,VT0040500,Parking Lot,None,218 LOWER MOUNTAIN VIEW DRIVE,Dry,0,"44.51126317014208,-73.17921172476716"
4263547,,"January 22, 2021, 1:00 PM",Colchester,1218 EAST ROAD,EAST ROAD,Property Damage Only,Other - Explain in Narrative,Clear,Federal Aid Urban System (Class 2 TH's and 3 TH's only),21CC000640,Colchester PD.,2,1.18,None/Other,Day,,None,None,,VT0040500,Not at a Junction,None,1218 EAST ROAD,Dry,U5610,"44.55814224021401,-73.13603202510795"
4263680,,"January 22, 2021, 6:05 PM",Milton,Westford Rd,WESTFORD RD,Property Damage Only,Single Vehicle Crash,Clear,Federal Aid Urban System (Class 2 TH's and 3 TH's only),21MT000278,Milton PD.,2,999.99,None/Other,Night,Clay Ridge Rd,None,None,,VT0040600,Not at a Junction,"Road Surface Condition(wet, icy, snow, slush, etc)",Westford Rd,Snow,U5808,"44.63878174784928,-73.10000730629886"
4247670,,"January 22, 2021, 7:37 PM",Colchester,COLLEGE PARKWAY,VT-15,Property Damage Only,Same Direction Sideswipe,Clear,"State Highway numbered route, State owned",21CC000654,Colchester PD.,10,0.93,None/Other,Night,NATIONAL GUARD ROAD,None,None,,VT0040500,Four-way Intersection,Unknown,COLLEGE PARKWAY,Dry,150,"44.498576571347364,-73.15623690953456"
4264292,,"January 23, 2021, 12:11 AM",Essex,VT-289,VT-289,Property Damage Only,Single Vehicle Crash,Freezing Precipitation,Ramp or Spur,21ES00384,Essex PD.,7,0,None/Other,Night,Essex Way,None,None,,VT0040200,On Ramp,,VT-289,,2890,"44.503277404897005,-73.07508031829073"
4263575,,"January 23, 2021, 10:27 AM",Burlington,North Ave,NORTH AVE.,Injury,"Left Turn and Thru, Angle Broadside -->v--",Clear,Federal Aid Urban System (Class 2 TH's and 3 TH's only),21BU000899,Burlington PD,2,2.2,None/Other,Day,1127 North Ave Intersection,None,None,,VT0040100,Four-way Intersection,None,North Ave,Dry,U5026,"44.506785859800836,-73.24465240578691"
4264368,,"January 23, 2021, 2:25 PM",South Burlington,8 Timber Ln,Unknown,Property Damage Only,Single Vehicle Crash,Clear,Private Property (Driveways),21SB000621,So. Burlington PD.,8,999.99,None/Other,Day,Kennedyd Dr.,None,None,,VT0040300,Driveway,None,8 Timber Ln,Wet,0,"44.452004088759736,-73.16813402114842"
4262064,,"January 23, 2021, 6:18 PM",Colchester,CREEK FARM ROAD,TOWN ROAD 0016,Property Damage Only,"No Turns, Thru moves only, Broadside ^<",Clear,"City, Village or Urban Compact Street not in FA Urban Area (Class 2 and 3 Non-Federal Aid)",21CC000675,Colchester PD.,6,999.99,None/Other,Night,4TH STREET,None,None,,VT0040500,T - Intersection,None,CREEK FARM ROAD,Dry,T0016,"44.55206014938586,-73.16497353036519"
4263721,,"January 24, 2021, 9:24 AM",Underhill,VT Route 15,VT-15,Property Damage Only,Single Vehicle Crash,Clear,"State Highway numbered route, State owned",21A100254,VSP - A1 Williston,10,4.82,None/Other,Day,Roy Drive (TH#18),None,None,,VTVSP0100,Not at a Junction,None,VT Route 15,Dry,150,"44.592750855787635,-72.93756987875355"
4263898,,"January 24, 2021, 2:18 PM",Colchester,1136 MACRAE ROAD,MACRAE RD,Property Damage Only,Rear-to-rear,Clear,"Other Public Roadway (Rest Areas, Shopping Center - anything open to public)",21CC000701,Colchester PD.,9,999.99,None/Other,Day,MACRAE FARM PARK,None,None,,VT0040500,Parking Lot,"Road Surface Condition(wet, icy, snow, slush, etc)",1136 MACRAE ROAD,Snow,0,"44.52438381418734,-73.23314203987567"
4263871,,"January 24, 2021, 5:38 PM",Burlington,North Ave,NORTH AVE.,Injury,Other - Explain in Narrative,Clear,Federal Aid Urban System (Class 2 TH's and 3 TH's only),21BU000948,Burlington PD,2,1.19,None/Other,Night,Institute Rd,None,None,,VT0040100,Not at a Junction,None,North Ave,Dry,U5026,"44.49641715851256,-73.23176023971222"
4263713,,"January 24, 2021, 7:08 PM",Colchester,LAKE CHAMPLAIN,VT. 127 TH,Injury,Single Vehicle Crash,Clear,Federal Aid Urban System (Class 2 TH's and 3 TH's only),21CC000706,Colchester PD.,2,2.26,None/Other,Night,MALLETTS BAY,None,None,,VT0040500,Not at a Junction,"Road Surface Condition(wet, icy, snow, slush, etc)",LAKE CHAMPLAIN,Ice,U5600,"44.55122027917029,-73.23258838879369"
4263566,,"January 25, 2021, 7:29 AM",Essex,37 Howard St,VT-117,Property Damage Only,Rear End,Clear,"State Highway numbered route, State owned",21ES00414,Essex PD.,10,0.01,None/Other,Day,Main St,None,Heavy Truck,,VT0040200,Five-point or more,None,37 Howard St,Dry,1170,"44.49047617604261,-73.11104417727854"
4263562,,"January 25, 2021, 9:25 AM",Essex,124 Colchester Rd,VT-2A,Property Damage Only,"Left Turn and Thru, Angle Broadside -->v--",Cloudy,"State Highway numbered route, State owned",21ES00416,Essex PD.,10,1.83,None/Other,Day,Pinecrest Dr,None,None,,VT0040200,T - Intersection,None,124 Colchester Rd,Dry,21,"44.50664188719076,-73.11678782842198"
4263572,,"January 25, 2021, 10:58 AM",Underhill,26 Maple Leaf Road,TOWN ROAD 0036,Property Damage Only,Single Vehicle Crash,Clear,"City, Village or Urban Compact Street not in FA Urban Area (Class 2 and 3 Non-Federal Aid)",21A100271,VSP - A1 Williston,6,999.99,None/Other,Day,Maple Leaf Rd,None,Heavy Truck,,VTVSP0100,Not at a Junction,"Road Surface Condition(wet, icy, snow, slush, etc)",26 Maple Leaf Road,Snow,T0036,"44.50869692086892,-72.86433546115866"
4247726,,"January 25, 2021, 4:37 PM",Burlington,101 Green Acres Dr,Unknown,Property Damage Only,Rear End,Clear,Street or Town Highways in FA Urban Area,21BU000999,Burlington PD,5,999.99,None/Other,Day,Green Acres Dr,None,None,,VT0040100,Not at a Junction,None,101 Green Acres Dr,Dry,0,"44.512019456010435,-73.25736976842369"
4263509,,"January 25, 2021, 4:45 PM",South Burlington,Williston Rd,US-2,Injury,"Left Turn and Thru, Angle Broadside -->v--",Clear,"State Highway numbered route, State owned",21SB000675,So. Burlington PD.,10,2.82,None/Other,Day,Gregory Dr,None,None,,VT0040300,Four-way Intersection,None,Williston Rd,Dry,20,"44.458208018229975,-73.13770613183185"
4263604,,"January 26, 2021, 9:42 AM",South Burlington,1175 Williston Road,US-2,Property Damage Only,Rear End,Cloudy,"State Highway numbered route, Class 1 TH",21SB000700,So. Burlington PD.,11,0.71,None/Other,Day,Kennedy Drive,None,None,,VT0040300,Not at a Junction,"Road Surface Condition(wet, icy, snow, slush, etc)",1175 Williston Road,Dry,20,"44.46809879180004,-73.17698581133168"
4263386,,"January 26, 2021, 12:35 PM",Essex,10 SUSIE WILSON ROAD,SUSIE WILSON RD.,Injury,Rear End,Cloudy,Federal Aid Urban System (Class 2 TH's and 3 TH's only),21CC000726,Colchester PD.,2,0.06,None/Other,Day,JOSHUA WAY,None,Heavy Truck,,VT0040500,Four-way Intersection,None,10 SUSIE WILSON ROAD,Wet,U5410,"44.50501461975237,-73.13721839130106"
4263385,,"January 26, 2021, 2:42 PM",Winooski City,46 Main St,US-7,Property Damage Only,Rear End,Cloudy,"State Highway numbered route, Class 1 TH",21WS000441,Winooski PD.,11,0.17,None/Other,Day,W Center St,None,None,,VT0040400,Traffic circle / roundabout,None,46 Main St,Wet,70,"44.4909902311649,-73.18640635769322"
4263477,,"January 26, 2021, 3:00 PM",Hinesburg,MECHANICSVILLE RD,MECHANICSVILLE RD,Property Damage Only,"Left Turn and Thru, Same Direction Sideswipe/Angle Crash vv--",Clear,Federal Aid Secondary System (Class 2 TH),21HB00078,Hinesburg PD.,3,0.25,None/Other,Day,COMMERCE ST,None,None,,VT0041200,Four-way Intersection,None,MECHANICSVILLE RD,Dry,S0209,"44.334349429130015,-73.10723696344772"
4263799,,"January 26, 2021, 4:39 PM",Winooski City,I89N MM 90,I-89,Injury,Rear End,Clear,"State Highway numbered route, State owned",21A100283,VSP - A1 Williston,10,90,None/Other,Day,,None,None,,VTVSP0100,Not at a Junction,None,I89N MM 90,Dry,890,"44.486438198062004,-73.17358549961509"
4263463,,"January 26, 2021, 11:00 PM",Williston,Walker Hill Road,TOWN ROAD 0018,Property Damage Only,Opp Direction Sideswipe,Clear,"City, Village or Urban Compact Street not in FA Urban Area (Class 2 and 3 Non-Federal Aid)",21WT00465,Williston PD.,6,999.99,None/Other,,South Brownell Road,None,None,,VT0041000,T - Intersection,None,Walker Hill Road,Dry,T0018,"44.43329374130109,-73.13179919599946"
4263497,,"January 27, 2021, 6:36 AM",Colchester,,I-89,Property Damage Only,Rear End,Clear,"State Highway numbered route, State owned",21A100285,VSP - A1 Williston,10,94.4,None/Other,Day,MM 94.4 SB,None,None,,VTVSP0100,Not at a Junction,None,,Dry,890,"44.543516394164534,-73.19620151860924"
4263560,,"January 27, 2021, 6:36 AM",Colchester,,I-89,Property Damage Only,Same Direction Sideswipe,Cloudy,"State Highway numbered route, State owned",21A100287,VSP - A1 Williston,10,94.4,None/Other,Day,MM 94.4 SB,None,None,,VTVSP0100,Not at a Junction,None,,Dry,890,"44.543516394164534,-73.19620151860924"
4263856,,"January 27, 2021, 7:18 AM",Richmond,Route 2,US-2,Property Damage Only,Same Direction Sideswipe,Cloudy,"State Highway numbered route, State owned",21A100286,VSP - A1 Williston,10,4.64,None/Other,Day,Snipe Ireland Road (TH#12),None,None,,VTVSP0100,Driveway,None,Route 2,Slush,20,"44.39645228089794,-72.96020923215723"
4262096,,"January 27, 2021, 2:59 PM",Colchester,College Parkway,VT-15,Injury,Rear End,Cloudy,"State Highway numbered route, State owned",21CC000806,Colchester PD.,10,0.81,None/Other,Day,Cumberland Farms,None,None,,VT0040500,Not at a Junction,None,College Parkway,Dry,150,"44.49760119531393,-73.15822587117988"
4263335,,"January 27, 2021, 9:53 PM",Burlington,Route 127,VT. 127 BELTLINE,Property Damage Only,Same Direction Sideswipe,Freezing Precipitation,Federal Aid Urban System (Class 2 TH's and 3 TH's only),21BU001082,Burlington PD,2,0.02,Deer,Night,Manhattan Dr,None,None,,VT0040100,Not at a Junction,Unknown,Route 127,Snow,U5009,"44.487491561763825,-73.21944116464707"
4263508,,"January 28, 2021, 9:33 AM",South Burlington,75 San Remo Drive,Unknown,Property Damage Only,Same Direction Sideswipe,Cloudy,"Other Public Roadway (Rest Areas, Shopping Center - anything open to public)",21SB000749,So. Burlington PD.,9,999.99,None/Other,Day,,None,None,,VT0040300,Parking Lot,None,75 San Remo Drive,Wet,0,"44.4588002075602,-73.17856551705874"
4263441,,"January 28, 2021, 4:12 PM",Westford,VT Route 128,VT-128,Property Damage Only,Rear End,Clear,"State Highway numbered route, State owned",21A100304,VSP - A1 Williston,10,5.71,None/Other,Day,Westford Milton Road,None,None,,VTVSP0100,Not at a Junction,None,VT Route 128,Dry,1280,"44.63545932601308,-73.01772276261624"
4262284,,"January 28, 2021, 5:01 PM",Winooski City,25 Winooski Falls Way,E. CANAL ST.,Injury,Other - Explain in Narrative,Clear,Federal Aid Urban System (Class 2 TH's and 3 TH's only),21WS000468,Winooski PD.,2,0.05,None/Other,Night,Crosswalk By The Bus Stop,None,Pedestrian,,VT0040400,Other - Explain in Narrative,None,25 Winooski Falls Way,Dry,U5111,"44.49024976651065,-73.18493150124861"
4263412,,"January 29, 2021, 9:10 AM",Winooski City,Main St,US-7,Property Damage Only,Rear End,Clear,"State Highway numbered route, Class 1 TH",21WS000477,Winooski PD.,11,0.44,None/Other,Day,E Spring St,Alcohol,Heavy Truck,,VT0040400,Four-way Intersection,None,Main St,Dry,70,"44.49477540073497,-73.18617144129236"
4263472,,"January 29, 2021, 11:49 AM",Williston,57 Munson Way,Unknown,Property Damage Only,Rear-to-rear,Clear,"Other Public Roadway (Rest Areas, Shopping Center - anything open to public)",21WT00515,Williston PD.,9,999.99,None/Other,Day,Williston Rd,None,None,,VT0041000,Parking Lot,None,57 Munson Way,Dry,0,"44.45778669587906,-73.12760143711405"
4263503,,"January 29, 2021, 4:07 PM",South Burlington,1184 Williston Rd,US-2,Property Damage Only,"Left Turn and Thru, Broadside v<--",Clear,"State Highway numbered route, Class 1 TH",21SB000794,So. Burlington PD.,11,0.72,None/Other,Day,Mary St,None,None,,VT0040300,T - Intersection,None,1184 Williston Rd,Dry,20,"44.46805318219571,-73.17680035904985"
4263492,,"January 29, 2021, 4:25 PM",Williston,1 N Williston Rd,US-2,Property Damage Only,Head On,Cloudy,"State Highway numbered route, State owned",21WT00520,Williston PD.,10,3.74,None/Other,Day,Oak Hill Rd,None,None,,VT0041000,Four-way Intersection,None,1 N Williston Rd,Dry,20,"44.437482376077874,-73.06815230146587"
4262868,,"January 29, 2021, 5:00 PM",Winooski City,EAST ALLEN,VT-15,Property Damage Only,Same Direction Sideswipe,Cloudy,"State Highway numbered route, State owned",21CC000878,Colchester PD.,10,0.44,None/Other,Night,MANSEAU STREET,None,None,,VT0040500,T - Intersection,None,EAST ALLEN,Dry,150,"44.492906196917794,-73.1774600756182"
4263490,,"January 30, 2021, 11:30 AM",Williston,6960 WILLISTON ROAD,US-2,Property Damage Only,"Left Turn and Thru, Broadside v<--",Cloudy,"State Highway numbered route, State owned",21WT00536,Williston PD.,10,2.55,None/Other,Day,TIMOTHY WAY,None,None,,VT0041000,Driveway,None,6960 WILLISTON ROAD,Dry,20,"44.44265648890987,-73.09067628273986"
4262479,,"January 30, 2021, 1:28 PM",Burlington,Main St,MAIN ST.,Injury,Other - Explain in Narrative,Clear,Federal Aid Urban System (Class 2 TH's and 3 TH's only),21BU001193,Burlington PD,2,0.17,None/Other,Day,Pine St,None,Pedestrian,,VT0040100,Four-way Intersection,None,Main St,Dry,U5022,"44.47582726144295,-73.21555570294723"
4263451,,"January 31, 2021, 11:25 AM",St. George,7069 VT-2A,VT-2A,Property Damage Only,Rear End,Clear,"State Highway numbered route, State owned",21A100327,VSP - A1 Williston,10,1.56,None/Other,Day,Goose Creek Rd,None,None,,VTVSP0100,Not at a Junction,None,7069 VT-2A,Dry,21,"44.391928359638754,-73.12776616824938"
4262269,,"January 31, 2021, 2:49 PM",South Burlington,Williston Rd,US-2,Property Damage Only,Rear End,Freezing Precipitation,"State Highway numbered route, State owned",21SB000845,So. Burlington PD.,10,2.56,None/Other,Day,Shunpike Rd,None,None,,VT0040300,Four-way Intersection,"Road Surface Condition(wet, icy, snow, slush, etc)",Williston Rd,Wet,20,"44.458470146112205,-73.1427669633891"
4263308,,"February 1, 2021, 6:58 AM",Colchester,MAIN STREET,MAIN ST,Property Damage Only,"No Turns, Thru moves only, Broadside ^<",Clear,,21CC000937,Colchester PD.,,,None/Other,Day,COLCHESTER FIRE STATION,None,Heavy Truck,,VT0040500,Driveway,None,MAIN STREET,Dry,,"44.547122744799125,-73.15663670007143"
4263306,,"February 1, 2021, 8:53 AM",Bolton,Interstate 89,I-89,Property Damage Only,Single Vehicle Crash,Clear,"State Highway numbered route, State owned",21A100332,VSP - A1 Williston,10,70.72,None/Other,Day,Joiner Ln,None,None,,VTVSP0100,Not at a Junction,None,Interstate 89,Dry,890,"44.37383376111264,-72.88145110912204"
4249789,,"February 1, 2021, 10:58 AM",Burlington,Colchester Ave,COLCHESTER AVE,Property Damage Only,Single Vehicle Crash,Clear,,21BU001268,Burlington PD,,,None/Other,Day,Barrett St,None,Heavy Truck,,VT0040100,Other - Explain in Narrative,None,Colchester Ave,Dry,,"44.48793639340209,-73.18673407541698"
4262192,,"February 1, 2021, 11:24 AM",Burlington,North St,NORTH ST,Property Damage Only,"No Turns, Thru moves only, Broadside ^<",Clear,,21BU001275,Burlington PD,,,None/Other,Day,Park St,None,None,,VT0040100,Four-way Intersection,None,North St,Ice,,"44.484539645577584,-73.21934963320429"
4262241,,"February 1, 2021, 4:30 PM",Colchester,I89,INTERSTATE 89,Injury,Single Vehicle Crash,Cloudy,,21CC000953,Colchester PD.,,,None/Other,Day,MM 96.6,None,None,,VT0040500,Not at a Junction,None,I89,Dry,,"44.586281509942104,-73.17164746339421"
4261968,,"February 1, 2021, 5:48 PM",Charlotte,2353 Lake Rd,LAKE RD,Injury,Single Vehicle Crash,Cloudy,,21SH00810,Shelburne PD.,,,None/Other,Night,Windswept Ln,None,None,,VT0040700,Not at a Junction,None,2353 Lake Rd,Dry,,"44.32072895781622,-73.27727144902977"
4263434,,"February 1, 2021, 6:17 PM",South Burlington,1425 Williston Rd,WILLISTON RD,Property Damage Only,"No Turns, Thru moves only, Broadside ^<",Clear,,21SB000881,So. Burlington PD.,,,None/Other,Night,Davis Pkwy,None,None,,VT0040300,Driveway,None,1425 Williston Rd,Dry,,"44.46609161737639,-73.16756580899437"
4263417,,"February 2, 2021, 5:55 AM",Williston,7900 Williston Rd,,Property Damage Only,Other - Explain in Narrative,Freezing Precipitation,,21WT00586,Williston PD.,,,None/Other,Night,Williston Town Hall,None,None,,VT0041000,Parking Lot,,7900 Williston Rd,,,"44.437878582405,-73.07303664016567"
4257989,,"February 2, 2021, 7:59 AM",Colchester,253 Main St,MAIN ST,Property Damage Only,Rear-to-rear,Freezing Precipitation,,21CC000961,Colchester PD.,,,None/Other,Day,MAIN STREET,None,None,,VT0040500,Parking Lot,Unknown,253 Main St,Snow,,"44.5484504288029,-73.16048999272505"
4263346,,"February 2, 2021, 9:48 AM",Winooski City,Union St,UNION ST,Property Damage Only,Same Direction Sideswipe,Freezing Precipitation,,21WS000533,Winooski PD.,,,None/Other,Day,North St,None,None,,VT0040400,Not at a Junction,,Union St,Snow,,"44.4935791777997,-73.18974376216227"
4263370,,"February 2, 2021, 12:00 PM",Williston,Merchants Row,MERCHANTS ROW,Property Damage Only,Head On,Freezing Precipitation,,21WT00590,Williston PD.,,,None/Other,Day,Wright Ave,None,None,,VT0041000,T - Intersection,"Road Surface Condition(wet, icy, snow, slush, etc)",Merchants Row,Snow,,"44.44735852612906,-73.11226331017173"
4247096,,"February 2, 2021, 12:09 PM",South Burlington,,I-189,Property Damage Only,Single Vehicle Crash,Freezing Precipitation,Ramp or Spur,21A100346,VSP - A1 Williston,7,0.22,None/Other,Day,Route 7,None,Heavy Truck,,VTVSP0100,Other - Explain in Narrative,"Road Surface Condition(wet, icy, snow, slush, etc)",,Snow,1890,"44.448353625459575,-73.20860205953778"