ObjectID,Mapped,Crash Date,City/Town,Address,AOT Route,Crash Type,Collision Direction,Weather,Road Group,Report Number,Reporting Agency,Road Group ID,AOT Actual Milepoint,Animal,Time of Day,Intersection With,Impairment,Involving,Non Reportable Address,Reporting Agency ID,Road Characteristics,Road Condition,Street Address,Surface Condition,AOT Route ID,Coordinates
4248431,,"February 2, 2021, 12:13 PM",Colchester,790 College Pkwy,COLLEGE PKWY,Property Damage Only,Rear End,Freezing Precipitation,,21CC000969,Colchester PD.,,,None/Other,Day,College Parkway,None,None,,VT0040500,Not at a Junction,None,790 College Pkwy,Snow,,"44.49763598396,-73.1580425721085"
4263392,,"February 2, 2021, 1:28 PM",Essex,6 Susie Wilson Rd,SUNDERLAND WAY,Property Damage Only,"Right Turn and Thru, Broadside ^<--",Freezing Precipitation,,21ES00539,Essex PD.,,,None/Other,Day,Gero Ct,None,None,,VT0040200,Parking Lot,Other - Explain in Narrative,6 Susie Wilson Rd,Snow,,"44.50777899739101,-73.14158141803017"
4263407,,"February 2, 2021, 2:33 PM",Williston,5085 Williston Rd,WILLISTON RD,Property Damage Only,Rear End,Freezing Precipitation,,21WT00593,Williston PD.,,,None/Other,Day,S Brownell Rd,None,None,,VT0041000,Four-way Intersection,"Road Surface Condition(wet, icy, snow, slush, etc)",5085 Williston Rd,Snow,,"44.45492176154069,-73.12323592889877"
4263310,,"February 2, 2021, 4:27 PM",Winooski City,165 E Spring St,E SPRING ST,Property Damage Only,Head On,Freezing Precipitation,,21WS000540,Winooski PD.,,,None/Other,Day,E Allen St,None,None,,VT0040400,Y - Intersection,"Road Surface Condition(wet, icy, snow, slush, etc)",165 E Spring St,Snow,,"44.49268071432698,-73.17898342614495"
4264553,,"February 2, 2021, 4:47 PM",Richmond,Mile Marker 75.8,I-89,Injury,Rear End,Freezing Precipitation,"State Highway numbered route, State owned",21A100355,VSP - A1 Williston,10,75.8,None/Other,Day,Richmond Flats,None,Heavy Truck,,VTVSP0100,Not at a Junction,"Road Surface Condition(wet, icy, snow, slush, etc)",Mile Marker 75.8,Snow,890,"44.39805057945799,-72.97675082582217"
4263430,,"February 2, 2021, 8:12 PM",Burlington,Main St,MAIN ST,Property Damage Only,"No Turns, Thru moves only, Broadside ^<",Freezing Precipitation,,21BU001327,Burlington PD,,,None/Other,Night,East Ave,None,None,,VT0040100,Four-way Intersection,"Road Surface Condition(wet, icy, snow, slush, etc)",Main St,Snow,,"44.473054266317405,-73.19134226515655"
4263353,,"February 3, 2021, 6:19 AM",Williston,S. BROWNELL ROAD,S BROWNELL RD,Property Damage Only,Rear End,Cloudy,,21WT00601,Williston PD.,,,None/Other,Day,PIONEER DRIVE,None,None,,VT0041000,T - Intersection,Unknown,S. BROWNELL ROAD,Wet,,"44.442920601519866,-73.1306707191761"
4263404,,"February 3, 2021, 7:59 AM",Burlington,St Paul St,SAINT PAUL ST,Property Damage Only,Same Direction Sideswipe,Clear,,21BU001340,Burlington PD,,,None/Other,Day,Howard St,None,None,,VT0040100,Five-point or more,"Road Surface Condition(wet, icy, snow, slush, etc)",St Paul St,Snow,,"44.467296630866386,-73.20970328453166"
4263719,,"February 3, 2021, 8:54 AM",Burlington,Loomis St,LOOMIS ST,Property Damage Only,Opp Direction Sideswipe,Clear,,21BU001346,Burlington PD,,,None/Other,Day,Isham St,None,None,,VT0040100,Four-way Intersection,None,Loomis St,Snow,,"44.48321176945524,-73.20686540679054"
4263408,,"February 3, 2021, 11:48 AM",South Burlington,974 Shelburne Rd,,Property Damage Only,Same Direction Sideswipe,Cloudy,,21SB000964,So. Burlington PD.,,,None/Other,Day,Laurel Hill Dr,None,Heavy Truck,,VT0040300,Parking Lot,"Road Surface Condition(wet, icy, snow, slush, etc)",974 Shelburne Rd,Slush,,"44.4421333506887,-73.20962670057028"
4263611,,"February 3, 2021, 2:30 PM",Winooski City,Main St,MAIN ST,Injury,Rear End,Freezing Precipitation,,21WS000553,Winooski PD.,,,None/Other,Day,Bellevue St,None,None,,VT0040400,T - Intersection,None,Main St,Slush,,"44.499527977707785,-73.183727946518"
4263375,,"February 3, 2021, 2:58 PM",South Burlington,Interstate 89,I-89,Property Damage Only,Same Direction Sideswipe,Freezing Precipitation,Ramp or Spur,21A100367,VSP - A1 Williston,7,0.32,None/Other,Day,Exit 14 SB On Ramp,None,None,,VTVSP0100,On Ramp,None,Interstate 89,Slush,890,"44.46675517238347,-73.18568476862417"
4262225,,"February 3, 2021, 3:54 PM",Colchester,ROOSEVELT HIGHWAY,ROOSEVELT HWY,Property Damage Only,Rear End,Freezing Precipitation,,21CC001008,Colchester PD.,,,None/Other,Day,EXIT 16,None,None,,VT0040500,Four-way Intersection,"Road Surface Condition(wet, icy, snow, slush, etc)",ROOSEVELT HIGHWAY,Snow,,"44.5061502222126,-73.1809380961711"
4262535,,"February 3, 2021, 4:06 PM",Essex,18 Pearl St,PEARL ST,Property Damage Only,Rear End,Freezing Precipitation,,21ES00560,Essex PD.,,,None/Other,Day,Pearl St,None,None,,VT0040200,Not at a Junction,"Road Surface Condition(wet, icy, snow, slush, etc)",18 Pearl St,Snow,,"44.49101093066362,-73.11302157825476"
4256667,,"February 3, 2021, 5:19 PM",Burlington,397 St Paul St,,Property Damage Only,"No Turns, Thru moves only, Broadside ^<",Freezing Precipitation,,21BU001362,Burlington PD,,,None/Other,Night,St Paul St,None,None,,VT0040100,T - Intersection,"Road Surface Condition(wet, icy, snow, slush, etc)",397 St Paul St,Snow,,"44.468096930007604,-73.21242703481059"
4263714,,"February 4, 2021, 6:59 AM",Burlington,106 N Willard St,N WILLARD ST,Property Damage Only,"No Turns, Thru moves only, Broadside ^<",Clear,,21BU001386,Burlington PD,,,None/Other,Day,Henry St,None,None,,VT0040100,Driveway,None,106 N Willard St,Snow,,"44.48412676238554,-73.20584494398578"
4264447,,"February 4, 2021, 7:10 AM",Williston,147 Avenue D,,Property Damage Only,"No Turns, Thru moves only, Broadside ^<",Clear,,21WT00627,Williston PD.,,,None/Other,Day,Industrial Ave,None,None,,VT0041000,Driveway,None,147 Avenue D,Snow,,"44.46461513071511,-73.12141634077425"
4264211,,"February 4, 2021, 7:29 AM",South Burlington,1675 Shelburne Rd,,Property Damage Only,Head On,Clear,,21SB000991,So. Burlington PD.,,,None/Other,Day,Key Auto Parking Lot,None,None,,VT0040300,Parking Lot,"Road Surface Condition(wet, icy, snow, slush, etc)",1675 Shelburne Rd,Snow,,"44.42679291113292,-73.21191512774901"
4263874,,"February 4, 2021, 7:38 AM",Colchester,ROUTE 7,ROOSEVELT HWY,Property Damage Only,Rear End,Clear,,21CC001025,Colchester PD.,,,None/Other,Day,BLAKELY ROAD,None,Heavy Truck,,VT0040500,Four-way Intersection,None,ROUTE 7,Wet,,"44.52886391375276,-73.17195595989797"
4263230,,"February 4, 2021, 7:49 AM",Burlington,S Winooski Ave,S WINOOSKI AVE,Injury,Rear End,Clear,,21BU001391,Burlington PD,,,None/Other,Day,College St,None,None,,VT0040100,Four-way Intersection,None,S Winooski Ave,Wet,,"44.477157645393206,-73.21104675613371"
4263095,,"February 4, 2021, 11:07 AM",Williston,MARSHAL AVE,MARSHALL AVE,Property Damage Only,Rear End,Cloudy,,21WT00632,Williston PD.,,,None/Other,Day,S. BROWNELL ROAD,None,None,,VT0041000,Four-way Intersection,None,MARSHAL AVE,Wet,,"44.44562251666269,-73.1286646323703"
4249289,,"February 4, 2021, 11:41 AM",Burlington,Main St,MAIN ST,Injury,"No Turns, Thru moves only, Broadside ^<",Clear,,21BU001413,Burlington PD,,,None/Other,Day,East Ave,None,None,,VT0040100,Other - Explain in Narrative,None,Main St,Dry,,"44.473054266317405,-73.19134226515655"
4262274,,"February 4, 2021, 3:34 PM",South Burlington,Williston Rd,WILLISTON RD,Property Damage Only,Same Direction Sideswipe,Clear,,21SB001019,So. Burlington PD.,,,None/Other,Day,Dorset St,None,None,,VT0040300,Four-way Intersection,None,Williston Rd,Dry,,"44.46926817288385,-73.18132602667413"
4263137,,"February 5, 2021, 9:02 AM",Colchester,ROOSEVELT HIGHWAY,ROOSEVELT HWY,Property Damage Only,"Right Turn and Thru, Angle Broadside -->^--",Freezing Precipitation,,21CC001065,Colchester PD.,,,None/Other,Day,WHITCOMB STREET,None,None,,VT0040500,Not at a Junction,None,ROOSEVELT HIGHWAY,Snow,,"44.50439118167766,-73.1816344112418"
4262273,,"February 5, 2021, 9:42 AM",Underhill,RT 15,VT-15,Property Damage Only,Rear End,Freezing Precipitation,"State Highway numbered route, State owned",21A100392,VSP - A1 Williston,10,1.34,None/Other,Day,Cilley Hill Rd.,None,None,,VTVSP0100,T - Intersection,"Road Surface Condition(wet, icy, snow, slush, etc)",RT 15,Snow,150,"44.54373444224176,-72.9487478799688"
4263323,,"February 5, 2021, 4:38 PM",South Burlington,760 Shelburne Rd,SHELBURNE RD,Property Damage Only,Same Direction Sideswipe,Cloudy,,21SB001061,So. Burlington PD.,,,None/Other,Day,Swift St,None,None,,VT0040300,T - Intersection,"Worn, travel-polished surface",760 Shelburne Rd,Wet,,"44.445932342897464,-73.20943400139883"
4262251,,"February 5, 2021, 4:50 PM",Colchester,ROOSEVELT HIGHWAY,ROOSEVELT HWY,Property Damage Only,Rear End,Clear,,21CC001079,Colchester PD.,,,None/Other,Day,MOUNTAIN VIEW DRIVE,None,None,,VT0040500,Four-way Intersection,None,ROOSEVELT HIGHWAY,Wet,,"44.507259846912454,-73.18048570535838"
4263435,,"February 5, 2021, 7:59 PM",Burlington,University Pl,UNIVERSITY PL,Property Damage Only,"No Turns, Thru moves only, Broadside ^<",Freezing Precipitation,,21BU001493,Burlington PD,,,None/Other,Night,Colchester Ave,None,None,,VT0040100,T - Intersection,"Road Surface Condition(wet, icy, snow, slush, etc)",University Pl,Snow,,"44.480621459405505,-73.19976068880158"
4262050,,"February 5, 2021, 9:36 PM",Williston,Essex Road,ESSEX RD,Property Damage Only,Rear End,Freezing Precipitation,,21WT00668,Williston PD.,,,None/Other,Night,Zephyr Road,None,None,,VT0041000,Four-way Intersection,"Road Surface Condition(wet, icy, snow, slush, etc)",Essex Road,Snow,,"44.45354548624279,-73.11146100810706"
4262107,,"February 6, 2021, 6:18 AM",Colchester,Roosevelt Highway,ROOSEVELT HWY,Property Damage Only,Single Vehicle Crash,Freezing Precipitation,,21CC001093,Colchester PD.,,,None/Other,Day,South Park Drive,None,Heavy Truck,,VT0040500,T - Intersection,None,Roosevelt Highway,Snow,,"44.503750991189996,-73.18184072907869"
4263321,,"February 6, 2021, 8:00 AM",South Burlington,87 Patchen Rd,WILLISTON RD,Property Damage Only,Rear End,Cloudy,,21SB0001083,So. Burlington PD.,,,None/Other,Day,Hinesburg Road,None,None,,VT0040300,Not at a Junction,"Road Surface Condition(wet, icy, snow, slush, etc)",87 Patchen Rd,Ice,,"44.466968226124116,-73.1715470612625"
4255122,,"February 6, 2021, 8:48 AM",Williston,St. George Road,SAINT GEORGE RD,Property Damage Only,Rear End,Cloudy,,21WT00680,Williston PD.,,,None/Other,Day,Marshall Ave,None,None,,VT0041000,Four-way Intersection,"Road Surface Condition(wet, icy, snow, slush, etc)",St. George Road,Snow,,"44.44413546563988,-73.11249345376041"
4263320,,"February 6, 2021, 12:42 PM",South Burlington,Williston Road at Alpine Shop,WILLISTON RD,Property Damage Only,"Left Turn and Thru, Angle Broadside -->v--",Clear,,21SB001092,So. Burlington PD.,,,None/Other,Day,Mary St,None,None,,VT0040300,Not at a Junction,None,Williston Road at Alpine Shop,Dry,,"44.467912000809015,-73.17632095897359"
4263873,,"February 6, 2021, 3:13 PM",Milton,W Milton Rd,W MILTON RD,Property Damage Only,Single Vehicle Crash,Cloudy,,21MT000491,Milton PD.,,,None/Other,Day,Orr Ln,None,None,,VT0040600,Not at a Junction,None,W Milton Rd,Wet,,"44.613634871481075,-73.17009765914109"
4262285,,"February 7, 2021, 6:37 PM",Winooski City,E Allen St,E ALLEN ST,Property Damage Only,"Left Turn and Thru, Same Direction Sideswipe/Angle Crash vv--",Freezing Precipitation,,21WS000610,Winooski PD.,,,None/Other,Night,Abenaki Way,None,None,,VT0040400,Four-way Intersection,None,E Allen St,Wet,,"44.49158310450402,-73.18195038882907"
4262248,,"February 7, 2021, 10:22 PM",Colchester,Colchester Point Road,COLCHESTER POINT RD,Property Damage Only,Single Vehicle Crash,Cloudy,,21CC001142,Colchester PD.,,,None/Other,Night,1345 Colchester Point Road,Alcohol,None,,VT0040500,Not at a Junction,None,Colchester Point Road,Ice,,"44.542505739572505,-73.2823948355775"
4263148,,"February 8, 2021, 12:55 AM",Burlington,315 Riverside Ave,RIVERSIDE AVE,Property Damage Only,Head On,Clear,,21BU001578,Burlington PD,,,None/Other,Night,N Prospect St,None,None,,VT0040100,Not at a Junction,"Road Surface Condition(wet, icy, snow, slush, etc)",315 Riverside Ave,Wet,,"44.48898512346148,-73.20241037953019"
4262210,,"February 8, 2021, 7:03 AM",Colchester,ROOSEVELT HIGHWAY,ROOSEVELT HWY,Property Damage Only,Rear End,Clear,,21CC001150,Colchester PD.,,,None/Other,Day,CREEK FARM ROAD,None,None,,VT0040500,Four-way Intersection,None,ROOSEVELT HIGHWAY,Dry,,"44.55128435883242,-73.1637439110024"
4263734,,"February 8, 2021, 8:50 AM",Burlington,Locust St,LOCUST ST,Property Damage Only,Opp Direction Sideswipe,Clear,,21BU001592,Burlington PD,,,None/Other,Day,Charlotte St,None,Heavy Truck,,VT0040100,T - Intersection,None,Locust St,Dry,,"44.46299989053827,-73.21168847606484"
4246326,,"February 8, 2021, 9:10 AM",Hinesburg,8281 VT-116,,Property Damage Only,Single Vehicle Crash,Clear,,21HB00118,Hinesburg PD.,,,None/Other,Day,BOX 8281,None,None,,VT0041200,Not at a Junction,None,8281 VT-116,Dry,,"44.36163897134692,-73.12279140111082"
4262233,,"February 8, 2021, 3:43 PM",Williston,St George Rd,SAINT GEORGE RD,Property Damage Only,Rear End,Clear,,21WT00714,Williston PD.,,,None/Other,Day,Williston Rd,None,None,,VT0041000,Four-way Intersection,None,St George Rd,Dry,,"44.44960694751371,-73.11085455357414"
4264455,,"February 8, 2021, 7:09 PM",Colchester,ROOSEVELT HIGHWAY,ROOSEVELT HWY,Property Damage Only,Single Vehicle Crash,Clear,,21CC001177,Colchester PD.,,,Wild,Night,ELM HILL FARM,None,None,,VT0040500,Not at a Junction,None,ROOSEVELT HIGHWAY,Dry,,"44.57013231486826,-73.15537221979301"
4264559,,"February 9, 2021, 6:10 AM",Burlington,Park St,PARK ST,Property Damage Only,"No Turns, Thru moves only, Broadside ^<",Freezing Precipitation,,21BU001638,Burlington PD,,,None/Other,Day,North St,None,None,,VT0040100,Four-way Intersection,"Road Surface Condition(wet, icy, snow, slush, etc)",Park St,Slush,,"44.484539645577584,-73.21934963320429"
4263712,,"February 9, 2021, 6:28 AM",Burlington,S Union St,,Property Damage Only,"No Turns, Thru moves only, Broadside ^<",Cloudy,,21BU001639,Burlington PD,,,None/Other,Day,431 S Union St,None,None,,VT0040100,Not at a Junction,"Road Surface Condition(wet, icy, snow, slush, etc)",S Union St,Snow,,"44.4680718010248,-73.20837229926866"
4263754,,"February 9, 2021, 9:40 AM",Colchester,College Parkway,COLLEGE PKWY,Property Damage Only,Rear End,Freezing Precipitation,,21CC001194,Colchester PD.,,,None/Other,Day,Lime Kiln Road,None,Heavy Truck,,VT0040500,T - Intersection,"Road Surface Condition(wet, icy, snow, slush, etc)",College Parkway,Snow,,"44.49290781553892,-73.16640063718974"
4248255,,"February 9, 2021, 11:02 AM",Burlington,North St,NORTH ST,Property Damage Only,Opp Direction Sideswipe,Freezing Precipitation,,21BU001655,Burlington PD,,,None/Other,Day,Russell St,None,Heavy Truck,,VT0040100,Not at a Junction,Other - Explain in Narrative,North St,Snow,,"44.48491624521705,-73.20688303049799"
4248377,,"February 9, 2021, 12:19 PM",Essex,31 Browns River Rd,BROWNS RIVER RD,Property Damage Only,Single Vehicle Crash,Freezing Precipitation,,21ES00661,Essex PD.,,,None/Other,Day,Marion Ave,None,None,,VT0040200,Not at a Junction,"Road Surface Condition(wet, icy, snow, slush, etc)",31 Browns River Rd,Slush,,"44.51293671097553,-73.05242823737784"
4258998,,"February 9, 2021, 3:21 PM",Burlington,Route 127,VT ROUTE 127,Property Damage Only,Head On,Cloudy,,21BU001668,Burlington PD,,,None/Other,Day,North Ave Exit,None,None,,VT0040100,Not at a Junction,"Road Surface Condition(wet, icy, snow, slush, etc)",Route 127,Snow,,"44.52431821289396,-73.25541825662073"
4262190,,"February 10, 2021, 7:08 AM",Burlington,Spring St,,Property Damage Only,"Right Turn, Same Direciton, Rear End ^--^--",Clear,,21BU001699,Burlington PD,,,None/Other,Day,38 Spring St,None,None,,VT0040100,Driveway,"Road Surface Condition(wet, icy, snow, slush, etc)",Spring St,Snow,,"44.48722513356487,-73.21343414362713"
4263169,,"February 10, 2021, 10:06 AM",Burlington,N Prospect St,N PROSPECT ST,Property Damage Only,Rear End,Clear,,21BU001712,Burlington PD,,,None/Other,Day,Henry St,None,None,,VT0040100,T - Intersection,None,N Prospect St,Wet,,"44.48426486494195,-73.20139058325037"
4251926,,"February 10, 2021, 12:08 PM",Essex,98 Pearl St,PEARL ST,Property Damage Only,Opp Direction Sideswipe,Clear,,21ES00672,Essex PD.,,,None/Other,Day,,None,None,,VT0040200,Not at a Junction,None,98 Pearl St,Dry,,"44.49495323229839,-73.12124809348238"
4249325,,"February 10, 2021, 1:00 PM",Williston,194 Retail Way,,Property Damage Only,Same Direction Sideswipe,Cloudy,,21WT00736,Williston PD.,,,None/Other,Day,Marshalls Parking Lot,None,None,,VT0041000,Parking Lot,None,194 Retail Way,Dry,,"44.444168650975804,-73.11469221955296"
4263399,,"February 10, 2021, 5:40 PM",Essex,44 Park Street,VT-15,Fatal,Other - Explain in Narrative,Clear,"State Highway numbered route, Class 1 TH",21ES00678,Essex PD.,11,0.44,None/Other,Night,Franklin Street,None,Pedestrian,,VT0040200,Four-way Intersection,None,44 Park Street,Wet,150,"44.50409725081772,-73.14086247670012"
4247869,,"February 10, 2021, 9:46 PM",Milton,1215 US Rt 2,,Property Damage Only,Head On,Cloudy,,21MT000538,Milton PD.,,,None/Other,Night,Sandbar State Park,None,None,,VT0040600,Not at a Junction,None,1215 US Rt 2,Wet,,"44.626563658527516,-73.23948523095933"
4262220,,"February 11, 2021, 7:32 AM",Essex,112 West St,WEST ST,Property Damage Only,"Right Turn and Thru, Angle Broadside -->^--",Clear,,21ES00684,Essex PD.,,,None/Other,Day,Hayden St,None,Heavy Truck,,VT0040200,T - Intersection,None,112 West St,Dry,,"44.49404362218886,-73.12795247015097"
4254272,,"February 11, 2021, 2:38 PM",Williston,3063 St George Rd,VT-2A,Property Damage Only,Rear End,Clear,"State Highway numbered route, State owned",21A100470,VSP - A1 Williston,10,2.92,None/Other,Day,I- 89,None,None,,VTVSP0100,Four-way Intersection,None,3063 St George Rd,Dry,21,"44.4387758734534,-73.11537317497626"
4263849,,"February 11, 2021, 3:18 PM",South Burlington,Williston Rd,WILLISTON RD,Property Damage Only,Same Direction Sideswipe,Clear,,21SB001253,So. Burlington PD.,,,None/Other,Day,Hinesburg Rd,None,None,,VT0040300,Other - Explain in Narrative,None,Williston Rd,Wet,,"44.466974328708474,-73.1713241640794"
4263846,,"February 12, 2021, 3:02 PM",Williston,2823 St George Rd,SAINT GEORGE RD,Property Damage Only,"Left Turn and Thru, Angle Broadside -->v--",Clear,,21WT00772,Williston PD.,,,None/Other,Day,I- 89,None,None,,VT0041000,Driveway,None,2823 St George Rd,Dry,,"44.44156326096933,-73.11386094202983"
4263837,,"February 12, 2021, 6:22 PM",South Burlington,Shelburne Rd,SHELBURNE RD,Property Damage Only,Rear End,Clear,,21SB001288,So. Burlington PD.,,,None/Other,Night,Allen Rd,None,None,,VT0040300,Four-way Intersection,None,Shelburne Rd,Dry,,"44.42211303217865,-73.2119336760101"
4264317,,"February 13, 2021, 10:26 AM",Williston,12 Marshall Ave,MARSHALL AVE,Property Damage Only,Rear End,Clear,,21WT00787,Williston PD.,,,None/Other,Day,Maple Tree Pl,None,None,,VT0041000,Four-way Intersection,None,12 Marshall Ave,Dry,,"44.44417166377851,-73.11245614481483"
4263760,,"February 13, 2021, 2:22 PM",South Burlington,155 Dorset St,,Property Damage Only,Other - Explain in Narrative,Cloudy,,21SB001309,So. Burlington PD.,,,None/Other,Day,Dorset St,None,None,,VT0040300,Parking Lot,,155 Dorset St,,,"44.465523666713125,-73.18295387529852"
4263710,,"February 13, 2021, 9:03 PM",Burlington,Franklin Sq,,Property Damage Only,"No Turns, Thru moves only, Broadside ^<",Clear,,21BU001852,Burlington PD,,,None/Other,Night,26 Franklin Sq,None,None,,VT0040100,Parking Lot,None,Franklin Sq,Wet,,"44.516489118984296,-73.25403059959706"
4263723,,"February 14, 2021, 2:43 AM",Bolton,3701 Bolton Valley Access Road,BOLTON VALLEY ACCESS RD,Property Damage Only,Single Vehicle Crash,Clear,Federal Aid Secondary System (Class 2 TH),21A100499,VSP - A1 Williston,3,3.85,None/Other,Night,3701 Bolton Valley Access Road,None,None,,VTVSP0100,Not at a Junction,None,3701 Bolton Valley Access Road,Other - Explain in Narrative,S0223,"44.41549598961724,-72.85869575527"
4262127,,"February 14, 2021, 12:39 PM",Colchester,218 Lower Mountain View Drive,,Property Damage Only,Other - Explain in Narrative,Clear,,21CC001338,Colchester PD.,,,None/Other,Day,,None,None,,VT0040500,,,218 Lower Mountain View Drive,,,"44.50443648967248,-73.17552332934622"
4260859,,"February 14, 2021, 6:34 PM",Shelburne,35 Webster Rd,WEBSTER RD,Property Damage Only,Other - Explain in Narrative,Cloudy,,21SH01140,Shelburne PD.,,,None/Other,Night,Bourgea Ln,None,None,,VT0040700,Four-way Intersection,None,35 Webster Rd,Dry,,"44.390722756336395,-73.22193265776089"
4262253,,"February 14, 2021, 8:22 PM",Milton,I-89N,I-89,Property Damage Only,Single Vehicle Crash,Clear,"State Highway numbered route, State owned",21A100510,VSP - A1 Williston,10,100.89,None/Other,Night,Mile Marker 100.9,None,None,,VTVSP0100,Not at a Junction,None,I-89N,Dry,890,"44.62875597811041,-73.14936049136763"
4262187,,"February 16, 2021, 8:04 AM",Burlington,132 Rivermont Terr,RIVERMOUNT TER,Property Damage Only,Rear End,Freezing Precipitation,,21BU001932,Burlington PD,,,None/Other,Day,Van Patten Pkwy,None,Heavy Truck,,VT0040100,Not at a Junction,"Road Surface Condition(wet, icy, snow, slush, etc)",132 Rivermont Terr,Snow,,"44.509528080779994,-73.2371220488381"
4263804,,"February 16, 2021, 10:31 AM",South Burlington,890 Dorset St,DORSET ST,Property Damage Only,"No Turns, Thru moves only, Broadside ^<",Cloudy,,21SB001381,So. Burlington PD.,,,None/Other,Day,Dorset St,None,None,,VT0040300,T - Intersection,None,890 Dorset St,Wet,,"44.448607085624715,-73.17800777080492"
4263740,,"February 16, 2021, 4:20 PM",Williston,Williston Rd,OAK HILL RD,Property Damage Only,Rear End,Freezing Precipitation,,21WT00845,Williston PD.,,,None/Other,Day,Oak Hill Rd,None,None,,VT0041000,Four-way Intersection,"Road Surface Condition(wet, icy, snow, slush, etc)",Williston Rd,Snow,,"44.43736248335863,-73.06825843951529"
4263785,,"February 16, 2021, 4:38 PM",Charlotte,Church Hill Road,US-7,Property Damage Only,Same Direction Sideswipe,Freezing Precipitation,"State Highway numbered route, State owned",21A100536,VSP - A1 Williston,10,4.99,None/Other,Day,Church Hill Road,None,None,,VTVSP0100,Not at a Junction,"Road Surface Condition(wet, icy, snow, slush, etc)",Church Hill Road,Snow,70,"44.331175397419265,-73.23682174449264"
4262142,,"February 16, 2021, 5:15 PM",Williston,1755 Essex Rd,ESSEX RD,Property Damage Only,"Right Turn and Thru, Broadside ^<--",Freezing Precipitation,,21WT00846,Williston PD.,,,None/Other,Night,Obrien Ct,None,None,,VT0041000,Not at a Junction,"Road Surface Condition(wet, icy, snow, slush, etc)",1755 Essex Rd,Snow,,"44.456891162106835,-73.11186031172335"
4262136,,"February 16, 2021, 5:30 PM",Williston,66 Zephyr Rd,,Injury,Head On,Freezing Precipitation,,21WT00951,Williston PD.,,,None/Other,Night,Essex Rd,None,Pedestrian,,VT0041000,Parking Lot,None,66 Zephyr Rd,Snow,,"44.45352661767542,-73.10994051871624"
4261978,,"February 16, 2021, 9:20 PM",Burlington,Shelburne Rd,SHELBURNE RD,Property Damage Only,"Left Turn and Thru, Same Direction Sideswipe/Angle Crash vv--",Clear,,21BU001954,Burlington PD,,,None/Other,Night,189,None,None,,VT0040100,T - Intersection,None,Shelburne Rd,Wet,,"44.42156680467293,-73.21201193393634"
4262105,,"February 17, 2021, 5:07 AM",Burlington,Beltline,,Property Damage Only,Other - Explain in Narrative,Clear,,21BU001959,Burlington PD,,,None/Other,Night,North Ave Exit,None,None,,VT0040100,Not at a Junction,None,Beltline,Dry,,
4263731,,"February 17, 2021, 6:24 AM",South Burlington,189 Eastbound,I-189 EXIT 1 RAMP A,Property Damage Only,Same Direction Sideswipe,Clear,,21SB001403,So. Burlington PD.,,,None/Other,Day,Shelburne Rd,None,Heavy Truck,,VT0040300,On Ramp,None,189 Eastbound,Wet,,"44.44758881833886,-73.20643890259714"
4257825,,"February 17, 2021, 6:49 AM",Burlington,King St,KING ST,Property Damage Only,"No Turns, Thru moves only, Broadside ^<",Clear,,21BU001960,Burlington PD,,,None/Other,Day,st Paul St,None,None,,VT0040100,,,King St,,,"44.47474972176689,-73.21392437077391"
4264369,,"February 17, 2021, 11:49 AM",South Burlington,Clover Street,CLOVER ST,Property Damage Only,Rear End,Clear,,21SB001412,So. Burlington PD.,,,None/Other,Day,Richard Terrace,None,None,,VT0040300,Not at a Junction,None,Clover Street,Wet,,"44.47294444037349,-73.16991883820326"
4263711,,"February 17, 2021, 2:24 PM",Essex,25 Park St,,Property Damage Only,"Right Turn and Thru, Same Direction Sideswipe/Angle Crash ^^--",Clear,,21ES00785,Essex PD.,,,None/Other,Day,Iroquois Ave,None,None,,VT0040200,Other - Explain in Narrative,Unknown,25 Park St,Dry,,"44.48833052797745,-73.11275463653651"
4262180,,"February 17, 2021, 4:24 PM",South Burlington,Hinesburg Rd,HINESBURG RD,Property Damage Only,"Left Turn and Thru, Angle Broadside -->v--",Clear,,21SB001425,So. Burlington PD.,,,None/Other,Day,Williston Rd,None,None,,VT0040300,Not at a Junction,None,Hinesburg Rd,Dry,,"44.466088404691334,-73.17118509500571"
4262178,,"February 17, 2021, 6:32 PM",Burlington,Plattsburg Ave,PLATTSBURG AVE,Property Damage Only,Same Direction Sideswipe,Clear,,21BU002008,Burlington PD,,,None/Other,Night,Barley Rd,None,None,,VT0040100,T - Intersection,Unknown,Plattsburg Ave,Snow,,"44.517254719585395,-73.25709423134104"
4262170,,"February 18, 2021, 1:11 PM",Williston,St. George Road,SAINT GEORGE RD,Property Damage Only,Rear End,Cloudy,,21WT00880,Williston PD.,,,None/Other,Day,Williston Rd,None,None,,VT0041000,Four-way Intersection,None,St. George Road,Dry,,"44.449165660151436,-73.11091277133761"
4262166,,"February 18, 2021, 1:50 PM",South Burlington,Williston Rd,WILLISTON RD,Property Damage Only,"Left Turns, Opposite Directions, Head On/Angle Crash --^v--",Clear,,21SB001451,So. Burlington PD.,,,None/Other,Day,Dorset St,None,None,,VT0040300,Four-way Intersection,None,Williston Rd,Dry,,"44.46914286359641,-73.18121145913385"
4262164,,"February 19, 2021, 7:33 AM",Essex,Pearl Street at Hillcrest Road,HILLCREST RD,Property Damage Only,Opp Direction Sideswipe,Clear,,21ES00810,Essex PD.,,,None/Other,Day,Pearl St,None,Heavy Truck,,VT0040200,T - Intersection,None,Pearl Street at Hillcrest Road,Dry,,"44.49272032061544,-73.11645929082967"