ObjectID,Mapped,Crash Date,City/Town,Address,AOT Route,Crash Type,Collision Direction,Weather,Road Group,Report Number,Reporting Agency,Road Group ID,AOT Actual Milepoint,Animal,Time of Day,Intersection With,Impairment,Involving,Non Reportable Address,Reporting Agency ID,Road Characteristics,Road Condition,Street Address,Surface Condition,AOT Route ID,Coordinates
4262177,,"February 19, 2021, 10:19 AM",Essex,51 Susie Wilson Rd,,Property Damage Only,Other - Explain in Narrative,Clear,,21ES00814,Essex PD.,,,None/Other,Day,Kellogg Rd,None,None,,VT0040200,Other - Explain in Narrative,None,51 Susie Wilson Rd,Dry,,"44.50894437363729,-73.13163380596959"
4256259,,"February 19, 2021, 10:49 AM",South Burlington,White Street at Patchen Road,PATCHEN RD,Property Damage Only,Rear End,Clear,,21SB001477,So. Burlington PD.,,,None/Other,Day,Patchen Rd,None,None,,VT0040300,Four-way Intersection,None,White Street at Patchen Road,Unknown,,"44.46831783531309,-73.17160023893778"
4261727,,"February 19, 2021, 2:15 PM",Colchester,BLAKELY ROAD,BLAKELY RD,Property Damage Only,Rear End,Cloudy,,21CC001466,Colchester PD.,,,None/Other,Day,QUINN LANE,None,None,,VT0040500,Not at a Junction,None,BLAKELY ROAD,Dry,,"44.536938739399595,-73.20732965454147"
4256277,,"February 19, 2021, 2:52 PM",Milton,259 US RT 7,,Property Damage Only,Single Vehicle Crash,Cloudy,,21MT000658,Milton PD.,,,None/Other,Day,Hannaford,None,None,,VT0040600,Parking Lot,None,259 US RT 7,Dry,,"44.62378864111445,-73.12229850964718"
4262175,,"February 19, 2021, 3:02 PM",South Burlington,10 Dorset St,,Property Damage Only,Other - Explain in Narrative,Clear,,21SB001483,So. Burlington PD.,,,None/Other,Day,Parking Lot,None,None,,VT0040300,Parking Lot,None,10 Dorset St,Wet,,"44.46837102614564,-73.18091199558125"
4262162,,"February 20, 2021, 9:58 AM",Williston,777 Zephyr Rd,,Property Damage Only,Rear End,Cloudy,,21WT00925,Williston PD.,,,None/Other,Day,Zephyr Road,None,None,,VT0041000,Parking Lot,None,777 Zephyr Rd,Wet,,"44.44791563327207,-73.10567345113333"
4262071,,"February 20, 2021, 11:01 AM",Colchester,1032 PRIM ROAD,PRIM RD,Property Damage Only,"Right Turn and Thru, Broadside ^<--",Cloudy,,21CC001482,Colchester PD.,,,None/Other,Day,DOLLAR GENERAL PARKING LOT,None,None,,VT0040500,Parking Lot,None,1032 PRIM ROAD,Wet,,"44.53971516786541,-73.24482261958529"
4256610,,"February 20, 2021, 8:35 PM",Burlington,29 Heineberg Rd,,Property Damage Only,Rear End,Clear,,21BU002148,Burlington PD,,,None/Other,Night,29 Heineberg Rd,None,None,,VT0040100,Not at a Junction,None,29 Heineberg Rd,Dry,,"44.50995610875861,-73.24724639401"
4262959,,"February 21, 2021, 7:37 AM",Essex,208 Sand Hill Road,,Property Damage Only,Single Vehicle Crash,Clear,,21ES00836,Essex PD.,,,None/Other,Day,,None,None,,VT0040200,Other - Explain in Narrative,"Road Surface Condition(wet, icy, snow, slush, etc)",208 Sand Hill Road,Snow,,"44.506722858821675,-73.0570100237819"
4262018,,"February 21, 2021, 8:37 AM",Burlington,Heineberg Rd,HEINEBERG RD,Property Damage Only,"Left Turn and Thru, Angle Broadside -->v--",Clear,,21BU002161,Burlington PD,,,None/Other,Day,North Ave,None,None,,VT0040100,Four-way Intersection,None,Heineberg Rd,Dry,,"44.509474407876255,-73.24829108841078"
4249646,,"February 21, 2021, 12:05 PM",Williston,1417 Marshall Ave,MARSHALL AVE,Property Damage Only,Rear End,Clear,,21WT00944,Williston PD.,,,None/Other,Day,Leroy Rd,None,None,,VT0041000,Other - Explain in Narrative,None,1417 Marshall Ave,Dry,,"44.45082426396964,-73.13516567164157"
4261068,,"February 21, 2021, 3:08 PM",Burlington,82 S Winooski Ave,,Injury,Other - Explain in Narrative,Clear,,21BU002168,Burlington PD,,,None/Other,Day,82 S Winooski Ave,None,Pedestrian,,VT0040100,Parking Lot,None,82 S Winooski Ave,Dry,,"44.478155974171706,-73.21078060772533"
4257137,,"February 21, 2021, 4:05 PM",Burlington,N Willard St,N WILLARD ST,Property Damage Only,Opp Direction Sideswipe,Clear,,21BU002169,Burlington PD,,,None/Other,Day,Charles St,None,None,,VT0040100,Not at a Junction,"Road Surface Condition(wet, icy, snow, slush, etc)",N Willard St,Wet,,"44.486196075200404,-73.205954109405"
4262069,,"February 22, 2021, 11:12 AM",Colchester,ROUTE 15,COLLEGE PKWY,Property Damage Only,"Right Turn and Thru, Same Direction Sideswipe/Angle Crash ^^--",Cloudy,,21CC001539,Colchester PD.,,,None/Other,Day,JOHNSON AVENUE,None,None,,VT0040500,T - Intersection,None,ROUTE 15,Dry,,"44.49727901153647,-73.1590821818371"
4264320,,"February 22, 2021, 12:13 PM",Colchester,LAKE CHAMPLAIN,,Injury,Single Vehicle Crash,Wind,,21CC001542,Colchester PD.,,,None/Other,Day,INNER MALLETTS BAY,None,None,,VT0040500,Other - Explain in Narrative,Other - Explain in Narrative,LAKE CHAMPLAIN,Snow,,"44.5529687030069,-73.2312857459497"
4262217,,"February 22, 2021, 2:10 PM",Williston,Timothy Way,TIMOTHY WAY,Property Damage Only,Single Vehicle Crash,Clear,,21WT00962,Williston PD.,,,None/Other,Day,Williston Rd,None,None,,VT0041000,T - Intersection,None,Timothy Way,Snow,,"44.44259866746606,-73.09118226121655"
4262108,,"February 22, 2021, 5:39 PM",South Burlington,1160 US-2,,Property Damage Only,Rear End,Clear,,21SB001556,So. Burlington PD.,,,None/Other,Night,Mary St,None,None,,VT0040300,Parking Lot,None,1160 US-2,Wet,,"44.46855194854277,-73.17767308447016"
4262174,,"February 23, 2021, 11:10 AM",Williston,Williston Rd,WILLISTON RD,Property Damage Only,Rear End,Cloudy,,21WT00977,Williston PD.,,,None/Other,Day,Boxwood St,None,None,,VT0041000,Four-way Intersection,None,Williston Rd,Dry,,"44.448565800061246,-73.10864511778607"
4264407,,"February 23, 2021, 1:20 PM",Colchester,ROOSEVELT HIGHWAY,ROOSEVELT HWY,Property Damage Only,Rear End,Clear,,21CC001578,Colchester PD.,,,None/Other,Day,MOUNTAIN VIEW DRIVE,None,None,,VT0040500,Not at a Junction,None,ROOSEVELT HIGHWAY,Dry,,"44.507458269881184,-73.18041255812811"
4248677,,"February 23, 2021, 3:54 PM",Winooski City,E Allen St,E ALLEN ST,Injury,Rear End,Clear,,21WS000873,Winooski PD.,,,None/Other,Day,Dion St,Alcohol,None,,VT0040400,Not at a Junction,None,E Allen St,Wet,,"44.49312408575861,-73.17554359685563"
4262084,,"February 24, 2021, 9:50 AM",South Burlington,215 Dorset St,,Property Damage Only,Same Direction Sideswipe,Cloudy,,21SB001610,So. Burlington PD.,,,None/Other,Day,Sherry Rd,None,None,,VT0040300,Parking Lot,None,215 Dorset St,Dry,,"44.46269225624241,-73.18238050977132"
4261969,,"February 24, 2021, 11:28 AM",Burlington,Shelburne Rd,SHELBURNE ST,Property Damage Only,"Left Turn and Thru, Angle Broadside -->v--",Cloudy,,21BU002301,Burlington PD,,,None/Other,Day,Home Ave,None,None,,VT0040100,Four-way Intersection,None,Shelburne Rd,Wet,,"44.45073359391336,-73.20898342600846"
4262538,,"February 24, 2021, 3:03 PM",South Burlington,1166 Williston Rd,WILLISTON RD,Property Damage Only,"Right Turn and Thru, Broadside ^<--",Clear,,21SB001623,So. Burlington PD.,,,None/Other,Day,Mary St.,None,None,,VT0040300,T - Intersection,None,1166 Williston Rd,Wet,,"44.46805337727245,-73.17676245454085"
4262081,,"February 24, 2021, 5:42 PM",South Burlington,Dorset Street,DORSET ST,Injury,Single Vehicle Crash,Clear,,21SB001627,So. Burlington PD.,,,None/Other,Night,99 Dorset St,None,Pedestrian,,VT0040300,Four-way Intersection,None,Dorset Street,Wet,,"44.467062779075185,-73.18141347681666"
4262077,,"February 24, 2021, 9:30 PM",Burlington,355 St Paul St,SAINT PAUL ST,Property Damage Only,Same Direction Sideswipe,Clear,,21BU002331,Burlington PD,,,None/Other,Night,Kilburn St,None,None,,VT0040100,Not at a Junction,"Road Surface Condition(wet, icy, snow, slush, etc)",355 St Paul St,Wet,,"44.4711367546112,-73.21326823113311"
4251975,,"February 24, 2021, 10:15 PM",Burlington,595 Shelburne Road,SHELBURNE ST,Injury,Head On,Rain,,21BU002335,Burlington PD,,,None/Other,Night,I-189,None,Heavy Truck,,VT0040100,Not at a Junction,None,595 Shelburne Road,Wet,,"44.44835014145382,-73.20923201515565"
4261074,,"February 25, 2021, 5:49 AM",Colchester,EAST ROAD,EAST RD,Property Damage Only,Single Vehicle Crash,Clear,,21CC001613,Colchester PD.,,,None/Other,Night,AUSTIN HOUSE ROAD,None,None,,VT0040500,Not at a Junction,"Road Surface Condition(wet, icy, snow, slush, etc)",EAST ROAD,Snow,,"44.58154417853144,-73.12801220392625"
4261995,,"February 25, 2021, 6:11 AM",Colchester,RATHE ROAD,RATHE RD,Property Damage Only,Rear End,Freezing Precipitation,,21CC001614,Colchester PD.,,,None/Other,Day,ROOSEVELT HIGHWAY,None,None,,VT0040500,Four-way Intersection,"Road Surface Condition(wet, icy, snow, slush, etc)",RATHE ROAD,Snow,,"44.51442181907364,-73.17923583718479"
4262603,,"February 25, 2021, 6:49 AM",Burlington,Main St,MAIN ST,Property Damage Only,Same Direction Sideswipe,Clear,,21BU002338,Burlington PD,,,None/Other,Day,Pine St,None,Heavy Truck,,VT0040100,Four-way Intersection,None,Main St,Dry,,"44.475827606535844,-73.21556234329908"
4262012,,"February 25, 2021, 7:03 AM",Colchester,JUSTIN MORGAN DRIVE,CREEK FARM RD,Property Damage Only,Rear End,Clear,,21CC001615,Colchester PD.,,,None/Other,Day,CREEK FARM ROAD,None,None,,VT0040500,Driveway,"Road Surface Condition(wet, icy, snow, slush, etc)",JUSTIN MORGAN DRIVE,Snow,,"44.55439237361624,-73.1708903777266"
4262781,,"February 25, 2021, 10:37 AM",South Burlington,155 Dorset Street,,Property Damage Only,Head On,Clear,,21SB001651,So. Burlington PD.,,,None/Other,Day,JC Penney Store,None,None,,VT0040300,Not at a Junction,None,155 Dorset Street,Dry,,"44.46483466020884,-73.18229236681907"
4261944,,"February 25, 2021, 11:53 AM",Hinesburg,100 KAILEY'S WAY,KAILEY'S WAY,Property Damage Only,Single Vehicle Crash,Clear,,21HB00168,Hinesburg PD.,,,None/Other,Day,ROUTE 116,None,None,,VT0041200,Not at a Junction,None,100 KAILEY'S WAY,Dry,,"44.33444687781502,-73.11369737131415"
4262062,,"February 25, 2021, 1:55 PM",South Burlington,59 Garden St,GARDEN ST,Property Damage Only,Rear End,Clear,,21SB001660,So. Burlington PD.,,,None/Other,Day,Dorset St,None,None,,VT0040300,Not at a Junction,None,59 Garden St,Dry,,"44.46346284872002,-73.1799264470712"
4262005,,"February 25, 2021, 2:43 PM",Richmond,I-89,I-89,Property Damage Only,Rear End,Clear,"State Highway numbered route, State owned",21A100625,VSP - A1 Williston,10,75.8,None/Other,Day,I89 Exit #11 SB (Closest Intersection),None,None,,VTVSP0100,Not at a Junction,None,I-89,Dry,890,"44.39805057945799,-72.97675082582217"
4262007,,"February 26, 2021, 6:03 AM",South Burlington,Williston Road at Patchen Road,WILLISTON RD,Property Damage Only,Same Direction Sideswipe,Cloudy,,21SB001675,So. Burlington PD.,,,None/Other,Day,Cottage Grove Ave,None,None,,VT0040300,Not at a Junction,,Williston Road at Patchen Road,Dry,,"44.46681075093404,-73.17077865359323"
4262004,,"February 26, 2021, 11:40 AM",South Burlington,1080 Shelburne Rd,,Property Damage Only,Rear End,Clear,,21SB001686,So. Burlington PD.,,,None/Other,Day,Newton Ave,None,None,,VT0040300,Parking Lot,None,1080 Shelburne Rd,Dry,,"44.43926389017006,-73.20940354671924"
4262016,,"February 27, 2021, 11:09 AM",Colchester,HEGEMAN AVENUE,HEGEMAN AVE,Property Damage Only,"Left Turn and Thru, Same Direction Sideswipe/Angle Crash vv--",Rain,,21CC001682,Colchester PD.,,,None/Other,Day,DOYLE STREET,None,None,,VT0040500,T - Intersection,None,HEGEMAN AVENUE,Wet,,"44.506220975891516,-73.1502667551234"
4262029,,"February 27, 2021, 12:59 PM",Williston,Williston Road,WILLISTON RD,Property Damage Only,Single Vehicle Crash,Rain,,21WT01041,Williston PD.,,,None/Other,Day,Old Stage Road,Alcohol,None,,VT0041000,Four-way Intersection,None,Williston Road,Wet,,"44.4402673989737,-73.08116219580498"
4252599,,"March 1, 2021, 9:39 AM",South Burlington,,,Property Damage Only,Rear End,Cloudy,,21A100663,VSP - A1 Williston,,,None/Other,Day,Exit 14,None,None,,VTVSP0100,Off Ramp,None,,Dry,,"44.46589447391481,-73.18415206872524"
4262010,,"March 1, 2021, 12:47 PM",Williston,863 Harvest Ln,,Property Damage Only,Rear-to-rear,Clear,,21WT01060,Williston PD.,,,None/Other,Day,Marshall Ave,None,None,,VT0041000,Parking Lot,None,863 Harvest Ln,Dry,,"44.4414974902613,-73.12103305356689"
4261738,,"March 1, 2021, 4:04 PM",Burlington,Park St,PARK ST,Property Damage Only,Rear End,Clear,,21BU002552,Burlington PD,,,None/Other,Day,Monroe St,None,None,,VT0040100,Other - Explain in Narrative,None,Park St,Dry,,"44.481336045546286,-73.21911761272287"
4256682,,"March 1, 2021, 11:01 PM",Hinesburg,346 CHARLOTTE RD,CHARLOTTE RD,Property Damage Only,Single Vehicle Crash,Wind,,21HB00183,Hinesburg PD.,,,None/Other,Night,STELLA ROAD,None,None,CHARLOTTE RD & STELLA RD,VT0041200,Not at a Junction,"Road Surface Condition(wet, icy, snow, slush, etc)",346 CHARLOTTE RD,Snow,,"44.32863896636558,-73.11290139569222"
4263658,,"March 2, 2021, 5:59 AM",Essex,49 Susie Wilson Rd,SUSIE WILSON RD,Property Damage Only,Head On,Clear,,21ES00971,Essex PD.,,,None/Other,Night,Kellogg Rd,None,None,,VT0040200,Four-way Intersection,Unknown,49 Susie Wilson Rd,Dry,,"44.50955539309152,-73.13180389881997"
4261980,,"March 2, 2021, 3:51 PM",Williston,1968 Old Creamery Rd,OLD CREAMERY RD,Property Damage Only,"Left Turn and Thru, Broadside v<--",Clear,,21WT01086,Williston PD.,,,None/Other,Day,Old Creamery Rd,None,None,,VT0041000,T - Intersection,None,1968 Old Creamery Rd,Dry,,"44.41473290508099,-73.08698638254553"
4248650,,"March 3, 2021, 3:50 PM",Burlington,Raymond Pl,RAYMOND PL,Injury,"Right Turn and Thru, Same Direction Sideswipe/Angle Crash ^^--",Cloudy,,21BU002665,Burlington PD,,,None/Other,Day,Home Ave,None,None,,VT0040100,Other - Explain in Narrative,Unknown,Raymond Pl,Wet,,"44.450944736712906,-73.21303389525173"
4263113,,"March 4, 2021, 7:45 AM",Winooski City,Main St,MAIN ST,Property Damage Only,"No Turns, Thru moves only, Broadside ^<",Clear,,21WS001020,Winooski PD.,,,None/Other,Day,W Allen St,None,None,,VT0040400,Traffic circle / roundabout,None,Main St,Dry,,"44.4913937108348,-73.1865245809491"
4248535,,"March 4, 2021, 7:50 AM",Shelburne,5070 Shelburne Road,,Property Damage Only,Other - Explain in Narrative,Clear,,21SH01582,Shelburne PD.,,,None/Other,Day,Parking Lot,None,Heavy Truck,,VT0040700,Parking Lot,None,5070 Shelburne Road,Dry,,"44.383570714877415,-73.22719080478893"
4248827,,"March 4, 2021, 10:31 AM",Burlington,Colchester Ave,COLCHESTER AVE,Property Damage Only,Rear End,Clear,,21BU002695,Burlington PD,,,None/Other,Day,Fletcher Pl,None,None,,VT0040100,T - Intersection,None,Colchester Ave,Dry,,"44.4811503025742,-73.1951840154422"
4261937,,"March 4, 2021, 11:43 AM",South Burlington,166 Dorset St,,Property Damage Only,Same Direction Sideswipe,Clear,,21SB001842,So. Burlington PD.,,,None/Other,Day,Market St,None,Heavy Truck,,VT0040300,Parking Lot,None,166 Dorset St,Dry,,"44.46436078955039,-73.18026360492064"
4261751,,"March 4, 2021, 4:00 PM",Williston,2531 St George Rd,SAINT GEORGE RD,Property Damage Only,Rear End,Cloudy,,21WT01121,Williston PD.,,,None/Other,Day,Bishop Ave,None,None,,VT0041000,Not at a Junction,None,2531 St George Rd,Dry,,"44.44586886274172,-73.1114688581011"
4253278,,"March 5, 2021, 5:01 AM",Burlington,Shelburne Rd/I-189,,Injury,"No Turns, Thru moves only, Broadside ^<",Clear,,21BU002723,Burlington PD,,,None/Other,Night,Shelburne Rd/I-189,None,None,,VT0040100,T - Intersection,None,Shelburne Rd/I-189,Dry,,
4261948,,"March 5, 2021, 8:46 AM",South Burlington,1076 Williston Rd,,Property Damage Only,Opp Direction Sideswipe,Cloudy,,21SB001875,So. Burlington PD.,,,None/Other,Day,Windjammer Parking Lot,None,Heavy Truck,,VT0040300,Parking Lot,None,1076 Williston Rd,Dry,,"44.46954791274983,-73.1781747547105"
4264037,,"March 5, 2021, 11:00 AM",South Burlington,,I-189 EXIT 1 RAMP A,Property Damage Only,Rear End,Clear,,21A100709,VSP - A1 Williston,,,None/Other,Day,Route 7,None,None,,VTVSP0100,On Ramp,None,,Dry,,"44.44684898347939,-73.20831143628438"
4261737,,"March 5, 2021, 12:28 PM",Essex,6 Pinecrest Dr,PINECREST DR,Property Damage Only,"Left Turn and Thru, Head On ^v--",Clear,,21ES01025,Essex PD.,,,None/Other,Day,Pinecrest Dr,None,None,,VT0040200,Not at a Junction,None,6 Pinecrest Dr,Dry,,"44.50549459597568,-73.13541952087168"
4260895,,"March 6, 2021, 10:04 AM",Burlington,338 Manhattan Dr,MANHATTAN DR,Injury,Head On,Clear,,21BU002789,Burlington PD,,,None/Other,Day,Oak St,None,None,,VT0040100,Not at a Junction,None,338 Manhattan Dr,Dry,,"44.49034370764733,-73.21400511871903"
4260909,,"March 6, 2021, 12:21 PM",Burlington,Main St,MAIN ST,Injury,Rear End,Clear,,21BU002798,Burlington PD,,,None/Other,Day,Main St,None,None,,VT0040100,Not at a Junction,None,Main St,Dry,,"44.47571506997402,-73.21897173221244"
4248652,,"March 6, 2021, 1:15 PM",Burlington,Shelburne Rd,SHELBURNE ST,Property Damage Only,Same Direction Sideswipe,Clear,,21BU002802,Burlington PD,,,None/Other,Day,Prospect Pkwy,None,None,,VT0040100,Four-way Intersection,None,Shelburne Rd,Dry,,"44.45719880755125,-73.20839484991512"
4263253,,"March 6, 2021, 2:00 PM",Williston,1355 Maple Tree Place,,Property Damage Only,Other - Explain in Narrative,Clear,,21WT01156,Williston PD.,,,None/Other,Day,St George Road,None,None,,VT0041000,Parking Lot,,1355 Maple Tree Place,,,"44.44333470270591,-73.11077662529237"
4262216,,"March 6, 2021, 3:00 PM",Williston,5755 Williston Road,,Property Damage Only,Other - Explain in Narrative,Clear,,21WT01153,Williston PD.,,,None/Other,Day,St George Road,None,None,,VT0041000,Parking Lot,None,5755 Williston Road,Dry,,"44.450248755945395,-73.11200453988474"
4261747,,"March 6, 2021, 3:51 PM",Shelburne,16 Clearwater Cir,CLEARWATER CIR,Property Damage Only,Other - Explain in Narrative,Clear,,21SH01636,Shelburne PD.,,,None/Other,Day,Clearwater Rd,None,None,,VT0040700,Not at a Junction,None,16 Clearwater Cir,Dry,,"44.41329556971445,-73.21878258891499"
4264016,,"March 6, 2021, 6:15 PM",Winooski City,348 Main St,,Property Damage Only,"Right Turn, Same Direciton, Rear End ^--^--",Cloudy,,21WS001061,Winooski PD.,,,None/Other,Night,Jr's Parking Lot,None,None,,VT0040400,Parking Lot,"Road Surface Condition(wet, icy, snow, slush, etc)",348 Main St,Snow,,"44.49937168488445,-73.18427938645954"
4258974,,"March 7, 2021, 12:11 PM",Williston,2939 St George Rd,,Injury,Rear End,Clear,,21WT01168,Williston PD.,,,None/Other,Day,I89,None,None,,VT0041000,Four-way Intersection,None,2939 St George Rd,Dry,,"44.439564331365474,-73.11405355519383"
4261958,,"March 7, 2021, 2:55 PM",Williston,St George Rd,,Injury,"Left Turn and Thru, Angle Broadside -->v--",Clear,,21WT01172,Williston PD.,,,None/Other,Day,I89,None,None,,VT0041000,Four-way Intersection,None,St George Rd,Dry,,"44.43838201418257,-73.11468179075702"
4261746,,"March 7, 2021, 3:29 PM",South Burlington,1186 Williston Rd,WILLISTON RD,Property Damage Only,Rear End,Clear,,21SB001943,So. Burlington PD.,,,None/Other,Day,Cheese And Wine Traders,None,None,,VT0040300,Not at a Junction,None,1186 Williston Rd,Dry,,"44.46799120424071,-73.17662349360674"
4262215,,"March 7, 2021, 4:37 PM",Williston,Marshall Ave,,Property Damage Only,"Right Turn and Thru, Broadside ^<--",Clear,,21WT01175,Williston PD.,,,None/Other,Day,Trader Lane,None,None,,VT0041000,Four-way Intersection,"Road Surface Condition(wet, icy, snow, slush, etc)",Marshall Ave,Dry,,"44.44580660577529,-73.11468427148843"
4261157,,"March 7, 2021, 6:52 PM",Winooski City,22 Main St,MAIN ST,Property Damage Only,Same Direction Sideswipe,Clear,,21WS001078,Winooski PD.,,,None/Other,Night,Winooski Falls Way,None,None,,VT0040400,Traffic circle / roundabout,None,22 Main St,Wet,,"44.49026190078704,-73.18617185174759"
4263596,,"March 9, 2021, 3:47 PM",South Burlington,155 Dorset St,,Property Damage Only,Other - Explain in Narrative,Clear,,21SB002003,So. Burlington PD.,,,None/Other,Day,Parking Lot,None,None,,VT0040300,Parking Lot,None,155 Dorset St,Dry,,"44.46490348776672,-73.1842121167837"
4247874,,"March 9, 2021, 5:09 PM",South Burlington,Shelburne Road,SHELBURNE RD,Property Damage Only,Rear End,Clear,,21SB002005,So. Burlington PD.,,,None/Other,Night,Laurel Hill Drive,None,None,,VT0040300,Four-way Intersection,None,Shelburne Road,Dry,,"44.44159146876122,-73.20993418681336"
4248517,,"March 9, 2021, 5:48 PM",Colchester,College Parkway,COLLEGE PKWY,Property Damage Only,Same Direction Sideswipe,Clear,,21CC001965,Colchester PD.,,,None/Other,Night,Campus Road,None,None,,VT0040500,Not at a Junction,None,College Parkway,Dry,,"44.49488863198811,-73.16159505802855"
4249360,,"March 12, 2021, 5:00 AM",Colchester,BLAKELY ROAD,BLAKELY RD,Property Damage Only,Single Vehicle Crash,Cloudy,,21CC002036,Colchester PD.,,,Deer,Night,POOR FARM ROAD,None,None,,VT0040500,Not at a Junction,None,BLAKELY ROAD,Dry,,"44.53119041876225,-73.17877649724345"
4248551,,"March 12, 2021, 10:20 AM",South Burlington,Kimball Avenue at Shunpike Road,SHUNPIKE RD,Property Damage Only,Rear End,Clear,,21SB002081,So. Burlington PD.,,,None/Other,Day,Kimball Ave,None,None,,VT0040300,Not at a Junction,None,Kimball Avenue at Shunpike Road,Dry,,"44.45390381230146,-73.14290107842758"
4255741,,"March 12, 2021, 11:00 AM",Williston,4502 Williston Rd,WILLISTON RD,Property Damage Only,Rear End,Clear,,21WT01243,Williston PD.,,,None/Other,Day,Adams Dr,None,None,,VT0041000,Not at a Junction,None,4502 Williston Rd,Dry,,"44.45842036298072,-73.13507210198455"
4254988,,"March 12, 2021, 8:32 PM",South Burlington,1125 Shelburne Rd,,Property Damage Only,Rear End,Clear,,21SB002103,So. Burlington PD.,,,None/Other,Night,McDonalds Parking Lot,Alcohol,None,,VT0040300,Parking Lot,None,1125 Shelburne Rd,Dry,,"44.437617041597,-73.2108406941474"
4258005,,"March 13, 2021, 2:00 PM",Shelburne,Spear St.,SPEAR ST,Property Damage Only,Head On,Clear,,21SH001813,Shelburne PD.,,,Deer,Day,Luke Street,None,None,,VT0040700,Not at a Junction,None,Spear St.,Dry,,"44.377042318635645,-73.20227898557627"
4248656,,"March 13, 2021, 7:38 PM",South Burlington,1210 Williston Rd,WILLISTON RD,Property Damage Only,Rear End,Clear,,21SB002126,So. Burlington PD.,,,None/Other,Night,McDonalds,None,None,,VT0040300,Not at a Junction,None,1210 Williston Rd,Dry,,"44.46778133151948,-73.17559053762935"
4245901,,"March 14, 2021, 3:55 PM",Essex,100 Pearl St,,Property Damage Only,Same Direction Sideswipe,Clear,,21ES01173,Essex PD.,,,None/Other,Day,,None,None,,VT0040200,Not at a Junction,None,100 Pearl St,Dry,,"44.49472702814661,-73.12147201020117"
4261025,,"March 14, 2021, 8:24 PM",Burlington,Main St,MAIN ST,Property Damage Only,Head On,Clear,,21BU003201,Burlington PD,,,None/Other,Night,S Prospect St,None,None,,VT0040100,Four-way Intersection,None,Main St,Dry,,"44.476364334679765,-73.20070630736102"
4260835,,"March 15, 2021, 1:17 AM",Burlington,39 S Union St,S UNION ST,Property Damage Only,Same Direction Sideswipe,Clear,,21BU003211,Burlington PD,,,None/Other,Night,Pearl St,None,None,,VT0040100,Not at a Junction,None,39 S Union St,Dry,,"44.480551520571936,-73.20931108982809"
4261552,,"March 15, 2021, 12:01 PM",South Burlington,10 Dorset St,,Property Damage Only,Other - Explain in Narrative,Cloudy,,21SB002149,So. Burlington PD.,,,None/Other,Day,Total Fitness Equipment Parking Lot,None,None,,VT0040300,Parking Lot,None,10 Dorset St,Dry,,"44.46861328021045,-73.18097908182568"
4248820,,"March 15, 2021, 1:45 PM",South Burlington,1220 Williston Rd,,Injury,"Left Turn and Thru, Angle Broadside -->v--",Clear,,21SB002156,So. Burlington PD.,,,None/Other,Day,Dunkin Donuts,None,None,,VT0040300,Not at a Junction,None,1220 Williston Rd,Dry,,"44.4680761315581,-73.17517231762444"
4263093,,"March 15, 2021, 8:11 PM",Burlington,Battery St,BATTERY ST,Property Damage Only,Opp Direction Sideswipe,Clear,,21BU003239,Burlington PD,,,None/Other,Night,Main St,None,None,,VT0040100,Four-way Intersection,None,Battery St,Dry,,"44.475723153617125,-73.21868760550272"
4262092,,"March 16, 2021, 7:39 AM",Milton,Lake Rd,LAKE RD,Property Damage Only,Head On,Clear,,21MT001008,Milton PD.,,,None/Other,Day,Hibbard Rd,None,None,,VT0040600,T - Intersection,None,Lake Rd,Dry,,"44.66756113583686,-73.16264831919975"
4261136,,"March 16, 2021, 7:53 AM",Williston,4580 Williston Rd,WILLISTON RD,Property Damage Only,"No Turns, Thru moves only, Broadside ^<",Clear,,21WT01301,Williston PD.,,,None/Other,Day,Industrial Ave,None,None,,VT0041000,Not at a Junction,None,4580 Williston Rd,Dry,,"44.458246095399346,-73.13241891107401"
4250242,,"March 16, 2021, 1:47 PM",South Burlington,Shelburne Rd,SHELBURNE RD,Property Damage Only,Rear End,Clear,,21SB002180,So. Burlington PD.,,,None/Other,Day,Fayette Dr,None,None,,VT0040300,Four-way Intersection,None,Shelburne Rd,Dry,,"44.43725098023486,-73.2103715023863"
4261724,,"March 17, 2021, 8:20 AM",Shelburne,138 Steeplebush Rd,,Property Damage Only,Other - Explain in Narrative,Clear,,21SH01900,Shelburne PD.,,,None/Other,Day,,None,None,,VT0040700,Other - Explain in Narrative,None,138 Steeplebush Rd,Dry,,"44.367523862673764,-73.22868594035073"
4264405,,"March 17, 2021, 11:57 AM",Underhill,914,VT ROUTE 15,Injury,Rear End,Clear,,21A100836,VSP - A1 Williston,,,None/Other,Day,Black Dog Lane,None,None,,VTVSP0100,Not at a Junction,Other - Explain in Narrative,914,Dry,,"44.59456346342928,-72.93761891144848"
4258745,,"March 17, 2021, 12:48 PM",Burlington,Pearl St,PEARL ST,Injury,"Left Turn and Thru, Broadside v<--",Clear,,21BU003304,Burlington PD,,,None/Other,Day,S Winooski Ave,None,None,,VT0040100,Four-way Intersection,None,Pearl St,Dry,,"44.48049729246362,-73.21121532621734"
4261142,,"March 17, 2021, 1:31 PM",Essex,33 Jericho Rd,JERICHO RD,Property Damage Only,Same Direction Sideswipe,Clear,,21ES01231,Essex PD.,,,None/Other,Day,Frederick Rd,None,None,,VT0040200,Not at a Junction,None,33 Jericho Rd,Dry,,"44.50837135548933,-73.0529761935848"
4261139,,"March 17, 2021, 3:07 PM",Essex,71 Pearl St,PEARL ST,Injury,"No Turns, Thru moves only, Broadside ^<",Clear,,21ES01233,Essex PD.,,,None/Other,Day,W Hillcrest Rd,None,None,,VT0040200,Four-way Intersection,None,71 Pearl St,Dry,,"44.49404640274213,-73.11920162359908"
4261164,,"March 17, 2021, 3:49 PM",South Burlington,1205 Williston Rd,,Property Damage Only,Opp Direction Sideswipe,Clear,,21SB002218,So. Burlington PD.,,,None/Other,Day,White St,None,None,,VT0040300,Parking Lot,None,1205 Williston Rd,Dry,,"44.467503481538756,-73.17539882165383"