ObjectID,Mapped,Crash Date,City/Town,Address,AOT Route,Crash Type,Collision Direction,Weather,Road Group,Report Number,Reporting Agency,Road Group ID,AOT Actual Milepoint,Animal,Time of Day,Intersection With,Impairment,Involving,Non Reportable Address,Reporting Agency ID,Road Characteristics,Road Condition,Street Address,Surface Condition,AOT Route ID,Coordinates
4261162,,"March 17, 2021, 3:53 PM",South Burlington,222 Garden St,,Property Damage Only,Rear-to-rear,Clear,,21SB002219,So. Burlington PD.,,,None/Other,Day,Dorset St,None,None,,VT0040300,Parking Lot,None,222 Garden St,Dry,,"44.463868321170764,-73.1798431873364"
4264280,,"March 17, 2021, 7:52 PM",Richmond,Vermont Route 2,JERICHO RD,Property Damage Only,Same Direction Sideswipe,Clear,,21A100841,VSP - A1 Williston,,,None/Other,Night,Jericho Road,None,None,,VTVSP0100,Not at a Junction,None,Vermont Route 2,Dry,,"44.4052155854032,-72.99279853552271"
4246059,,"March 17, 2021, 8:20 PM",Burlington,North Ave,NORTH AVE,Property Damage Only,Other - Explain in Narrative,Clear,,21BU003328,Burlington PD,,,None/Other,Night,Washington St,None,None,,VT0040100,Not at a Junction,None,North Ave,Dry,,"44.487883760875896,-73.22508097099023"
4256639,,"March 18, 2021, 1:25 PM",Burlington,Flynn Ave,FLYNN AVE,Property Damage Only,"Left Turn and Thru, Angle Broadside -->v--",Cloudy,,21BU003372,Burlington PD,,,None/Other,Day,Shelburne Rd,None,None,,VT0040100,Four-way Intersection,None,Flynn Ave,Wet,,"44.45511974919738,-73.20859962471457"
4262513,,"March 18, 2021, 3:00 PM",Williston,St George Road,SAINT GEORGE RD,Property Damage Only,Rear End,Cloudy,,21WT01344,Williston PD.,,,None/Other,Day,Maple Tree Place,None,None,,VT0041000,Not at a Junction,None,St George Road,Dry,,"44.444238104601624,-73.11238236356533"
4261037,,"March 19, 2021, 11:00 AM",Williston,2939 St. George Rd,,Property Damage Only,Rear-to-rear,Clear,,21WT01361,Williston PD.,,,None/Other,Day,Parking Lot Of Sandri's,None,None,,VT0041000,Parking Lot,None,2939 St. George Rd,Dry,,"44.44061822923886,-73.11387616960965"
4261124,,"March 19, 2021, 11:20 AM",Colchester,US ROUTE 2,ROOSEVELT HWY,Property Damage Only,Rear End,Clear,,21CC002280,Colchester PD.,,,None/Other,Day,I89 SB ON RAMP EXIT 17,None,None,,VT0040500,Not at a Junction,None,US ROUTE 2,Dry,,"44.590269480831424,-73.17142892168653"
4261108,,"March 19, 2021, 12:50 PM",Winooski City,"I-89 S, Exit 15",I-89 EXIT 15 RAMP A,Property Damage Only,Single Vehicle Crash,Clear,,21A100883,VSP - A1 Williston,,,None/Other,Day,Route 15,Alcohol,Heavy Truck,,VTVSP0100,On Ramp,None,"I-89 S, Exit 15",Dry,,"44.492828992781455,-73.17420142688906"
4261091,,"March 19, 2021, 2:25 PM",Colchester,ROOSEVELT HIGHWAY,ROOSEVELT HWY,Property Damage Only,"No Turns, Thru moves only, Broadside ^<",Clear,,21CC002288,Colchester PD.,,,None/Other,Day,MAIN STREET,None,None,,VT0040500,T - Intersection,None,ROOSEVELT HIGHWAY,Dry,,"44.550698269413125,-73.16393861414957"
4245919,,"March 19, 2021, 4:25 PM",Colchester,COLLEGE PARKWAY,COLLEGE PKWY,Property Damage Only,Rear End,Clear,,21CC002297,Colchester PD.,,,None/Other,Day,LIME KILN ROAD,None,None,,VT0040500,T - Intersection,,COLLEGE PARKWAY,,,"44.492862388882614,-73.16338263780972"
4261024,,"March 19, 2021, 5:59 PM",Colchester,COLLEGE PARKWAY,COLLEGE PKWY,Property Damage Only,Rear End,Clear,,21CC002303,Colchester PD.,,,None/Other,Day,220 COLLEGE PARKWAY,None,None,,VT0040500,Four-way Intersection,None,COLLEGE PARKWAY,Dry,,"44.492946597389505,-73.16592331017418"
4261114,,"March 20, 2021, 11:46 AM",South Burlington,110 Kennedy Dr,,Property Damage Only,Opp Direction Sideswipe,Clear,,21SB002320,So. Burlington PD.,,,None/Other,Day,Jiffy Mart,None,None,,VT0040300,Parking Lot,None,110 Kennedy Dr,Dry,,"44.45462602526261,-73.1660656236187"
4261131,,"March 20, 2021, 12:17 PM",Burlington,Main St,MAIN ST,Property Damage Only,Same Direction Sideswipe,Clear,,21BU003464,Burlington PD,,,None/Other,Day,S Prospect St,None,Heavy Truck,,VT0040100,Not at a Junction,None,Main St,Dry,,"44.476364334679765,-73.20070630736102"
4261130,,"March 20, 2021, 1:22 PM",Essex,255 River Rd,,Property Damage Only,Head On,Clear,,21ES01289,Essex PD.,,,None/Other,Day,Sandhill Rd,None,None,,VT0040200,Not at a Junction,None,255 River Rd,Dry,,"44.479258120798484,-73.0454985705769"
4263260,,"March 20, 2021, 2:29 PM",Burlington,Pearl St,PEARL ST,Injury,Rear End,Cloudy,,21BU003469,Burlington PD,,,None/Other,Day,S Willard St,None,None,,VT0040100,Not at a Junction,None,Pearl St,Dry,,"44.48066312359885,-73.2056961746531"
4261101,,"March 20, 2021, 8:13 PM",Williston,863 HARVEST LANE,,Property Damage Only,"Right Turn and Thru, Broadside ^<--",Clear,,21WT01374,Williston PD.,,,None/Other,Night,,None,None,,VT0041000,Parking Lot,None,863 HARVEST LANE,Dry,,"44.4418935829981,-73.12101212594926"
4261392,,"March 20, 2021, 9:02 PM",Colchester,MALLETTS BAY AVENUE,BLAKELY RD,Property Damage Only,Single Vehicle Crash,Clear,,21CC002342,Colchester PD.,,,None/Other,Night,,None,None,,VT0040500,Shared-use path or trail,None,MALLETTS BAY AVENUE,Dry,,"44.5315819267404,-73.2003829122424"
4261390,,"March 21, 2021, 2:20 PM",Williston,195 Central School Dr,LIBRARY LN,Property Damage Only,"No Turns, Thru moves only, Broadside ^<",Clear,,21WT01380,Williston PD.,,,None/Other,Day,Williston Rd,None,None,,VT0041000,Parking Lot,None,195 Central School Dr,Dry,,"44.440315133956744,-73.07170380648036"
4261051,,"March 22, 2021, 5:53 AM",Burlington,Pearl St,PEARL ST,Property Damage Only,"No Turns, Thru moves only, Broadside ^<",Clear,,21BU003547,Burlington PD,,,None/Other,Night,S Willard St,None,None,,VT0040100,Four-way Intersection,None,Pearl St,Dry,,"44.48066312359885,-73.2056961746531"
4261134,,"March 22, 2021, 8:25 AM",Williston,913 Industrial Ave,INDUSTRIAL AVE,Property Damage Only,Rear End,Clear,,21WT01398,Williston PD.,,,None/Other,Day,Essex Rd,None,None,,VT0041000,Not at a Junction,None,913 Industrial Ave,Dry,,"44.464826616992255,-73.1156001448073"
4261126,,"March 22, 2021, 9:27 AM",Williston,"I-89, Exit 12S On-Ramp",I-89 EXIT 12 RAMP B,Property Damage Only,Single Vehicle Crash,Clear,,21A100924,VSP - A1 Williston,,,None/Other,Day,St George Road,None,Heavy Truck,,VTVSP0100,On Ramp,None,"I-89, Exit 12S On-Ramp",Dry,,"44.438794616813915,-73.11493734153647"
4261105,,"March 22, 2021, 11:17 AM",Colchester,Prim Road,PRIM RD,Property Damage Only,Rear End,Clear,,21CC002389,Colchester PD.,,,None/Other,Day,West Lakeshore Drive,None,None,,VT0040500,T - Intersection,None,Prim Road,Dry,,"44.551395878791574,-73.23377055103394"
4260917,,"March 22, 2021, 3:38 PM",Colchester,EAST ROAD,EAST RD,Property Damage Only,Rear End,Clear,,21CC002394,Colchester PD.,,,None/Other,Day,MAIN STREET,None,None,,VT0040500,Four-way Intersection,None,EAST ROAD,Dry,,"44.5437781486798,-73.14820570773117"
4262186,,"March 23, 2021, 4:45 AM",South Burlington,I189,,Property Damage Only,Same Direction Sideswipe,Clear,,21A100933,VSP - A1 Williston,,,None/Other,Night,I89 Southbound,None,None,,VTVSP0100,Not at a Junction,None,I189,Dry,,"44.45020501227014,-73.18471013794745"
4263768,,"March 23, 2021, 7:00 AM",South Burlington,365 Hinesburg Rd,HINESBURG RD,Property Damage Only,Single Vehicle Crash,Clear,,21SB002408,So. Burlington PD.,,,None/Other,Day,Dean Street,None,None,,VT0040300,Not at a Junction,None,365 Hinesburg Rd,Dry,,"44.45694612606818,-73.16944688863038"
4249046,,"March 23, 2021, 7:55 AM",Milton,Middle Rd,MIDDLE RD,Property Damage Only,"No Turns, Thru moves only, Broadside ^<",Clear,,21MT001142,Milton PD.,,,None/Other,Day,Railroad St,None,Heavy Truck,,VT0040600,Four-way Intersection,None,Middle Rd,Dry,,"44.62371342626867,-73.11836063386002"
4261110,,"March 23, 2021, 10:20 AM",Williston,Williston Rd,WILLISTON RD,Property Damage Only,"No Turns, Thru moves only, Broadside ^<",Clear,,21WT01424,Williston PD.,,,None/Other,Day,Harvest Ln,None,None,,VT0041000,Four-way Intersection,None,Williston Rd,Dry,,"44.45237098491039,-73.11732877612005"
4261073,,"March 23, 2021, 2:32 PM",Winooski City,Main St,MAIN ST,Property Damage Only,Same Direction Sideswipe,Clear,,21WS001354,Winooski PD.,,,None/Other,Day,W Canal St,None,Heavy Truck,,VT0040400,Traffic circle / roundabout,None,Main St,Dry,,"44.49038659994606,-73.18638704311725"
4261682,,"March 23, 2021, 4:06 PM",South Burlington,31 Airport Pkwy,AIRPORT PKWY,Property Damage Only,"Right Turn and Thru, Broadside ^<--",Clear,,21SB002438,So. Burlington PD.,,,None/Other,Day,White St.,None,None,,VT0040300,Not at a Junction,None,31 Airport Pkwy,Dry,,"44.47101898833082,-73.16344142219808"
4261098,,"March 24, 2021, 12:15 PM",Williston,Essex Rd,ESSEX RD,Property Damage Only,Rear End,Cloudy,,21WT01449,Williston PD.,,,None/Other,Day,James Brown Dr,None,Heavy Truck,,VT0041000,T - Intersection,None,Essex Rd,Dry,,"44.475493905181075,-73.11338700058664"
4261046,,"March 24, 2021, 4:35 PM",Burlington,127,VT ROUTE 127,Injury,"Left Turn and Thru, Angle Broadside -->v--",Rain,,21BU003694,Burlington PD,,,None/Other,Day,Plattsburg Ave,None,None,,VT0040100,T - Intersection,None,127,Wet,,"44.52431821289396,-73.25541825662073"
4261104,,"March 24, 2021, 5:16 PM",Williston,Williston Rd,WILLISTON RD,Injury,Rear End,Clear,,21WT01459,Williston PD.,,,None/Other,Day,Harvest Lane,None,None,,VT0041000,Four-way Intersection,None,Williston Rd,Dry,,"44.45255751826589,-73.11778305213512"
4261097,,"March 24, 2021, 5:29 PM",Williston,Essex Rd,ESSEX RD,Property Damage Only,Rear End,Cloudy,,21WT01460,Williston PD.,,,None/Other,Day,River Cove Rd,None,None,,VT0041000,T - Intersection,None,Essex Rd,Wet,,"44.472528991395464,-73.1132414067274"
4261081,,"March 25, 2021, 1:47 PM",South Burlington,155 Dorset St,,Property Damage Only,Same Direction Sideswipe,Clear,,21SB002503,So. Burlington PD.,,,None/Other,Day,Dorset St,None,None,,VT0040300,Parking Lot,None,155 Dorset St,Dry,,"44.464965887975175,-73.18292223797067"
4262150,,"March 25, 2021, 6:02 PM",Williston,Mountain View Road,MOUNTAIN VIEW RD,Property Damage Only,Same Direction Sideswipe,Clear,,21WT01486,Williston PD.,,,None/Other,Night,North Williston Rd,None,None,,VT0041000,Four-way Intersection,None,Mountain View Road,Dry,,"44.4507142017187,-73.05986963498013"
4260884,,"March 25, 2021, 6:07 PM",Burlington,77 Archibald St,ARCHIBALD ST,Injury,Other - Explain in Narrative,Clear,,21BU003753,Burlington PD,,,None/Other,Night,Intervale Ave,None,Pedestrian,,VT0040100,Not at a Junction,None,77 Archibald St,Dry,,"44.487840086239856,-73.21119833101064"
4261064,,"March 25, 2021, 6:35 PM",Winooski City,Main St,MAIN ST,Property Damage Only,Same Direction Sideswipe,Clear,,21WS001391,Winooski PD.,,,None/Other,Night,Stevens St,None,None,,VT0040400,T - Intersection,None,Main St,Dry,,"44.496630169968405,-73.18522806728579"
4246616,,"March 26, 2021, 5:17 PM",Colchester,Roosevelt Highway,ROOSEVELT HWY,Injury,Opp Direction Sideswipe,Cloudy,,21CC002529,Colchester PD.,,,None/Other,Day,6068 Roosevelt Highway,Alcohol,None,,VT0040500,Not at a Junction,None,Roosevelt Highway,Wet,,"44.58410622363766,-73.16506172527396"
4261693,,"March 26, 2021, 7:13 PM",Burlington,Main St,MAIN ST,Property Damage Only,"Left Turn and Thru, Angle Broadside -->v--",Clear,,21BU003806,Burlington PD,,,None/Other,Night,S Winooski Ave,None,None,,VT0040100,Four-way Intersection,None,Main St,Dry,,"44.47600416892318,-73.21099882876064"
4261038,,"March 27, 2021, 7:58 AM",South Burlington,861 Williston Rd,WILLISTON RD,Property Damage Only,Same Direction Sideswipe,Cloudy,,21SB002575,So. Burlington PD.,,,None/Other,Day,Williston Rd,None,None,,VT0040300,Off Ramp,None,861 Williston Rd,Dry,,"44.4711425811642,-73.18691553629697"
4249222,,"March 27, 2021, 10:28 AM",Hinesburg,Charlotte Rd,CHARLOTTE RD,Injury,Other - Explain in Narrative,Cloudy,,21HB00262,Hinesburg PD.,,,None/Other,Day,Leavensworth Rd,None,None,,VT0041200,Y - Intersection,None,Charlotte Rd,Dry,,"44.328048965040686,-73.13192140296559"
4262828,,"March 29, 2021, 9:00 AM",Hinesburg,695 RICHMOND RD,,Property Damage Only,"No Turns, Thru moves only, Broadside ^<",Clear,,21HB00267,Hinesburg PD.,,,None/Other,Day,IROQUOIS MANUFACTURING,None,None,695 RICHMOND RD,VT0041200,Not at a Junction,None,695 RICHMOND RD,Dry,,"44.34663897019823,-73.09297139082963"
4249567,,"March 29, 2021, 3:46 PM",Burlington,College St,COLLEGE ST,Property Damage Only,Single Vehicle Crash,Clear,,21BU003950,Burlington PD,,,None/Other,Day,Pine St,None,None,,VT0040100,Four-way Intersection,None,College St,Dry,,"44.476986894509224,-73.21563311139275"
4261003,,"March 29, 2021, 3:51 PM",Colchester,3619 ROOSEVELT HIGHWAY,ROOSEVELT HWY,Property Damage Only,Opp Direction Sideswipe,Clear,,21CC002612,Colchester PD.,,,None/Other,Day,,None,None,,VT0040500,Crossover,None,3619 ROOSEVELT HIGHWAY,Dry,,"44.55083310441745,-73.16396531776039"
4261015,,"March 29, 2021, 4:02 PM",Richmond,246 Hinesburg Rd,HINESBURG RD,Property Damage Only,Rear End,Clear,,21RM00095,Richmond PD.,,,None/Other,Day,Huntington Rd,None,None,,VT0040800,Not at a Junction,None,246 Hinesburg Rd,Dry,,"44.39858756173611,-73.01619123406658"
4246489,,"March 29, 2021, 4:46 PM",Shelburne,6987 Spear St,SPEAR ST,Property Damage Only,Other - Explain in Narrative,Clear,,21SH02210,Shelburne PD.,,,None/Other,Day,Irish Hill Rd,None,None,,VT0040700,Four-way Intersection,None,6987 Spear St,Dry,,"44.37368205309439,-73.20243804996404"
4261020,,"March 29, 2021, 6:22 PM",Williston,10 Simons Plaza,,Property Damage Only,Other - Explain in Narrative,Clear,,21WT01545,Williston PD.,,,None/Other,Night,Zephyr Rd,None,None,,VT0041000,Parking Lot,None,10 Simons Plaza,Dry,,"44.44788850297652,-73.10569829714925"
4262065,,"March 30, 2021, 7:29 AM",Burlington,Shelburne Rd,SHELBURNE RD,Property Damage Only,Rear End,Clear,,21BU003981,Burlington PD,,,None/Other,Day,189,None,None,,VT0040100,Off Ramp,None,Shelburne Rd,Dry,,"44.42156680467293,-73.21201193393634"
4261050,,"March 30, 2021, 9:33 AM",Williston,Industrial Ave,INDUSTRIAL AVE,Property Damage Only,Rear End,Clear,,21WT01556,Williston PD.,,,None/Other,Day,Williston Rd,None,None,,VT0041000,Y - Intersection,None,Industrial Ave,Dry,,"44.45852488867524,-73.1308261056018"
4262422,,"March 30, 2021, 11:15 AM",Milton,401 US-7,US ROUTE 7,Injury,Other - Explain in Narrative,Clear,,21MT001264,Milton PD.,,,None/Other,Day,Pecor Ave,None,None,,VT0040600,T - Intersection,None,401 US-7,Dry,,"44.625003822738385,-73.135751574997"
4260942,,"March 30, 2021, 11:40 AM",Colchester,COLLEGE PARKWAY,COLLEGE PKWY,Property Damage Only,Rear End,Clear,,21CC002633,Colchester PD.,,,None/Other,Day,CAMPUS ROAD,None,None,,VT0040500,Four-way Intersection,None,COLLEGE PARKWAY,Dry,,"44.49491570135842,-73.1615827908181"
4247066,,"March 30, 2021, 1:52 PM",Burlington,847 Pine St,,Property Damage Only,Rear End,Clear,,21BU004011,Burlington PD,,,None/Other,Day,Pine St,None,None,,VT0040100,Not at a Junction,None,847 Pine St,Dry,,"44.45663660379676,-73.21458204909847"
4261052,,"March 30, 2021, 3:16 PM",South Burlington,Interstate I189,INTERSTATE 189,Property Damage Only,Same Direction Sideswipe,Clear,,21A101040,VSP - A1 Williston,,,None/Other,Day,,None,None,,VTVSP0100,On Ramp,None,Interstate I189,Dry,,"44.447965146023826,-73.20524993437024"
4261916,,"March 30, 2021, 3:30 PM",Colchester,SEVERANCE ROAD,ROOSEVELT HWY,Property Damage Only,Rear End,Clear,,21CC002643,Colchester PD.,,,None/Other,Day,ROOSEVELT HIGHWAY,None,None,,VT0040500,Four-way Intersection,None,SEVERANCE ROAD,Dry,,"44.52921560603036,-73.17183419699478"
4264216,,"March 30, 2021, 4:17 PM",South Burlington,Hinesburg Rd,HINESBURG RD,Property Damage Only,Rear End,Clear,,21SB002692,So. Burlington PD.,,,None/Other,Day,Prouty Pkwy,None,None,,VT0040300,T - Intersection,None,Hinesburg Rd,Dry,,"44.458096805768925,-73.1696610827136"
4245787,,"March 30, 2021, 4:56 PM",Hinesburg,VT-116,VT ROUTE 116,Property Damage Only,Rear End,Clear,,21HB00275,Hinesburg PD.,,,None/Other,Day,HICKORY PLACE,None,None,,VT0041200,Not at a Junction,None,VT-116,Dry,,"44.355505766206434,-73.12115266729491"
4260996,,"March 30, 2021, 8:08 PM",Burlington,Battery St,BATTERY ST,Injury,Rear End,Clear,,21BU004027,Burlington PD,,,None/Other,Night,King St,None,None,,VT0040100,Not at a Junction,Non-highway work,Battery St,Dry,,"44.47458264899749,-73.2185950097766"
4260986,,"March 31, 2021, 12:23 AM",Essex,"80 Pearl Street, Essex",,Property Damage Only,Single Vehicle Crash,Clear,,21ES01475,Essex PD.,,,None/Other,Night,"74 Pear Street, Essex",None,None,,VT0040200,T - Intersection,None,"80 Pearl Street, Essex",Dry,,"44.493160689114596,-73.11989633397747"
4260992,,"March 31, 2021, 10:43 PM",Colchester,Roosevelt Highway,SOUTH ST,Property Damage Only,Head On,Rain,,21CC002686,Colchester PD.,,,None/Other,Night,South Street,Alcohol,None,,VT0040500,Four-way Intersection,None,Roosevelt Highway,Wet,,"44.55166347654035,-73.16354685220327"
4261056,,"April 1, 2021, 7:20 AM",Essex,56 Pearl Street,PEARL ST,Injury,Single Vehicle Crash,Freezing Precipitation,,21ES01490,Essex PD.,,,None/Other,Day,,None,None,,VT0040200,Not at a Junction,None,56 Pearl Street,Wet,,"44.493158995188075,-73.11754140843752"
4261797,,"April 1, 2021, 8:48 AM",Essex,190 Colchester Rd,COLCHESTER RD,Injury,"No Turns, Thru moves only, Broadside ^<",Freezing Precipitation,,21ES01492,Essex PD.,,,None/Other,Day,Susie Wilson Byp,None,None,,VT0040200,Four-way Intersection,Unknown,190 Colchester Rd,,,"44.515393053138155,-73.122509174877"
4260868,,"April 1, 2021, 2:43 PM",Colchester,MAIN STREET,MAIN ST,Injury,Opp Direction Sideswipe,Freezing Precipitation,,21CC002698,Colchester PD.,,,None/Other,Day,MILL POND ROAD,None,None,,VT0040500,Four-way Intersection,None,MAIN STREET,Wet,,"44.54380242255152,-73.14823874611102"
4260984,,"April 2, 2021, 1:52 PM",Richmond,65 W Main St,W MAIN ST,Property Damage Only,"Left Turn and Thru, Same Direction Sideswipe/Angle Crash vv--",Cloudy,,21RM00102,Richmond PD.,,,None/Other,Day,Millet St,None,None,,VT0040800,Driveway,None,65 W Main St,Dry,,"44.40590898353667,-72.99396136078197"
4260730,,"April 2, 2021, 2:57 PM",Winooski City,27 E Allen St,,Property Damage Only,"Left and Right Turns, Simultaneous Turn Crash --vv--",Clear,,21WS001530,Winooski PD.,,,None/Other,Day,Parking Lot Of TD Bank,None,None,,VT0040400,Driveway,None,27 E Allen St,Dry,,"44.49173383945639,-73.18533417440844"
4260959,,"April 2, 2021, 3:06 PM",Colchester,COLLEGE PARKWAY,COLLEGE PKWY,Property Damage Only,Same Direction Sideswipe,Clear,,21CC002725,Colchester PD.,,,None/Other,Day,ST MICHAELS COLLEGE PUBLIC SAFETY,None,None,,VT0040500,Four-way Intersection,None,COLLEGE PARKWAY,Dry,,"44.492817474467635,-73.16491601416259"
4245884,,"April 2, 2021, 4:48 PM",Colchester,ROOSEVELT HIGHWAY,ROOSEVELT HWY,Property Damage Only,Rear End,Clear,,21CC002727,Colchester PD.,,,None/Other,Day,BAY ROAD,None,None,,VT0040500,Four-way Intersection,None,ROOSEVELT HIGHWAY,Dry,,"44.548299036520994,-73.16486778104036"
4260908,,"April 2, 2021, 5:58 PM",Burlington,Main St,MAIN ST,Injury,Rear End,Clear,,21BU004179,Burlington PD,,,None/Other,Day,University Hgts,None,None,,VT0040100,T - Intersection,Not reported,Main St,Dry,,"44.47473810966384,-73.19509024133406"
4260982,,"April 2, 2021, 6:33 PM",South Burlington,974 Shelburne Road,,Property Damage Only,Rear-to-rear,Clear,,21SB002785,So. Burlington PD.,,,None/Other,Day,Parking Lot,None,None,,VT0040300,Parking Lot,None,974 Shelburne Road,Dry,,"44.442114719227774,-73.20917543627942"
4261976,,"April 3, 2021, 7:00 AM",Burlington,Main St,MAIN ST,Injury,"Right Turn and Thru, Broadside ^<--",Clear,,21BU004204,Burlington PD,,,None/Other,Day,East Ave,None,None,,VT0040100,Four-way Intersection,None,Main St,Dry,,"44.473054266317405,-73.19134226515655"
4250099,,"April 3, 2021, 1:50 PM",Williston,12 Marshall Ave,MAPLE TREE PL,Property Damage Only,Rear End,Clear,,21WT01632,Williston PD.,,,None/Other,Day,St George Rd,None,None,,VT0041000,Four-way Intersection,None,12 Marshall Ave,Dry,,"44.444262664150536,-73.11226865941615"
4263252,,"April 3, 2021, 2:05 PM",Richmond,,INTERSTATE 89,Property Damage Only,Same Direction Sideswipe,Clear,,21A101088,VSP - A1 Williston,,,None/Other,Day,MM 76.8 NB,None,None,,VTVSP0100,Not at a Junction,None,,Dry,,"44.40179898386474,-72.985781358391"
4264557,,"April 3, 2021, 4:50 PM",Jericho,VT Route 15,VT ROUTE 15,Property Damage Only,"Left Turn and Thru, Angle Broadside -->v--",Clear,,21A101079,VSP - A1 Williston,,,None/Other,Day,Browns Trace Rd,None,None,,VTVSP0100,T - Intersection,None,VT Route 15,Dry,,"44.511347189389745,-72.95808705310642"
4260993,,"April 4, 2021, 5:30 AM",Richmond,West Main St,W MAIN ST,Property Damage Only,Single Vehicle Crash,Clear,,21WT01648,Williston PD.,,,None/Other,Night,Kenyon Rd,None,None,,VT0041000,Not at a Junction,None,West Main St,Dry,,"44.423728186064835,-73.01909983400581"
4260886,,"April 4, 2021, 6:29 PM",Winooski City,West St,WEST ST,Property Damage Only,Same Direction Sideswipe,Clear,,21WS001550,Winooski PD.,,,None/Other,Day,River St,None,None,,VT0040400,Not at a Junction,None,West St,Dry,,"44.49261847852434,-73.19383116707557"
4255214,,"April 4, 2021, 9:58 PM",South Burlington,403 Queen City Park Rd,QUEEN CITY PARK RD,Injury,Single Vehicle Crash,Clear,,21BU004273,Burlington PD,,,None/Other,Night,Pine St,None,None,,VT0040100,T - Intersection,None,403 Queen City Park Rd,Dry,,"44.44625730992695,-73.21479621439818"
4260972,,"April 4, 2021, 10:52 PM",Essex,233 Browns River Rd,BROWNS RIVER RD,Property Damage Only,Single Vehicle Crash,Clear,,21ES01546,Essex PD.,,,Deer,Night,Osgood Hill Rd,None,None,,VT0040200,Not at a Junction,None,233 Browns River Rd,Dry,,"44.530731480020265,-73.0309319557225"
4261722,,"April 5, 2021, 8:43 AM",Williston,Essex Road,,Injury,Single Vehicle Crash,Clear,,21WT01665,Williston PD.,,,None/Other,Day,Country Lane,None,None,,VT0041000,Not at a Junction,None,Essex Road,Dry,,"44.463313140102535,-73.11254314620751"
4260887,,"April 5, 2021, 9:33 AM",Burlington,Hayward St,HAYWARD ST,Property Damage Only,Opp Direction Sideswipe,Clear,,21BU004288,Burlington PD,,,None/Other,Day,Howard St,None,None,,VT0040100,Four-way Intersection,None,Hayward St,Dry,,"44.4681155581895,-73.21316460400213"
4260978,,"April 5, 2021, 4:14 PM",Shelburne,14 Falls Rd,FALLS RD,Property Damage Only,Other - Explain in Narrative,Clear,,21SH02383,Shelburne PD.,,,None/Other,Day,Shelburnewood Dr,None,None,,VT0040700,Four-way Intersection,None,14 Falls Rd,Dry,,"44.38064503346536,-73.22731772260418"
4260508,,"April 6, 2021, 7:48 AM",Hinesburg,10888 VT ROUTE 116; HINESBURG ELEMENTARY,VT ROUTE 116,Property Damage Only,Single Vehicle Crash,Clear,,21HB00298,Hinesburg PD.,,,None/Other,Day,COMMUNITY SCHOOL,None,None,10888 VT ROUTE 116; HINESBURG ELEMENTARY SCHOOL; HINESBURG,VT0041200,Driveway,None,10888 VT ROUTE 116; HINESBURG ELEMENTARY,Dry,,"44.326548966141196,-73.10899139393639"
4260943,,"April 6, 2021, 8:10 AM",South Burlington,1210 Shelburne Rd,SHELBURNE RD,Property Damage Only,Rear End,Clear,,21SB002884,So. Burlington PD.,,,None/Other,Day,Fayette Dr,None,None,,VT0040300,Four-way Intersection,,1210 Shelburne Rd,Dry,,"44.43654844516153,-73.21046347655397"
4263773,,"April 6, 2021, 11:52 AM",Burlington,525 Main St,,Injury,Rear End,Clear,,21BU004338,Burlington PD,,,None/Other,Day,Univeristy P.,None,None,,VT0040100,Not at a Junction,None,525 Main St,Dry,,"44.47604069929394,-73.19859365769581"
4253304,,"April 6, 2021, 12:45 PM",Burlington,Shelburne Rd,SHELBURNE ST,Injury,Rear End,Clear,,21BU004343,Burlington PD,,,None/Other,Day,Prospect Pkwy,None,None,,VT0040100,Four-way Intersection,None,Shelburne Rd,Dry,,"44.45719880755125,-73.20839484991512"
4260901,,"April 6, 2021, 3:15 PM",Colchester,74 SOUTH PARK DRIVE,,Property Damage Only,Rear-to-rear,Clear,,21CC002849,Colchester PD.,,,None/Other,Day,SOUTH PARK DRIVE,None,None,,VT0040500,Not at a Junction,None,74 SOUTH PARK DRIVE,Dry,,"44.5028232153687,-73.18047181654543"
4261936,,"April 7, 2021, 3:36 PM",South Burlington,27 Green Mountain Dr,,Property Damage Only,Opp Direction Sideswipe,Clear,,21SB002942,So. Burlington PD.,,,None/Other,Day,Shelburne Rd,None,None,,VT0040300,Not at a Junction,None,27 Green Mountain Dr,Dry,,"44.42775104508239,-73.20834747943765"
4262094,,"April 7, 2021, 5:29 PM",Burlington,James Ave,JAMES AVE,Property Damage Only,"Right Turn and Thru, Same Direction Sideswipe/Angle Crash ^^--",Clear,,21BU004424,Burlington PD,,,None/Other,Day,Ethan Allen Pkwy,None,None,,VT0040100,T - Intersection,None,James Ave,Dry,,"44.51437480156381,-73.24234098520888"
4260923,,"April 7, 2021, 6:32 PM",South Burlington,1205 Williston Road,,Property Damage Only,"Left Turn and Thru, Angle Broadside -->v--",Clear,,21SB002951,So. Burlington PD.,,,None/Other,Day,McDonald's,None,None,,VT0040300,Other - Explain in Narrative,None,1205 Williston Road,Dry,,"44.467507766598594,-73.17563007385858"
4245882,,"April 7, 2021, 7:15 PM",Essex,Jericho Road and Allen Martin Drive,ALLEN MARTIN DR,Property Damage Only,"Left Turn and Thru, Broadside v<--",Clear,,21ES01617,Essex PD.,,,None/Other,Night,Jericho Rd,None,None,,VT0040200,T - Intersection,None,Jericho Road and Allen Martin Drive,Dry,,"44.50455275891947,-73.038503579302"
4260905,,"April 8, 2021, 12:43 PM",South Burlington,1186 US-2,WILLISTON RD,Property Damage Only,Rear End,Clear,,21SB002982,So. Burlington PD.,,,None/Other,Day,Mary St,None,None,,VT0040300,Four-way Intersection,,1186 US-2,Dry,,"44.46798153529684,-73.1767364893869"
4245918,,"April 8, 2021, 3:11 PM",Colchester,Roosevelt Highway,ROOSEVELT HWY,Property Damage Only,Opp Direction Sideswipe,Clear,,21CC002913,Colchester PD.,,,None/Other,Day,Lower Mountain View Drive,None,None,,VT0040500,Not at a Junction,None,Roosevelt Highway,Dry,,"44.506601436248786,-73.180729560841"
4246625,,"April 8, 2021, 3:42 PM",Williston,312 Harvest Ln,HARVEST LN,Property Damage Only,Rear End,Clear,,21WT01713,Williston PD.,,,None/Other,Day,Marshall Ave,None,None,,VT0041000,Not at a Junction,None,312 Harvest Ln,Dry,,"44.44921472589161,-73.11518486470058"
4261896,,"April 8, 2021, 4:01 PM",Burlington,North Ave,NORTH AVE,Property Damage Only,Other - Explain in Narrative,Clear,,21BU004490,Burlington PD,,,None/Other,Day,Crowley St,None,None,,VT0040100,Not at a Junction,None,North Ave,Dry,,"44.48685503259499,-73.22424925680149"