ObjectID,Mapped,Crash Date,City/Town,Address,AOT Route,Crash Type,Collision Direction,Weather,Road Group,Report Number,Reporting Agency,Road Group ID,AOT Actual Milepoint,Animal,Time of Day,Intersection With,Impairment,Involving,Non Reportable Address,Reporting Agency ID,Road Characteristics,Road Condition,Street Address,Surface Condition,AOT Route ID,Coordinates
4263209,,"April 8, 2021, 4:53 PM",Colchester,West Lakeshore Drive,,Property Damage Only,"Right Turn and Thru, Angle Broadside -->^--",Clear,,21CC002915,Colchester PD.,,,None/Other,Day,Mazza's General Store,None,None,,VT0040500,Parking Lot,None,West Lakeshore Drive,Dry,,"44.55027210714392,-73.22937678343327"
4261071,,"April 9, 2021, 7:30 AM",Burlington,King St,KING ST,Property Damage Only,Other - Explain in Narrative,Clear,,21BU004521,Burlington PD,,,None/Other,Day,Browns Ct,None,Heavy Truck,,VT0040100,T - Intersection,Other - Explain in Narrative,King St,Dry,,"44.474768442733456,-73.21341230421758"
4261583,,"April 9, 2021, 8:41 AM",South Burlington,Dorset Street at Peoples United Bank,DORSET ST,Injury,Same Direction Sideswipe,Clear,,21SB003007,So. Burlington PD.,,,None/Other,Day,Market St,None,None,,VT0040300,Not at a Junction,None,Dorset Street at Peoples United Bank,Dry,,"44.467287450541434,-73.18146636013773"
4259000,,"April 9, 2021, 5:01 PM",Hinesburg,12982 VT Route 116,VT ROUTE 116,Injury,Rear End,Clear,,21HB00315,Hinesburg PD.,,,None/Other,Day,Obrien Meadows,None,None,,VT0041200,T - Intersection,None,12982 VT Route 116,Dry,,"44.31155488344343,-73.07580439437916"
4246918,,"April 9, 2021, 5:34 PM",South Burlington,Williston Rd,WILLISTON RD,Property Damage Only,Rear End,Clear,,21SB003020,So. Burlington PD.,,,None/Other,Day,Mary St,None,None,,VT0040300,Four-way Intersection,None,Williston Rd,Dry,,"44.46827385092538,-73.17767184795336"
4266549,,"April 10, 2021, 1:26 AM",South Burlington,1205 Williston Road,,Property Damage Only,Other - Explain in Narrative,Clear,,21SB003031,So. Burlington PD.,,,None/Other,Night,McDonald's Parking Lot,None,None,,VT0040300,Parking Lot,None,1205 Williston Road,Dry,,"44.467483922953804,-73.17566251133111"
4266696,,"April 10, 2021, 8:50 AM",Colchester,MAIN STREET,ROOSEVELT HWY,Property Damage Only,"Left Turn and Thru, Broadside v<--",Clear,,21CC002998,Colchester PD.,,,None/Other,Day,PIERRE COURT,None,None,,VT0040500,T - Intersection,None,MAIN STREET,Dry,,"44.55087861028536,-73.16387773786008"
4266580,,"April 10, 2021, 2:24 PM",Shelburne,Dorset Street,DORSET ST,Injury,"No Turns, Thru moves only, Broadside ^<",Clear,,21SH02502,Shelburne PD.,,,None/Other,Day,Barstow Road,None,None,,VT0040700,Four-way Intersection,None,Dorset Street,Dry,,"44.40758559631119,-73.17827442992167"
4266589,,"April 10, 2021, 3:41 PM",Burlington,Institute Rd,INSTITUTE RD,Property Damage Only,Single Vehicle Crash,Clear,,21BU004625,Burlington PD,,,None/Other,Day,Rock Point Rd,None,None,,VT0040100,Not at a Junction,None,Institute Rd,Dry,,"44.49533749906685,-73.23546324436965"
4268819,,"April 11, 2021, 2:52 PM",Colchester,Prim Road,PRIM RD,Property Damage Only,Rear End,Clear,,21CC003041,Colchester PD.,,,None/Other,Day,Bean Road,None,None,,VT0040500,Not at a Junction,None,Prim Road,Dry,,"44.54243789660044,-73.23991201817856"
4268841,,"April 11, 2021, 3:21 PM",Colchester,781 College Parkway,,Property Damage Only,Rear-to-rear,Clear,,21CC003042,Colchester PD.,,,None/Other,Day,College Parkway,None,None,,VT0040500,Parking Lot,None,781 College Parkway,Dry,,"44.4977420137432,-73.15838325971743"
4268766,,"April 11, 2021, 7:57 PM",South Burlington,Williston Rd,WILLISTON RD,Property Damage Only,Rear End,Clear,,21SB003087,So. Burlington PD.,,,None/Other,Night,Dorset St,Alcohol,None,,VT0040300,Four-way Intersection,None,Williston Rd,Dry,,"44.46916606223776,-73.18119194458374"
4271034,,"April 12, 2021, 11:02 AM",Burlington,Shelburne Rd,SHELBURNE RD,Property Damage Only,"Left Turns, Same Direciton, Rear End v--v--",Clear,,21BU004730,Burlington PD,,,None/Other,Day,I89,None,Heavy Truck,,VT0040100,T - Intersection,None,Shelburne Rd,Dry,,"44.42156680467293,-73.21201193393634"
4273189,,"April 13, 2021, 7:27 AM",Essex,2 Lincoln St,PEARL ST,Property Damage Only,Rear End,Clear,,21ES01728,Essex PD.,,,None/Other,Day,Park St,None,None,,VT0040200,Five-point or more,None,2 Lincoln St,Dry,,"44.49053381541076,-73.11136960330185"
4272979,,"April 13, 2021, 10:59 AM",Burlington,280 N Winooski Ave,,Injury,Same Direction Sideswipe,Clear,,21BU004793,Burlington PD,,,None/Other,Day,280 N Winooski Ave,None,None,,VT0040100,Not at a Junction,"Shoulders (none, low, soft, high)",280 N Winooski Ave,,,"44.47191105991803,-73.21035554498474"
4272684,,"April 13, 2021, 11:52 AM",Burlington,146 University Pl,UNIVERSITY PL,Property Damage Only,Other - Explain in Narrative,Clear,,21UV001724,UVM Police,,,None/Other,Day,Main St,None,None,,VT0041100,Not at a Junction,None,146 University Pl,Dry,,"44.4763766185935,-73.1990426896359"
4272956,,"April 13, 2021, 2:30 PM",Winooski City,E Allen St,E ALLEN ST,Property Damage Only,Rear End,Clear,,21WS001738,Winooski PD.,,,None/Other,Day,Florida Ave,None,None,,VT0040400,T - Intersection,None,E Allen St,Dry,,"44.493248645234665,-73.17120737592526"
4273227,,"April 13, 2021, 7:36 PM",Burlington,Main St,MAIN ST,Injury,Rear End,Clear,,21BU004826,Burlington PD,,,None/Other,Night,Spear St,None,None,,VT0040100,Four-way Intersection,None,Main St,Unknown,,"44.473054266317405,-73.19134226515655"
4273144,,"April 13, 2021, 8:38 PM",Burlington,Riverside Ave,RIVERSIDE AVE,Property Damage Only,Rear End,Clear,,21BU004832,Burlington PD,,,None/Other,Night,N Winooski Ave,None,None,,VT0040100,Y - Intersection,None,Riverside Ave,Dry,,"44.489653432978976,-73.20580717481758"
4275277,,"April 14, 2021, 8:35 AM",Williston,Maple Tree Place,MAPLE TREE PL,Property Damage Only,Rear End,Cloudy,,21WT01787,Williston PD.,,,None/Other,Day,Williston Rd,None,None,,VT0041000,Four-way Intersection,None,Maple Tree Place,Dry,,"44.44754294076859,-73.10637313432329"
4275247,,"April 14, 2021, 9:01 AM",Burlington,37 N Prospect St,N PROSPECT ST,Property Damage Only,Same Direction Sideswipe,Clear,,21BU004846,Burlington PD,,,None/Other,Day,Brookes Ave,None,None,,VT0040100,Not at a Junction,,37 N Prospect St,,,"44.482413032668255,-73.20104324806847"
4275380,,"April 14, 2021, 3:14 PM",Burlington,Shelburne Rd,SHELBURNE ST,Property Damage Only,Other - Explain in Narrative,Cloudy,,21BU004867,Burlington PD,,,None/Other,Day,I-189,None,None,,VT0040100,Other - Explain in Narrative,None,Shelburne Rd,Dry,,"44.44835014145382,-73.20923201515565"
4275239,,"April 14, 2021, 5:21 PM",Essex,44 River Road,RIVER RD,Injury,Rear End,Cloudy,,21ES01763,Essex PD.,,,None/Other,Day,Valleyview Dr,None,None,,VT0040200,Not at a Junction,None,44 River Road,Dry,,"44.48330615471976,-73.08406577483619"
4275233,,"April 15, 2021, 10:58 AM",South Burlington,3062 Williston Rd,WILLISTON RD,Injury,Rear End,Rain,,21SB003223,So. Burlington PD.,,,None/Other,Day,Valley Rd,None,None,,VT0040300,Not at a Junction,None,3062 Williston Rd,Wet,,"44.458453720309016,-73.14198346443682"
4275246,,"April 15, 2021, 8:08 PM",Shelburne,6987 Spear St,SPEAR ST,Property Damage Only,Rear End,Rain,,21SH02650,Shelburne PD.,,,None/Other,Night,Irish Hill Rd,None,None,,VT0040700,Four-way Intersection,None,6987 Spear St,Wet,,"44.37375396763668,-73.20245145697118"
4275261,,"April 16, 2021, 7:42 AM",Essex,47 Susie Wilson Rd,SUSIE WILSON RD,Property Damage Only,Same Direction Sideswipe,Cloudy,,21ES001783,Essex PD.,,,None/Other,Day,Kellogg Rd,None,Heavy Truck,,VT0040200,Not at a Junction,None,47 Susie Wilson Rd,Wet,,"44.50886771983093,-73.13247558912677"
4275140,,"April 16, 2021, 12:47 PM",Burlington,North Ave,NORTH AVE,Injury,Other - Explain in Narrative,Cloudy,,21BU004978,Burlington PD,,,None/Other,Day,Canfield St,None,None,,VT0040100,T - Intersection,None,North Ave,Wet,,"44.485225886645296,-73.22298769805043"
4275046,,"April 16, 2021, 2:25 PM",Williston,Saint George Road,SAINT GEORGE RD,Injury,"No Turns, Thru moves only, Broadside ^<",Rain,,21WT01842,Williston PD.,,,None/Other,Day,Wright Avenue,None,None,,VT0041000,Four-way Intersection,None,Saint George Road,Wet,,"44.44696049947813,-73.11096516399097"
4275142,,"April 16, 2021, 2:33 PM",South Burlington,40 Kimball Ave,KIMBALL AVE,Property Damage Only,Rear End,Rain,,21WT01843,Williston PD.,,,None/Other,Day,Kennedy Dr,None,None,,VT0041000,Four-way Intersection,None,40 Kimball Ave,Wet,,"44.460420763793664,-73.15533741604314"
4275124,,"April 16, 2021, 5:01 PM",South Burlington,Williston Rd,WILLISTON RD,Property Damage Only,Rear End,Rain,,21SB003265,So. Burlington PD.,,,None/Other,Day,East Ave,None,None,,VT0040300,Four-way Intersection,"Road Surface Condition(wet, icy, snow, slush, etc)",Williston Rd,Wet,,"44.47245462096232,-73.19005957751286"
4275132,,"April 16, 2021, 9:40 PM",Burlington,595 Shelburne Rd,,Property Damage Only,Same Direction Sideswipe,Rain,,21BU004997,Burlington PD,,,None/Other,Night,I89,None,Heavy Truck,,VT0040100,Not at a Junction,None,595 Shelburne Rd,Wet,,"44.449591474310004,-73.2108590040762"
4274989,,"April 17, 2021, 2:56 PM",Burlington,475 Colchester Ave,COLCHESTER AVE,Injury,Rear End,Clear,,21BU005043,Burlington PD,,,None/Other,Day,Barrett St,None,None,,VT0040100,Five-point or more,None,475 Colchester Ave,Dry,,"44.48793639340209,-73.18673407541698"
4275193,,"April 17, 2021, 5:33 PM",South Burlington,1705 Williston Road,,Property Damage Only,Other - Explain in Narrative,Clear,,21SB003286,So. Burlington PD.,,,None/Other,Day,Parking Lot,None,None,,VT0040300,Parking Lot,None,1705 Williston Road,Dry,,"44.463293158600095,-73.15717877211226"
4275054,,"April 17, 2021, 7:21 PM",Williston,Walker Hill Road,WALKER HILL RD,Property Damage Only,"Left Turn and Thru, Broadside v<--",Clear,,21WT01861,Williston PD.,,,None/Other,Night,Saint George Road,None,None,,VT0041000,T - Intersection,None,Walker Hill Road,Dry,,"44.43058528341409,-73.11981337780634"
4275144,,"April 18, 2021, 7:01 AM",Colchester,ROOSEVELT HIGHWAY,ROOSEVELT HWY,Property Damage Only,Single Vehicle Crash,Clear,,21CC003283,Colchester PD.,,,Deer,Day,US ROUTE 2,None,None,,VT0040500,Not at a Junction,None,ROOSEVELT HIGHWAY,Dry,,"44.58952494943985,-73.1664080710775"
4275002,,"April 18, 2021, 1:56 PM",South Burlington,Williston Road,WILLISTON RD,Property Damage Only,"No Turns, Thru moves only, Broadside ^<",Cloudy,,21SB003310,So. Burlington PD.,,,None/Other,Day,Staples Plaza Exit,None,None,,VT0040300,Four-way Intersection,None,Williston Road,Dry,,"44.47160166781968,-73.18839140958393"
4275063,,"April 18, 2021, 10:15 PM",Burlington,Main St,MAIN ST,Property Damage Only,"No Turns, Thru moves only, Broadside ^<",Clear,,21BU005103,Burlington PD,,,None/Other,Night,S Prospect St,None,None,,VT0040100,Four-way Intersection,None,Main St,Dry,,"44.476364334679765,-73.20070630736102"
4275141,,"April 19, 2021, 11:54 AM",Williston,CONNOR WAY,CONNOR WAY,Property Damage Only,Rear End,Clear,,21WT01876,Williston PD.,,,None/Other,Day,VT ROUTE 2A,None,None,,VT0041000,Four-way Intersection,None,CONNOR WAY,Dry,,"44.4468812550592,-73.11063770056334"
4274966,,"April 19, 2021, 12:49 PM",Williston,2939 ST GEORGE RD,,Property Damage Only,Rear-to-rear,Cloudy,,21WT01879,Williston PD.,,,None/Other,Day,SANDRI PARKING LOT,None,None,,VT0041000,Parking Lot,None,2939 ST GEORGE RD,Dry,,"44.44063602473322,-73.11391404086646"
4274932,,"April 19, 2021, 12:50 PM",Williston,St George Rd,SAINT GEORGE RD,Property Damage Only,Same Direction Sideswipe,Clear,,21WT01878,Williston PD.,,,None/Other,Day,I 89 Exit 12 Off Ramp,None,None,,VT0041000,Four-way Intersection,None,St George Rd,Dry,,"44.43883765017758,-73.11530206921564"
4274954,,"April 19, 2021, 3:03 PM",South Burlington,Williston Road,WILLISTON RD,Property Damage Only,"Left Turn and Thru, Angle Broadside -->v--",Clear,,21SB003341,So. Burlington PD.,,,None/Other,Day,Mary St,None,None,,VT0040300,Four-way Intersection,None,Williston Road,Dry,,"44.468466407872384,-73.17843871841382"
4275339,,"April 19, 2021, 5:22 PM",Williston,500 ESSEX RD,ESSEX RD,Property Damage Only,Rear End,Clear,,21WT01886,Williston PD.,,,None/Other,Day,JAMES BROWN DR,None,None,,VT0041000,Not at a Junction,None,500 ESSEX RD,Dry,,"44.47501709513241,-73.11335686761507"
4275243,,"April 19, 2021, 6:16 PM",Winooski City,165 E Spring St,E SPRING ST,Property Damage Only,Same Direction Sideswipe,Clear,,21WS001859,Winooski PD.,,,None/Other,Day,E Allen St,None,None,,VT0040400,Y - Intersection,None,165 E Spring St,Dry,,"44.49271603689173,-73.17909699129021"
4274969,,"April 19, 2021, 6:18 PM",Colchester,College Parkway,COLLEGE PKWY,Property Damage Only,Rear End,Clear,,21CC003317,Colchester PD.,,,None/Other,Day,Vermont National Guard Road,None,None,,VT0040500,Not at a Junction,None,College Parkway,Dry,,"44.49832037572883,-73.15640307383671"
4275292,,"April 19, 2021, 6:20 PM",Colchester,College Parkway,COLLEGE PKWY,Property Damage Only,Rear End,Clear,,21CC003322,Colchester PD.,,,None/Other,Day,Woodside Drive,None,None,,VT0040500,Not at a Junction,None,College Parkway,Dry,,"44.50111626260188,-73.15062497202939"
4275259,,"April 20, 2021, 2:19 PM",South Burlington,Shelburne Road at Laurel Hill Drive,LAUREL HILL DR,Property Damage Only,Same Direction Sideswipe,Clear,,21SB003368,So. Burlington PD.,,,None/Other,Day,Laurel Hill Dr,None,None,,VT0040300,Not at a Junction,None,Shelburne Road at Laurel Hill Drive,Dry,,"44.441483560744686,-73.20992031817691"
4275252,,"April 21, 2021, 1:14 PM",South Burlington,4050 Williston Rd # 133,,Property Damage Only,Rear-to-rear,Freezing Precipitation,,21SB003406,So. Burlington PD.,,,None/Other,Day,Gregory Dr,None,None,,VT0040300,Parking Lot,None,4050 Williston Rd # 133,Wet,,"44.458994817837386,-73.13857155813803"
4274883,,"April 21, 2021, 1:42 PM",Burlington,Pearl St,PEARL ST,Injury,Rear End,Freezing Precipitation,,21BU005219,Burlington PD,,,None/Other,Day,Handy Ct,None,None,,VT0040100,Four-way Intersection,None,Pearl St,Wet,,"44.48074418195364,-73.20171117883261"
4274893,,"April 21, 2021, 2:15 PM",Shelburne,3329 Shelburne Rd,SHELBURNE RD,Injury,"Right Turn and Thru, Same Direction Sideswipe/Angle Crash ^^--",Freezing Precipitation,,21SH02798,Shelburne PD.,,,None/Other,Day,Bay Road,None,Heavy Truck,,VT0040700,Not at a Junction,"Road Surface Condition(wet, icy, snow, slush, etc)",3329 Shelburne Rd,Snow,,"44.40749897510138,-73.21642143567742"
4274899,,"April 21, 2021, 5:02 PM",Essex,4 Main St,LINCOLN ST,Injury,Head On,Freezing Precipitation,,21ES001924,Essex PD.,,,None/Other,Day,Main St,None,None,,VT0040200,Parking Lot,None,4 Main St,Wet,,"44.49108537434703,-73.11088503944507"
4274874,,"April 21, 2021, 5:34 PM",Winooski City,Main St,MAIN ST,Property Damage Only,Rear End,Freezing Precipitation,,21WS001902,Winooski PD.,,,None/Other,Day,W Spring St,None,None,,VT0040400,Four-way Intersection,None,Main St,Wet,,"44.494662316867036,-73.18622345315231"
4275190,,"April 21, 2021, 6:10 PM",Burlington,Main St,MAIN ST,Property Damage Only,"No Turns, Thru moves only, Broadside ^<",Freezing Precipitation,,21BU005229,Burlington PD,,,None/Other,Day,S Champlain St,None,None,,VT0040100,Four-way Intersection,"Road Surface Condition(wet, icy, snow, slush, etc)",Main St,Snow,,"44.47577197345957,-73.21709445580672"
4274978,,"April 22, 2021, 1:04 AM",Bolton,1320 Theodore Roosevelt Hwy,INTERSTATE 89,Injury,Single Vehicle Crash,Freezing Precipitation,,21A101331,VSP - A1 Williston,,,None/Other,Night,Pineo Brook Rd,None,None,,VTVSP0100,Not at a Junction,"Road Surface Condition(wet, icy, snow, slush, etc)",1320 Theodore Roosevelt Hwy,Ice,,"44.364725365895254,-72.84895199174098"
4274853,,"April 22, 2021, 7:39 AM",South Burlington,White Street at Patchen Road,PATCHEN RD,Injury,"Left Turn and Thru, Broadside v<--",Cloudy,,21SB003428,So. Burlington PD.,,,None/Other,Day,Patchen Rd,None,None,,VT0040300,Four-way Intersection,None,White Street at Patchen Road,Dry,,"44.468308540850664,-73.17165040263046"
4274813,,"April 22, 2021, 5:32 PM",Burlington,N Winooski Ave,N WINOOSKI AVE,Property Damage Only,Rear End,Clear,,21BU005285,Burlington PD,,,None/Other,Day,Grant St,None,None,,VT0040100,Not at a Junction,None,N Winooski Ave,Dry,,"44.48228970788397,-73.21131274857717"
4275371,,"April 22, 2021, 8:26 PM",Richmond,,,Property Damage Only,Rear End,Freezing Precipitation,,21A101327,VSP - A1 Williston,,,None/Other,Night,,None,None,,VTVSP0100,Not at a Junction,"Road Surface Condition(wet, icy, snow, slush, etc)",,Ice,,"44.40532095820968,-72.98922150669277"
4274755,,"April 23, 2021, 1:40 PM",Williston,Williston Road,WILLISTON RD,Property Damage Only,"No Turns, Thru moves only, Broadside ^<",Clear,,21WT01952,Williston PD.,,,None/Other,Day,Taft Corners Shopping Center,None,None,,VT0041000,T - Intersection,None,Williston Road,Dry,,"44.449224958331016,-73.1099208746621"
4275236,,"April 23, 2021, 3:33 PM",Shelburne,3376 Shelburne Rd,SHELBURNE RD,Property Damage Only,Rear End,Clear,,21SH02850,Shelburne PD.,,,None/Other,Day,Shelburne Rd,None,None,,VT0040700,Not at a Junction,None,3376 Shelburne Rd,Dry,,"44.406766954808646,-73.21654327774326"
4274856,,"April 23, 2021, 3:43 PM",South Burlington,Hinesburg Road,HINESBURG RD,Property Damage Only,"Left Turn and Thru, Angle Broadside -->v--",Clear,,21SB003464,So. Burlington PD.,,,None/Other,Day,Kennedy Drive,None,Heavy Truck,,VT0040300,Driveway,None,Hinesburg Road,Dry,,"44.45442029422187,-73.1649491848135"
4274736,,"April 23, 2021, 4:13 PM",Burlington,481 Main St,,Property Damage Only,Rear End,Clear,,21BU005330,Burlington PD,,,None/Other,Day,UVM,None,None,,VT0040100,Not at a Junction,None,481 Main St,Dry,,"44.4761092282022,-73.19967778294242"
4275250,,"April 23, 2021, 4:55 PM",South Burlington,Williston Road,,Property Damage Only,"Left Turn and Thru, Angle Broadside -->v--",Clear,,21SB003465,So. Burlington PD.,,,None/Other,Day,861 Williston Road,None,None,,VT0040300,Four-way Intersection,None,Williston Road,Dry,,"44.47059374413373,-73.18775950049765"
4274773,,"April 23, 2021, 10:20 PM",Williston,South Road,SOUTH RD,Property Damage Only,Single Vehicle Crash,Clear,,21WT01958,Williston PD.,,,None/Other,Night,East Hill Road,Alcohol,None,,VT0041000,T - Intersection,,South Road,Dry,,"44.421440560321315,-73.0686064869863"
4274714,,"April 24, 2021, 3:43 AM",South Burlington,Williston Road,WILLISTON RD,Property Damage Only,Single Vehicle Crash,Clear,,21SB003476,So. Burlington PD.,,,None/Other,Night,Hinesburg Road,None,None,,VT0040300,Not at a Junction,None,Williston Road,Dry,,"44.4668539736445,-73.17108076276885"
4274727,,"April 24, 2021, 12:49 PM",Colchester,2077 Roosevelt Hwy,I-89 EXIT 17 RAMP D,Property Damage Only,Rear End,Clear,,21A101369,VSP - A1 Williston,,,None/Other,Day,I- 89,None,None,,VTVSP0100,T - Intersection,None,2077 Roosevelt Hwy,Dry,,"44.589870689303325,-73.16884261365608"
4274730,,"April 24, 2021, 2:27 PM",Williston,150 Market Street,,Property Damage Only,Same Direction Sideswipe,Clear,,21WT01966,Williston PD.,,,None/Other,Day,,None,Heavy Truck,,VT0041000,Parking Lot,None,150 Market Street,Dry,,"44.45036794479887,-73.10822410378988"
4274720,,"April 24, 2021, 3:12 PM",Shelburne,5224 Shelburne Road,SHELBURNE RD,Property Damage Only,Rear End,Cloudy,,21SH02877,Shelburne PD.,,,None/Other,Day,Harbor Rd,None,None,,VT0040700,Not at a Junction,None,5224 Shelburne Road,Dry,,"44.381401101068654,-73.2273019854967"
4274675,,"April 26, 2021, 7:49 AM",Burlington,460 Riverside Ave,RIVERSIDE AVE,Property Damage Only,Rear End,Clear,,21BU005448,Burlington PD,,,None/Other,Day,N Prospect St,None,None,,VT0040100,Not at a Junction,None,460 Riverside Ave,Dry,,"44.48898512346148,-73.20241037953019"
4274977,,"April 26, 2021, 12:56 PM",Burlington,North Ave,NORTH AVE,Property Damage Only,"Left Turn and Thru, Angle Broadside -->v--",Clear,,21BU005472,Burlington PD,,,None/Other,Day,North St,None,None,,VT0040100,T - Intersection,Other - Explain in Narrative,North Ave,Dry,,"44.48443498300942,-73.22234693596572"
4274661,,"April 26, 2021, 3:12 PM",South Burlington,1251 Williston Rd,WILLISTON RD,Property Damage Only,"Left Turn and Thru, Broadside v<--",Clear,,21SB003532,So. Burlington PD.,,,None/Other,Day,White St,None,None,,VT0040300,Not at a Junction,None,1251 Williston Rd,Dry,,"44.46748065491614,-73.17389364281036"
4274685,,"April 26, 2021, 4:16 PM",Winooski City,Malletts Bay Ave,MALLETTS BAY AVE,Injury,Head On,Cloudy,,21WS001989,Winooski PD.,,,None/Other,Day,Elm St,None,None,,VT0040400,T - Intersection,None,Malletts Bay Ave,Dry,,"44.49622790912382,-73.19372308539195"
4274671,,"April 26, 2021, 5:19 PM",Burlington,North Ave,,Injury,Head On,Clear,,21BU005487,Burlington PD,,,None/Other,Day,1024 North Ave,None,None,,VT0040100,Not at a Junction,None,North Ave,Dry,,"44.505036319064544,-73.24124903808803"
4274597,,"April 27, 2021, 1:46 PM",Colchester,COLLEGE PARKWAY,COLLEGE PKWY,Property Damage Only,Same Direction Sideswipe,Clear,,21CC003539,Colchester PD.,,,None/Other,Day,CAMPUS ROAD,None,None,,VT0040500,Not at a Junction,None,COLLEGE PARKWAY,Dry,,"44.49496940312406,-73.16163369119185"
4274761,,"April 27, 2021, 5:49 PM",South Burlington,977 Shelburne Road,SHELBURNE RD,Property Damage Only,Same Direction Sideswipe,Clear,,21SB003574,So. Burlington PD.,,,None/Other,Day,Brewer Parkway,None,None,,VT0040300,Not at a Junction,None,977 Shelburne Road,Dry,,"44.44276209867286,-73.20982274334801"
4274591,,"April 28, 2021, 8:41 PM",Richmond,Interstate 89 N,INTERSTATE 89,Property Damage Only,Single Vehicle Crash,Rain,,21WT02022,Williston PD.,,,None/Other,Night,MM 73.9,None,None,,VT0041000,Not at a Junction,None,Interstate 89 N,Wet,,"44.42365946580203,-73.02991748240422"
4274552,,"April 29, 2021, 7:16 AM",South Burlington,South Burlington Opposite Trader Joe's,DORSET ST,Property Damage Only,Rear End,Clear,,21SB003615,So. Burlington PD.,,,None/Other,Day,San Remo Dr,None,None,,VT0040300,Four-way Intersection,None,South Burlington Opposite Trader Joe's,Dry,,"44.46358366796961,-73.18079494174272"
4275021,,"April 29, 2021, 10:06 AM",Colchester,COLLEGE PARKWAY,COLLEGE PKWY,Property Damage Only,Rear End,Clear,,21CC003595,Colchester PD.,,,None/Other,Day,LIME KILN ROAD,None,None,,VT0040500,Four-way Intersection,Work zone (construction / maintenance / utility),COLLEGE PARKWAY,Dry,,"44.49285361622649,-73.16489127915854"
4274558,,"April 29, 2021, 11:40 AM",South Burlington,,INTERSTATE 89,Property Damage Only,Same Direction Sideswipe,Cloudy,,21A101427,VSP - A1 Williston,,,None/Other,Day,Exit 13,None,None,,VTVSP0100,Off Ramp,None,,Dry,,"44.45238645004562,-73.18261228499183"
4274816,,"April 30, 2021, 8:17 AM",Williston,Harvest Lane,HARVEST LN,Property Damage Only,Same Direction Sideswipe,Rain,,21WT02046,Williston PD.,,,None/Other,Day,Marshal Avenue,None,Heavy Truck,,VT0041000,Four-way Intersection,None,Harvest Lane,Wet,,"44.445583838983445,-73.11760904387602"
4274602,,"April 30, 2021, 1:39 PM",Colchester,218 LOWER MOUNTAIN VIEW DRIVE,,Property Damage Only,Rear End,Rain,,21CC003637,Colchester PD.,,,None/Other,Day,COSTCO PARKING LOT,None,None,,VT0040500,Parking Lot,None,218 LOWER MOUNTAIN VIEW DRIVE,Wet,,"44.50495023968637,-73.17539093283533"
4274534,,"April 30, 2021, 2:10 PM",Milton,Railroad St,RAILROAD ST,Property Damage Only,Rear End,Rain,,21MT001890,Milton PD.,,,None/Other,Day,Main St,None,None,,VT0040600,T - Intersection,None,Railroad St,Wet,,"44.63878769168051,-73.10409686479177"
4274494,,"May 1, 2021, 7:21 AM",South Burlington,Kennedy Dr,KENNEDY DR,Property Damage Only,Head On,Clear,,21SB003700,So. Burlington PD.,,,None/Other,Day,Hinesburg Rd,None,None,,VT0040300,Not at a Junction,"Road Surface Condition(wet, icy, snow, slush, etc)",Kennedy Dr,Dry,,"44.45442029422187,-73.1649491848135"
4274504,,"May 1, 2021, 1:46 PM",Colchester,SEVERANCE ROAD,SEVERANCE RD,Property Damage Only,Rear End,Clear,,21CC003658,Colchester PD.,,,None/Other,Day,OAK TERRACE,None,Heavy Truck,,VT0040500,Not at a Junction,None,SEVERANCE ROAD,Dry,,"44.5149311919362,-73.14572248543028"
4274493,,"May 1, 2021, 2:21 PM",Colchester,865 College Parkway,,Property Damage Only,Other - Explain in Narrative,Clear,,21CC003663,Colchester PD.,,,None/Other,Day,Simon's Gas Stattion,None,None,,VT0040500,Parking Lot,None,865 College Parkway,Dry,,"44.49855138197031,-73.15692120230591"
4274500,,"May 1, 2021, 8:41 PM",Colchester,PRIM ROAD,PRIM RD,Property Damage Only,Opp Direction Sideswipe,Clear,,21CC003678,Colchester PD.,,,None/Other,Night,HEINEBERG ROAD,None,None,,VT0040500,Four-way Intersection,None,PRIM ROAD,Dry,,"44.53644685352636,-73.24781326726995"
4275031,,"May 2, 2021, 3:15 PM",Williston,364 Essex Rd,ESSEX RD,Property Damage Only,Rear End,Clear,,21WT02072,Williston PD.,,,None/Other,Day,James Brown Dr,None,None,,VT0041000,Not at a Junction,None,364 Essex Rd,Dry,,"44.47710431422637,-73.11347928852348"
4274490,,"May 2, 2021, 3:55 PM",Essex,Susie Wilson Road at Market Place,SUSIE WILSON RD,Property Damage Only,Same Direction Sideswipe,Clear,,21ES002195,Essex PD.,,,None/Other,Day,Market Pl,None,Heavy Truck,,VT0040200,Not at a Junction,None,Susie Wilson Road at Market Place,Dry,,"44.50805308223108,-73.13332195476566"
4275064,,"May 2, 2021, 4:35 PM",Williston,2777 St George Rd,SAINT GEORGE RD,Property Damage Only,Rear End,Clear,,21WT02073,Williston PD.,,,None/Other,Day,Marshal Ave,None,None,,VT0041000,Not at a Junction,None,2777 St George Rd,Dry,,"44.443765697615454,-73.11264033773573"
4274469,,"May 3, 2021, 6:09 PM",Colchester,College Parkway,COLLEGE PKWY,Property Damage Only,Rear End,Clear,,21CC003743,Colchester PD.,,,None/Other,Day,Lime Kiln Road,None,None,,VT0040500,T - Intersection,None,College Parkway,Dry,,"44.492916893091724,-73.163295245734"
4274944,,"May 3, 2021, 7:21 PM",Burlington,14 Myrtle St,MYRTLE ST,Injury,Single Vehicle Crash,Clear,,21BU005888,Burlington PD,,,None/Other,Night,Park St,Alcohol,None,,VT0040100,Not at a Junction,None,14 Myrtle St,Dry,,"44.48511018098238,-73.21930099791184"
4274450,,"May 4, 2021, 12:11 PM",Essex,79 Allen Martin Dr,ALLEN MARTIN DR,Property Damage Only,Head On,Cloudy,,21ES002237,Essex PD.,,,Deer,Day,Oliver Wight Dr,None,None,,VT0040200,Not at a Junction,Unknown,79 Allen Martin Dr,Dry,,"44.503128999042744,-73.03972138340646"