ObjectID,Mapped,Crash Date,City/Town,Address,AOT Route,Crash Type,Collision Direction,Weather,Road Group,Report Number,Reporting Agency,Road Group ID,AOT Actual Milepoint,Animal,Time of Day,Intersection With,Impairment,Involving,Non Reportable Address,Reporting Agency ID,Road Characteristics,Road Condition,Street Address,Surface Condition,AOT Route ID,Coordinates
4274454,,"May 4, 2021, 5:05 PM",South Burlington,Williston Rd,HINESBURG RD,Property Damage Only,Same Direction Sideswipe,Cloudy,,21SB003809,So. Burlington PD.,,,None/Other,Day,Hinesburg Rd,None,None,,VT0040300,Not at a Junction,None,Williston Rd,Dry,,"44.46618724462578,-73.17121136187399"
4274963,,"May 4, 2021, 5:14 PM",Burlington,Shelburne Rd,SHELBURNE ST,Property Damage Only,Rear End,Clear,,21BU005933,Burlington PD,,,None/Other,Day,Home Ave,None,None,,VT0040100,Four-way Intersection,None,Shelburne Rd,Dry,,"44.45073359391336,-73.20898342600846"
4274953,,"May 4, 2021, 10:17 PM",Hinesburg,VT-116,VT ROUTE 116,Injury,Single Vehicle Crash,Cloudy,,21HB00423,Hinesburg PD.,,,None/Other,Night,TYLER BRIDGE RD,None,None,,VT0041200,T - Intersection,None,VT-116,Dry,,"44.28410382881035,-73.0689839128459"
4274545,,"May 5, 2021, 1:58 PM",Colchester,146 Brentwood Drive,,Property Damage Only,Rear-to-rear,Cloudy,,21CC003788,Colchester PD.,,,None/Other,Day,,None,None,,VT0040500,Parking Lot,None,146 Brentwood Drive,Wet,,"44.595577105883976,-73.16869395542956"
4274429,,"May 5, 2021, 2:42 PM",South Burlington,Hinesburg Rd,HINESBURG RD,Property Damage Only,Same Direction Sideswipe,Rain,,21SB003844,So. Burlington PD.,,,None/Other,Day,Market St,None,None,,VT0040300,T - Intersection,None,Hinesburg Rd,Wet,,"44.46392203745569,-73.17075813923461"
4274437,,"May 5, 2021, 3:12 PM",Burlington,Maple St,MAPLE ST,Property Damage Only,Single Vehicle Crash,Rain,,21BU005981,Burlington PD,,,None/Other,Day,Battery St,None,Heavy Truck,,VT0040100,Four-way Intersection,None,Maple St,Wet,,"44.47350445879192,-73.21850726346342"
4275320,,"May 5, 2021, 5:33 PM",Shelburne,Route #7,SHELBURNE RD,Property Damage Only,Rear End,Rain,,21SH03153,Shelburne PD.,,,None/Other,Day,Meadow Lane,None,None,,VT0040700,T - Intersection,None,Route #7,Wet,,"44.37336354239513,-73.230264021985"
4274421,,"May 6, 2021, 12:46 PM",Essex,25 Lincoln St,LINCOLN ST,Injury,Rear End,Clear,,21ES002276,Essex PD.,,,None/Other,Day,Lincoln St,None,Heavy Truck,,VT0040200,Four-way Intersection,None,25 Lincoln St,Dry,,"44.49268543697666,-73.11122863593441"
4274410,,"May 6, 2021, 5:07 PM",Williston,993 Industrial Ave,INDUSTRIAL AVE,Property Damage Only,"No Turns, Thru moves only, Broadside ^<",Clear,,21WT02148,Williston PD.,,,None/Other,Day,Gail Ter,None,None,,VT0041000,Driveway,None,993 Industrial Ave,Dry,,"44.46495199154691,-73.114043172902"
4274415,,"May 6, 2021, 10:44 PM",South Burlington,Dorset Street,DORSET ST,Property Damage Only,Same Direction Sideswipe,Clear,,21SB003902,So. Burlington PD.,,,None/Other,Night,Williston Road,None,None,,VT0040300,Not at a Junction,None,Dorset Street,Dry,,"44.46876311253318,-73.18150866598364"
4275048,,"May 6, 2021, 10:50 PM",Burlington,Oakledge Park,OAKLEDGE PARK,Property Damage Only,Other - Explain in Narrative,Clear,,21BU006048,Burlington PD,,,None/Other,Night,Rear Parking Lot,None,None,,VT0040100,Not at a Junction,None,Oakledge Park,Dry,,"44.45483712498493,-73.22649751918597"
4274821,,"May 7, 2021, 1:06 AM",South Burlington,1285 US-2,,Property Damage Only,Same Direction Sideswipe,Clear,,21SB003907,So. Burlington PD.,,,None/Other,Night,Midas Dr,None,None,,VT0040300,Parking Lot,None,1285 US-2,Dry,,"44.46701289855732,-73.17313105209716"
4274394,,"May 7, 2021, 9:44 AM",Essex,44 Jericho Rd,JERICHO RD,Property Damage Only,"Left Turn and Thru, Broadside v<--",Clear,,21ES002292,Essex PD.,,,None/Other,Day,Richard St,None,None,,VT0040200,Not at a Junction,None,44 Jericho Rd,Dry,,"44.50762131503469,-73.04988797734447"
4274391,,"May 7, 2021, 10:06 AM",Burlington,St. Paul St,SAINT PAUL ST,Property Damage Only,"Left Turn and Thru, Same Direction Sideswipe/Angle Crash vv--",Clear,,21BU006068,Burlington PD,,,None/Other,Day,Bank St,None,None,,VT0040100,Other - Explain in Narrative,None,St. Paul St,Dry,,"44.47814860418799,-73.21417333972302"
4274374,,"May 8, 2021, 11:32 AM",Colchester,Main Street,,Property Damage Only,Rear End,Clear,,21CC003879,Colchester PD.,,,None/Other,Day,419 Main Street,None,None,,VT0040500,Four-way Intersection,None,Main Street,Dry,,"44.547608332643705,-73.15826557583527"
4274378,,"May 8, 2021, 2:46 PM",Williston,2913 St George Rd,SAINT GEORGE RD,Property Damage Only,"Left Turn and Thru, Angle Broadside -->v--",Cloudy,,21WT02180,Williston PD.,,,None/Other,Day,I- 89,None,None,,VT0041000,Driveway,None,2913 St George Rd,Dry,,"44.440724123926586,-73.11426668982708"
4275092,,"May 8, 2021, 4:04 PM",Milton,360 Lake Rd,LAKE RD,Injury,Single Vehicle Crash,Cloudy,,21MT002046,Milton PD.,,,None/Other,Day,Sanderson Road,None,None,,VT0040600,T - Intersection,None,360 Lake Rd,Dry,,"44.6599731156861,-73.14566594434693"
4274350,,"May 9, 2021, 12:42 AM",Burlington,157 N Union St,,Property Damage Only,Opp Direction Sideswipe,Clear,,21BU006176,Burlington PD,,,None/Other,Night,North St/N Union St,None,None,,VT0040100,Four-way Intersection,None,157 N Union St,Dry,,"44.48508137615635,-73.20984296166029"
4274365,,"May 9, 2021, 9:12 AM",Shelburne,6000 Shelburne Rd,SHELBURNE RD,Property Damage Only,Rear End,Cloudy,,21SH03253,Shelburne PD.,,,None/Other,Day,Shelburne Museum,None,None,,VT0040700,Not at a Junction,None,6000 Shelburne Rd,Dry,,"44.37032312286637,-73.23144325895478"
4274356,,"May 9, 2021, 1:39 PM",Colchester,865 COLLEGE PARKWAY,COLLEGE PKWY,Property Damage Only,Rear-to-rear,Clear,,21CC003900,Colchester PD.,,,None/Other,Day,,None,None,,VT0040500,Parking Lot,None,865 COLLEGE PARKWAY,Dry,,"44.49826334643659,-73.15693054211825"
4274535,,"May 9, 2021, 1:48 PM",Burlington,S Prospect St,S PROSPECT ST,Injury,"Right Turn and Thru, Head On v^--",Clear,,21BU006199,Burlington PD,,,None/Other,Day,Pearl St,Alcohol,None,,VT0040100,Four-way Intersection,None,S Prospect St,Dry,,"44.480759080240176,-73.2006559816645"
4274359,,"May 9, 2021, 3:30 PM",Colchester,2374 Malletts Bay Avenue,,Property Damage Only,Other - Explain in Narrative,Clear,,21CC003903,Colchester PD.,,,None/Other,Day,Cotton Wood Stables,None,None,,VT0040500,Parking Lot,None,2374 Malletts Bay Avenue,Water (standing / moving),,"44.50671529651811,-73.20205947395425"
4274367,,"May 9, 2021, 10:34 PM",Burlington,531 S Willard St,,Property Damage Only,"Left Turn and Thru, Angle Broadside -->v--",Clear,,21BU006226,Burlington PD,,,None/Other,Night,S Willard St,None,None,,VT0040100,Not at a Junction,,531 S Willard St,Dry,,"44.46560218159765,-73.20685901594227"
4274335,,"May 10, 2021, 7:28 AM",Colchester,97 BLAKELY ROAD,BLAKELY RD,Property Damage Only,Rear End,Clear,,21CC003922,Colchester PD.,,,None/Other,Day,W LAKESHORE DRIVE,None,None,,VT0040500,Not at a Junction,None,97 BLAKELY ROAD,Dry,,"44.54440279436274,-73.215423414859"
4275072,,"May 10, 2021, 5:34 PM",Williston,,SAINT GEORGE RD,Property Damage Only,Rear End,Clear,,21WT02205,Williston PD.,,,None/Other,Day,I89 Exit 12 Overpass,None,None,,VT0041000,Four-way Intersection,None,,Dry,,"44.4385939999809,-73.11542512409224"
4274699,,"May 11, 2021, 7:34 AM",South Burlington,1580 Shelburne Rd,,Property Damage Only,Rear End,Clear,,21SB004046,So. Burlington PD.,,,None/Other,Day,Shelburne Rd,None,None,,VT0040300,Parking Lot,None,1580 Shelburne Rd,Dry,,"44.43015832215701,-73.21053677011292"
4274323,,"May 11, 2021, 11:11 AM",Burlington,40 Main St,MAIN ST,Property Damage Only,"Left Turn and Thru, Angle Broadside -->v--",Clear,,21BU006308,Burlington PD,,,None/Other,Day,Battery St,None,None,,VT0040100,Not at a Junction,None,40 Main St,Dry,,"44.475723153617125,-73.21868760550272"
4274317,,"May 12, 2021, 12:02 PM",South Burlington,1118 Williston Rd,WILLISTON RD,Property Damage Only,Rear End,Cloudy,,21SB004086,So. Burlington PD.,,,None/Other,Day,Sunoco,None,None,,VT0040300,Not at a Junction,None,1118 Williston Rd,,,"44.46877561587905,-73.17941001083454"
4274508,,"May 12, 2021, 12:25 PM",Shelburne,7588 Spear St,SPEAR ST,Property Damage Only,Rear End,Clear,,21SH03335,Shelburne PD.,,,None/Other,Day,Thomas Rd,None,None,,VT0040700,Not at a Junction,None,7588 Spear St,Dry,,"44.36487638639818,-73.20016245009532"
4274308,,"May 12, 2021, 12:35 PM",Burlington,Shelburne Rd,SHELBURNE ST,Injury,Rear End,Clear,,21BU006374,Burlington PD,,,None/Other,Day,S Willard St,None,Heavy Truck,,VT0040100,Other - Explain in Narrative,None,Shelburne Rd,Dry,,"44.463349978432554,-73.2078116770874"
4274316,,"May 12, 2021, 2:05 PM",South Burlington,10 Dorset St,DORSET ST,Property Damage Only,"No Turns, Thru moves only, Broadside ^<",Cloudy,,21SB004089,So. Burlington PD.,,,None/Other,Day,Greers,None,None,,VT0040300,Not at a Junction,None,10 Dorset St,Dry,,"44.46823248015553,-73.1814522210616"
4274315,,"May 12, 2021, 7:47 PM",South Burlington,1210 Williston Rd,WILLISTON RD,Property Damage Only,"Right Turn and Thru, Same Direction Sideswipe/Angle Crash ^^--",Cloudy,,21SB004099,So. Burlington PD.,,,None/Other,Night,McDonalds (Williston Rd.),None,None,,VT0040300,Not at a Junction,None,1210 Williston Rd,Dry,,"44.46777292727716,-73.17548990105561"
4274972,,"May 13, 2021, 9:25 AM",South Burlington,Cheese Factory Rd,CHEESEFACTORY RD,Property Damage Only,"Left Turn and Thru, Broadside v<--",Clear,,21SB004116,So. Burlington PD.,,,None/Other,Day,Hinesburg Rd,None,None,,VT0040300,Crossover,None,Cheese Factory Rd,Dry,,"44.41343492932859,-73.15364476124402"
4274280,,"May 13, 2021, 11:55 AM",Essex,408 Old Stage Rd,OLD STAGE RD,Injury,Single Vehicle Crash,Clear,,21ES002443,Essex PD.,,,None/Other,Day,Charlands Way,None,None,,VT0040200,Not at a Junction,None,408 Old Stage Rd,Dry,,"44.564429010360264,-73.06234139487589"
4274286,,"May 13, 2021, 12:30 PM",South Burlington,Harbor Ridge Rd,HARBOR RIDGE RD,Property Damage Only,Head On,Clear,,21SB004125,So. Burlington PD.,,,None/Other,Day,Baycrest Dr,None,None,,VT0040300,T - Intersection,None,Harbor Ridge Rd,Dry,,"44.424732678668434,-73.19869142652728"
4274491,,"May 13, 2021, 1:27 PM",Essex,230 Ethan Allen Ave,FORT PKWY,Property Damage Only,Rear End,Clear,,21ES002445,Essex PD.,,,None/Other,Day,College Pkwy,None,None,,VT0040200,Four-way Intersection,None,230 Ethan Allen Ave,Dry,,"44.50402593730461,-73.14216904706295"
4275314,,"May 13, 2021, 2:01 PM",Williston,3 Avenue A,AVENUE D,Injury,"No Turns, Thru moves only, Broadside ^<",Clear,,21WT02268,Williston PD.,,,None/Other,Day,Ave D,None,None,,VT0041000,T - Intersection,None,3 Avenue A,Dry,,"44.46294126775225,-73.11975238257851"
4274294,,"May 13, 2021, 2:18 PM",South Burlington,1110 Shelburne Rd,,Property Damage Only,Single Vehicle Crash,Clear,,21SB004132,So. Burlington PD.,,,None/Other,Day,Jolley Parking Lot,None,None,,VT0040300,Not at a Junction,None,1110 Shelburne Rd,Dry,,"44.43811627541075,-73.21015588703062"
4274276,,"May 13, 2021, 3:38 PM",Colchester,SEVERANCE ROAD,SEVERANCE RD,Property Damage Only,Rear End,Clear,,21CC004031,Colchester PD.,,,None/Other,Day,MILL POND ROAD,None,None,,VT0040500,Not at a Junction,None,SEVERANCE ROAD,Dry,,"44.52334602221278,-73.1535643436318"
4274284,,"May 13, 2021, 5:08 PM",Shelburne,3455 Shelburne Rd,SHELBURNE RD,Property Damage Only,Same Direction Sideswipe,Clear,,21SH03372,Shelburne PD.,,,None/Other,Day,Shelburne Rd,None,Heavy Truck,,VT0040700,Four-way Intersection,None,3455 Shelburne Rd,Dry,,"44.4058118916977,-73.21671993086863"
4274815,,"May 13, 2021, 7:00 PM",South Burlington,1184 Shelburne Rd,,Property Damage Only,Other - Explain in Narrative,Clear,,21SB004141,So. Burlington PD.,,,None/Other,Night,Parking Lot,None,None,,VT0040300,Parking Lot,None,1184 Shelburne Rd,Dry,,"44.43696197657677,-73.20980233687989"
4274867,,"May 13, 2021, 10:14 PM",Richmond,501 Johnnie Brook Rd,W MAIN ST,Injury,Single Vehicle Crash,Clear,,21A101639,VSP - A1 Williston,,,None/Other,Night,Johnnie Brook Rd,None,None,,VTVSP0100,Not at a Junction,None,501 Johnnie Brook Rd,Dry,,"44.42339898641514,-73.01719136964678"
4274266,,"May 13, 2021, 11:29 PM",South Burlington,I89 S,INTERSTATE 89,Injury,Rear End,Clear,,21A101640,VSP - A1 Williston,,,None/Other,Night,Whales Tails,None,None,,VTVSP0100,Not at a Junction,None,I89 S,Dry,,"44.44350423958829,-73.13900577094256"
4274258,,"May 14, 2021, 6:35 AM",Essex,25 Upper Main St,UPPER MAIN ST,Property Damage Only,Head On,Clear,,21ES002464,Essex PD.,,,Deer,Day,Main St,None,None,,VT0040200,Not at a Junction,None,25 Upper Main St,Dry,,"44.50371384048771,-73.09338651121176"
4274373,,"May 14, 2021, 7:38 AM",Essex,219 Colchester Rd,COLCHESTER RD,Property Damage Only,Head On,Clear,,21ES002466,Essex PD.,,,None/Other,Day,State Rte 289,None,None,,VT0040200,Not at a Junction,None,219 Colchester Rd,Dry,,"44.518125077753126,-73.12320491225255"
4275232,,"May 14, 2021, 1:17 PM",South Burlington,Williston Road,WILLISTON RD,Property Damage Only,Same Direction Sideswipe,Clear,,21SB004172,So. Burlington PD.,,,None/Other,Day,Heath St,None,Heavy Truck,,VT0040300,Not at a Junction,None,Williston Road,Dry,,"44.4664431904631,-73.16900247331826"
4274245,,"May 14, 2021, 2:44 PM",Essex,39 Park St,PARK ST,Property Damage Only,Rear End,Clear,,21ES002483,Essex PD.,,,None/Other,Day,Iroquois Avenue,None,Heavy Truck,,VT0040200,Four-way Intersection,None,39 Park St,Dry,,"44.48752840776711,-73.11297252924592"
4274261,,"May 14, 2021, 4:18 PM",Shelburne,4405 US-7,(US 7 JUGHANDLE),Property Damage Only,Rear End,Clear,,21SH03395,Shelburne PD.,,,None/Other,Day,Hoes Ln,None,None,,VT0040700,Four-way Intersection,None,4405 US-7,Dry,,"44.392103869220314,-73.22127186966264"
4275183,,"May 14, 2021, 7:07 PM",Colchester,Roosevelt Highway,ROOSEVELT HWY,Property Damage Only,Rear End,Clear,,21CC004060,Colchester PD.,,,None/Other,Night,Blakely Road,None,None,,VT0040500,Four-way Intersection,None,Roosevelt Highway,Dry,,"44.52862979757412,-73.17197842917726"
4274242,,"May 15, 2021, 12:57 PM",Essex,219 Colchester Rd,COLCHESTER RD,Property Damage Only,"No Turns, Thru moves only, Broadside ^<",Clear,,21ES002504,Essex PD.,,,None/Other,Day,Landfill Ln,None,None,,VT0040200,T - Intersection,None,219 Colchester Rd,Dry,,"44.51856588551854,-73.123234767833"
4274232,,"May 15, 2021, 1:45 PM",Hinesburg,VT-116,VT ROUTE 116,Property Damage Only,Rear End,Clear,,21HB00477,Hinesburg PD.,,,None/Other,Day,SHELBURNE FALLS RD,None,None,,VT0041200,Not at a Junction,None,VT-116,Dry,,"44.341516782717335,-73.11681643023255"
4274237,,"May 15, 2021, 5:53 PM",Burlington,Leddy Park Rd,LEDDY PARK RD,Injury,"No Turns, Thru moves only, Broadside ^<",Clear,,21BU006586,Burlington PD,,,None/Other,Day,Leddy Park Arena,None,None,,VT0040100,Parking Lot,None,Leddy Park Rd,Dry,,"44.50306608809955,-73.25150948908914"
4274239,,"May 15, 2021, 11:36 PM",Richmond,I-89,INTERSTATE 89,Fatal,Single Vehicle Crash,Clear,,21A101663,VSP - A1 Williston,,,None/Other,Night,E Main St,Alcohol and Drugs,None,,VTVSP0100,Not at a Junction,None,I-89,Dry,,"44.38828898299389,-72.93952134306292"
4275047,,"May 16, 2021, 9:00 AM",Shelburne,Bishop Road,BISHOP RD,Injury,Single Vehicle Crash,Clear,,21SH03439,Shelburne PD.,,,None/Other,Day,578 Bishop Road,None,None,,VT0040700,Not at a Junction,None,Bishop Road,Dry,,"44.38766414727749,-73.18819751469552"
4274358,,"May 16, 2021, 8:22 PM",Burlington,Main St,MAIN ST,Property Damage Only,Rear End,Clear,,21BU006688,Burlington PD,,,None/Other,Night,S Winooski Ave,None,None,,VT0040100,Not at a Junction,None,Main St,Dry,,"44.47600416892318,-73.21099882876064"
4274201,,"May 17, 2021, 6:12 PM",Burlington,Colchester Ave,COLCHESTER AVE,Injury,"Left Turn and Thru, Angle Broadside -->v--",Clear,,21BU006746,Burlington PD,,,None/Other,Day,Barrett St,None,Bicycle,,VT0040100,Four-way Intersection,None,Colchester Ave,Dry,,"44.48793639340209,-73.18673407541698"
4274967,,"May 18, 2021, 9:37 AM",St. George,South Brownell Road,VT ROUTE 116,Injury,Single Vehicle Crash,Clear,,21A101691,VSP - A1 Williston,,,None/Other,Day,VT Route 116,None,Heavy Truck,,VTVSP0100,Y - Intersection,None,South Brownell Road,Dry,,"44.40098008320162,-73.1408399437658"
4274448,,"May 18, 2021, 10:38 AM",Burlington,Bank St,BANK ST,Injury,Single Vehicle Crash,Clear,,21BU006787,Burlington PD,,,None/Other,Day,Church St,None,Pedestrian,,VT0040100,Other - Explain in Narrative,None,Bank St,Dry,,"44.47819858582813,-73.21263157388178"
4274417,,"May 18, 2021, 12:35 PM",Williston,St George Rd,,Property Damage Only,Rear End,Clear,,21WT02374,Williston PD.,,,None/Other,Day,I89,None,None,,VT0041000,Four-way Intersection,None,St George Rd,Dry,,"44.44000251334233,-73.11457316636759"
4275154,,"May 18, 2021, 4:04 PM",Williston,St George Road,SAINT GEORGE RD,Property Damage Only,Same Direction Sideswipe,Clear,,21WT02378,Williston PD.,,,None/Other,Day,I89 NB,None,None,,VT0041000,Four-way Intersection,None,St George Road,Dry,,"44.43966813009528,-73.11483345105037"
4274519,,"May 18, 2021, 5:02 PM",Williston,Trader Lane,,Property Damage Only,Head On,Clear,,21WT02380,Williston PD.,,,None/Other,Day,Bed Bath And Beyond,None,None,,VT0041000,Not at a Junction,None,Trader Lane,Dry,,"44.445920684517816,-73.115225666959"
4274403,,"May 18, 2021, 5:21 PM",Burlington,Colchester Ave,COLCHESTER AVE,Injury,"No Turns, Thru moves only, Broadside ^<",Clear,,21BU006819,Burlington PD,,,None/Other,Day,Barrett St,None,None,,VT0040100,Four-way Intersection,None,Colchester Ave,,,"44.48793639340209,-73.18673407541698"
4274224,,"May 18, 2021, 5:25 PM",Burlington,922 North Ave,NORTH AVE,Property Damage Only,Rear End,Clear,,21BU006820,Burlington PD,,,None/Other,Day,Saratoga Ave,None,None,,VT0040100,Not at a Junction,None,922 North Ave,Dry,,"44.502632557835376,-73.23903656618411"
4274197,,"May 18, 2021, 6:05 PM",Winooski City,Malletts Bay Ave,MALLETTS BAY AVE,Injury,"No Turns, Thru moves only, Broadside ^<",Clear,,21WS002440,Winooski PD.,,,None/Other,Day,Hall St,None,Bicycle,,VT0040400,Four-way Intersection,None,Malletts Bay Ave,Dry,,"44.49625490548077,-73.19372340547886"
4274183,,"May 19, 2021, 12:27 PM",Milton,7 Racine Rd,,Property Damage Only,Other - Explain in Narrative,Clear,,21MT002274,Milton PD.,,,None/Other,Day,Condo Parking Lot,None,None,,VT0040600,Parking Lot,None,7 Racine Rd,Dry,,"44.62652590407562,-73.1447719267979"
4275384,,"May 19, 2021, 2:24 PM",Colchester,ACORN LANE,ACORN LN,Property Damage Only,Single Vehicle Crash,Clear,,21CC004188,Colchester PD.,,,None/Other,Day,,None,Heavy Truck,,VT0040500,Other - Explain in Narrative,None,ACORN LANE,Dry,,"44.5156105658871,-73.18211736953613"
4274186,,"May 19, 2021, 2:48 PM",Winooski City,Main St,MAIN ST,Property Damage Only,Rear End,Clear,,21WS002452,Winooski PD.,,,None/Other,Day,Bellevue St,None,None,,VT0040400,Not at a Junction,None,Main St,Dry,,"44.499527977707785,-73.183727946518"
4274178,,"May 19, 2021, 3:17 PM",South Burlington,1579 Spear St,SPEAR ST,Property Damage Only,"No Turns, Thru moves only, Broadside ^<",Clear,,21SB004330,So. Burlington PD.,,,None/Other,Day,Nowland Farm Rd,None,None,,VT0040300,Four-way Intersection,None,1579 Spear St,Dry,,"44.431247072733846,-73.19299161142112"
4274451,,"May 19, 2021, 3:55 PM",Burlington,Shelburne Rd,SHELBURNE ST,Property Damage Only,"No Turns, Thru moves only, Broadside ^<",Clear,,21BU006908,Burlington PD,,,None/Other,Day,S Willard St,None,None,,VT0040100,Traffic circle / roundabout,None,Shelburne Rd,Dry,,"44.463349978432554,-73.2078116770874"
4274676,,"May 20, 2021, 8:34 AM",St. George,VT Route 2A,,Injury,Single Vehicle Crash,Clear,,21A101726,VSP - A1 Williston,,,None/Other,Day,Ayer Road  (TH#4),None,None,,VTVSP0100,Not at a Junction,None,VT Route 2A,Dry,,"44.395913083276284,-73.12791877310832"
4274159,,"May 20, 2021, 1:27 PM",Williston,Essex Road,ESSEX RD,Property Damage Only,Same Direction Sideswipe,Clear,,21WT02413,Williston PD.,,,None/Other,Day,Williston Road,None,None,,VT0041000,Four-way Intersection,None,Essex Road,Dry,,"44.44999303124759,-73.11102190519625"
4274169,,"May 20, 2021, 3:32 PM",Jericho,Lee River Road,LEE RIVER RD,Property Damage Only,Opp Direction Sideswipe,Clear,,21A101740,VSP - A1 Williston,,,None/Other,Day,VT Route 15,None,None,,VTVSP0100,T - Intersection,None,Lee River Road,Dry,,"44.50395362620296,-72.99799324087296"
4274157,,"May 20, 2021, 3:41 PM",South Burlington,Patchen Rd,PATCHEN RD,Property Damage Only,"No Turns, Thru moves only, Broadside ^<",Clear,,21SB004358,So. Burlington PD.,,,None/Other,Day,Williston Rd,None,None,,VT0040300,T - Intersection,None,Patchen Rd,Dry,,"44.46744575746615,-73.17145199756524"
4274160,,"May 20, 2021, 5:27 PM",South Burlington,Williston Rd,WILLISTON RD,Injury,"Left Turn and Thru, Broadside v<--",Clear,,21SB004362,So. Burlington PD.,,,None/Other,Day,Patchen Rd,None,None,,VT0040300,T - Intersection,None,Williston Rd,Dry,,"44.46680189966143,-73.17075341773156"
4274898,,"May 20, 2021, 7:56 PM",Burlington,Home Ave,HOME AVE,Property Damage Only,Rear End,Clear,,21BU007015,Burlington PD,,,None/Other,Night,Shelburne Rd,None,None,,VT0040100,Four-way Intersection,None,Home Ave,Dry,,"44.45073359391336,-73.20898342600846"
4274257,,"May 21, 2021, 8:57 AM",South Burlington,Community Drive at Kimball Avenue,KIMBALL AVE,Property Damage Only,Rear End,Clear,,21SB004382,So. Burlington PD.,,,None/Other,Day,Community Dr,None,None,,VT0040300,Four-way Intersection,None,Community Drive at Kimball Avenue,Dry,,"44.45358236008359,-73.14084955255427"
4274142,,"May 21, 2021, 10:41 AM",Burlington,901 North Ave,,Injury,"No Turns, Thru moves only, Broadside ^<",Clear,,21BU007056,Burlington PD,,,None/Other,Day,RT 127,None,None,,VT0040100,Four-way Intersection,None,901 North Ave,Dry,,"44.501001207264565,-73.23805734855792"
4275328,,"May 21, 2021, 12:01 PM",Essex,Kellogg Road,KELLOGG RD,Property Damage Only,"Left Turn and Thru, Broadside v<--",Clear,,21CC004256,Colchester PD.,,,None/Other,Day,Gauthier Drive,None,None,,VT0040500,Four-way Intersection,None,Kellogg Road,Dry,,"44.51035783403752,-73.13478064669486"
4274140,,"May 21, 2021, 12:09 PM",South Burlington,Shelburne Rd,SHELBURNE RD,Property Damage Only,Rear End,Cloudy,,21SB004390,So. Burlington PD.,,,None/Other,Day,Laurel Hill Dr,None,None,,VT0040300,Four-way Intersection,None,Shelburne Rd,Dry,,"44.44143887882443,-73.20986952985007"
4274149,,"May 21, 2021, 1:55 PM",Shelburne,5332 Shelburne Road,SHELBURNE RD,Property Damage Only,Rear End,Clear,,21SH03556,Shelburne PD.,,,None/Other,Day,Falls Road,None,None,,VT0040700,Not at a Junction,None,5332 Shelburne Road,Dry,,"44.38017461291999,-73.22770090808777"
4274145,,"May 21, 2021, 2:47 PM",Colchester,427 Porters Point Road,PORTERS POINT RD,Property Damage Only,"Left Turn and Thru, Angle Broadside -->v--",Clear,,21CC004263,Colchester PD.,,,None/Other,Day,,None,None,,VT0040500,Not at a Junction,None,427 Porters Point Road,Dry,,"44.53970889072294,-73.25400806857265"
4274757,,"May 21, 2021, 2:58 PM",Burlington,S Willard St,S WILLARD ST,Property Damage Only,Rear End,Clear,,21BU007076,Burlington PD,,,None/Other,Day,College St,None,None,,VT0040100,Not at a Junction,None,S Willard St,Dry,,"44.47748783587589,-73.20554933901796"
4275020,,"May 21, 2021, 3:48 PM",Burlington,North Ave,NORTH AVE,Property Damage Only,Same Direction Sideswipe,Clear,,21BU007080,Burlington PD,,,None/Other,Day,Crowley St,None,None,,VT0040100,Not at a Junction,None,North Ave,Dry,,"44.48685503259499,-73.22424925680149"
4274141,,"May 21, 2021, 4:35 PM",South Burlington,42 Hinesburg Rd,HINESBURG RD,Property Damage Only,"No Turns, Thru moves only, Broadside ^<",Clear,,21SB004398,So. Burlington PD.,,,None/Other,Day,Williston Rd,None,None,,VT0040300,Four-way Intersection,None,42 Hinesburg Rd,Dry,,"44.4661063285953,-73.17119786749772"
4274146,,"May 21, 2021, 5:24 PM",Winooski City,E Allen St,E ALLEN ST,Property Damage Only,Rear End,Clear,,21WS002497,Winooski PD.,,,None/Other,Day,East St,None,None,,VT0040400,Four-way Intersection,None,E Allen St,Dry,,"44.49162832376781,-73.18191319806645"
4274693,,"May 21, 2021, 6:00 PM",Williston,Williston Road,WILLISTON RD,Property Damage Only,Rear End,Cloudy,,21WT02449,Williston PD.,,,None/Other,Day,Holland Lane,None,None,,VT0041000,Four-way Intersection,None,Williston Road,Dry,,"44.4483886971425,-73.1081030566923"
4275393,,"May 21, 2021, 6:44 PM",Colchester,ROOSEVELT HIGHWAY,ROOSEVELT HWY,Property Damage Only,Single Vehicle Crash,Clear,,21CC004273,Colchester PD.,,,None/Other,Day,SOUTH STREET,None,None,,VT0040500,Four-way Intersection,None,ROOSEVELT HIGHWAY,Dry,,"44.55166318406518,-73.1635971908655"
4274143,,"May 21, 2021, 6:53 PM",Williston,I 89 & SAINT GEORGE RD,SAINT GEORGE RD,Property Damage Only,Rear End,Clear,,21WT02447,Williston PD.,,,None/Other,Day,,None,None,,VT0041000,On Ramp,None,I 89 & SAINT GEORGE RD,Dry,,"44.44000156698889,-73.11474901746631"
4274636,,"May 21, 2021, 10:07 PM",Colchester,Main Street,MAIN ST,Property Damage Only,Same Direction Sideswipe,Clear,,21CC004284,Colchester PD.,,,None/Other,Night,Jocelyn Court,Alcohol,None,,VT0040500,Not at a Junction,None,Main Street,Dry,,"44.540851573996086,-73.14534202100283"
4274951,,"May 21, 2021, 11:53 PM",Burlington,Manhattan Dr,MANHATTAN DR,Property Damage Only,Same Direction Sideswipe,Clear,,21BU007124,Burlington PD,,,None/Other,Night,Spring St,None,None,,VT0040100,Y - Intersection,None,Manhattan Dr,Dry,,"44.488276938896085,-73.21490091192567"
4274624,,"May 22, 2021, 12:35 AM",Burlington,North Bound I89,,Property Damage Only,Head On,Clear,,21BU007129,Burlington PD,,,Deer,Night,Exit 20,None,None,,VT0040100,Not at a Junction,None,North Bound I89,Dry,,
4275081,,"May 22, 2021, 3:00 AM",Essex,200 Colchester Rd,ENT EXT RAMP STATE HWY,Injury,Single Vehicle Crash,Clear,,21ES002711,Essex PD.,,,None/Other,Night,Colchester Rd,Alcohol,None,,VT0040200,On Ramp,None,200 Colchester Rd,Dry,,"44.51635364629921,-73.12128676847166"
4274133,,"May 22, 2021, 10:17 AM",Winooski City,Main St,MAIN ST,Property Damage Only,"No Turns, Thru moves only, Broadside ^<",Clear,,21WS002523,Winooski PD.,,,None/Other,Day,E Spring St,None,None,,VT0040400,Four-way Intersection,None,Main St,Dry,,"44.49477083123492,-73.18613671303738"