ObjectID,Mapped,Crash Date,City/Town,Address,AOT Route,Crash Type,Collision Direction,Weather,Road Group,Report Number,Reporting Agency,Road Group ID,AOT Actual Milepoint,Animal,Time of Day,Intersection With,Impairment,Involving,Non Reportable Address,Reporting Agency ID,Road Characteristics,Road Condition,Street Address,Surface Condition,AOT Route ID,Coordinates
4274126,,"May 22, 2021, 12:19 PM",Colchester,ROOSEVELT HIGHWAY,ROOSEVELT HWY,Injury,"Left Turn and Thru, Broadside v<--",Clear,,21CC004295,Colchester PD.,,,None/Other,Day,CHAMPLAIN FARMS,None,None,,VT0040500,Not at a Junction,None,ROOSEVELT HIGHWAY,Dry,,"44.50437333417687,-73.18160905262798"
4274768,,"May 22, 2021, 1:45 PM",South Burlington,Dorset St,,Property Damage Only,Opp Direction Sideswipe,Clear,,21SB004434,So. Burlington PD.,,,None/Other,Day,Hannaford,None,None,,VT0040300,Not at a Junction,None,Dorset St,Dry,,"44.46289179090127,-73.18362690836136"
4274310,,"May 22, 2021, 1:50 PM",Shelburne,Shelburne Museum,SHELBURNE RD,Property Damage Only,Rear End,Clear,,21SH03581,Shelburne PD.,,,None/Other,Day,Marsett Road,None,None,,VT0040700,Not at a Junction,None,Shelburne Museum,Dry,,"44.36988113168597,-73.23160086226646"
4274354,,"May 22, 2021, 4:56 PM",Winooski City,Main St,MAIN ST,Property Damage Only,Rear End,Cloudy,,21WS002530,Winooski PD.,,,None/Other,Day,Winooski Falls Way,None,None,,VT0040400,Traffic circle / roundabout,None,Main St,Dry,,"44.49027248536737,-73.18590795788259"
4275213,,"May 24, 2021, 9:30 AM",Williston,586 Marshall Ave,,Property Damage Only,Rear End,Clear,,21WT02487,Williston PD.,,,None/Other,Day,Berlin City,None,None,,VT0041000,Parking Lot,None,586 Marshall Ave,Dry,,"44.44611780534178,-73.12368250848998"
4274096,,"May 24, 2021, 11:24 AM",South Burlington,10 Dorset St,DORSET ST,Property Damage Only,Same Direction Sideswipe,Clear,,21SB004487,So. Burlington PD.,,,None/Other,Day,Dorset St,None,Heavy Truck,,VT0040300,Not at a Junction,None,10 Dorset St,Dry,,"44.46872809182138,-73.18134487890137"
4274097,,"May 24, 2021, 12:16 PM",Burlington,127,VT ROUTE 127,Property Damage Only,Rear End,Clear,,21BU007296,Burlington PD,,,None/Other,Day,North Ave Ramp,None,None,,VT0040100,Not at a Junction,None,127,Dry,,"44.52431821289396,-73.25541825662073"
4274765,,"May 24, 2021, 2:26 PM",Milton,350 Murray Ave,,Property Damage Only,Rear-to-rear,Clear,,21MT002372,Milton PD.,,,None/Other,Day,Parking Lot,None,None,,VT0040600,Parking Lot,None,350 Murray Ave,,,"44.68603402536024,-73.15932641788886"
4274104,,"May 24, 2021, 3:25 PM",Milton,927 US-7,ETHAN ALLEN HWY,Injury,"Left Turn and Thru, Angle Broadside -->v--",Clear,,21A201788,VSP - A2 St. Albans,,,None/Other,Day,Georgia Manor Rd,None,None,,VTVSP0700,,None,927 US-7,Dry,,"44.69210590466513,-73.10855371369448"
4274110,,"May 24, 2021, 5:12 PM",South Burlington,376 Quarry Hill Rd,INTERSTATE 89,Injury,"No Turns, Thru moves only, Broadside ^<",Clear,,21A101802,VSP - A1 Williston,,,None/Other,Day,I- 89,None,None,,VTVSP0100,On Ramp,None,376 Quarry Hill Rd,Dry,,"44.46783898786351,-73.18532143091969"
4275043,,"May 24, 2021, 5:37 PM",South Burlington,166 Hummingbird Ln,INTERSTATE 189,Property Damage Only,Rear End,Clear,,21A101803,VSP - A1 Williston,,,None/Other,Day,Songbird Rd,None,None,,VTVSP0100,Y - Intersection,None,166 Hummingbird Ln,,,"44.450258984540476,-73.18382142766876"
4274107,,"May 24, 2021, 8:00 PM",Essex,Carmichal Street,,Property Damage Only,"No Turns, Thru moves only, Broadside ^<",Clear,,21ES002787,Essex PD.,,,None/Other,Night,Billie Butler Drive,None,None,,VT0040200,Driveway,None,Carmichal Street,Dry,,"44.507198488174815,-73.08605237056112"
4274486,,"May 25, 2021, 11:35 AM",Williston,2777 St Goerge Rd,,Property Damage Only,Same Direction Sideswipe,Cloudy,,21WT02506,Williston PD.,,,None/Other,Day,,None,None,,VT0041000,Not at a Junction,None,2777 St Goerge Rd,Dry,,"44.44138395568778,-73.1137334464608"
4275178,,"May 25, 2021, 3:40 PM",Essex,Maple Street at East Street,MAPLE ST,Injury,"Right Turn and Thru, Angle Broadside -->^--",Clear,,21ES002804,Essex PD.,,,None/Other,Day,East St,None,Bicycle,,VT0040200,T - Intersection,None,Maple Street at East Street,Dry,,"44.48953786266269,-73.10743669429577"
4275376,,"May 25, 2021, 3:45 PM",South Burlington,150 Dorset St,,Property Damage Only,Same Direction Sideswipe,Clear,,21SB004538,So. Burlington PD.,,,None/Other,Day,Dorset St,None,None,,VT0040300,Parking Lot,None,150 Dorset St,Dry,,"44.464860514112495,-73.17946513159195"
4274091,,"May 25, 2021, 4:41 PM",Essex,West St,WEST ST,Property Damage Only,Rear End,Clear,,21ES002807,Essex PD.,,,None/Other,Day,Hiawatha Ave,None,None,,VT0040200,T - Intersection,None,West St,Dry,,"44.49204790660532,-73.12591942697229"
4274387,,"May 25, 2021, 5:33 PM",Shelburne,4966 Shelburne Rd,SHELBURNE RD,Property Damage Only,Rear End,Clear,,21SH03659,Shelburne PD.,,,None/Other,Day,Blodgett Rd,None,None,,VT0040700,Not at a Junction,None,4966 Shelburne Rd,Dry,,"44.384828906171016,-73.22605181003094"
4274082,,"May 25, 2021, 10:57 PM",Burlington,Pine St,PINE ST,Property Damage Only,"No Turns, Thru moves only, Broadside ^<",Clear,,21BU007377,Burlington PD,,,None/Other,Night,Ferguson Ave,None,None,,VT0040100,Four-way Intersection,None,Pine St,Dry,,"44.454330739987206,-73.21430153118575"
4274077,,"May 26, 2021, 3:00 AM",Essex,604B Dalton Dr,FORT PKWY,Property Damage Only,Single Vehicle Crash,Cloudy,,21ES002820,Essex PD.,,,Deer,Night,Burlington Rd,None,None,,VT0040200,Not at a Junction,None,604B Dalton Dr,Dry,,"44.50396819432078,-73.14443195453389"
4274644,,"May 26, 2021, 11:33 AM",Williston,12 Marshall Ave,MARSHALL AVE,Property Damage Only,"Right Turn and Thru, Same Direction Sideswipe/Angle Crash ^^--",Clear,,21WT02523,Williston PD.,,,None/Other,Day,Marshall Ave,None,None,,VT0041000,Four-way Intersection,None,12 Marshall Ave,Dry,,"44.44420725565324,-73.11253189111451"
4274068,,"May 26, 2021, 12:14 PM",Burlington,42 Park St,,Property Damage Only,Other - Explain in Narrative,Clear,,21BU007401,Burlington PD,,,None/Other,Day,42 Park St,None,None,,VT0040100,Parking Lot,None,42 Park St,Dry,,"44.481699798112935,-73.21870497237701"
4274351,,"May 26, 2021, 2:11 PM",Colchester,Interstate 89,INTERSTATE 89,Property Damage Only,Single Vehicle Crash,Cloudy,,21A101837,VSP - A1 Williston,,,None/Other,Day,,None,None,,VTVSP0100,Not at a Junction,None,Interstate 89,Wet,,"44.53201809702401,-73.19638217352723"
4274044,,"May 27, 2021, 11:35 AM",South Burlington,Williston Road at Patchen Road,WILLISTON RD,Property Damage Only,Same Direction Sideswipe,Clear,,21SB004612,So. Burlington PD.,,,None/Other,Day,Hinesburg Rd,None,None,,VT0040300,Four-way Intersection,None,Williston Road at Patchen Road,Dry,,"44.46697066365659,-73.1711323689156"
4274331,,"May 27, 2021, 3:36 PM",Colchester,ROOSEVELT HIGHWAY,ROOSEVELT HWY,Injury,"Left Turn and Thru, Angle Broadside -->v--",Clear,,21CC004458,Colchester PD.,,,None/Other,Day,LOWER MOUNTAIN VIEW DRIVE,None,None,,VT0040500,Not at a Junction,None,ROOSEVELT HIGHWAY,Dry,,"44.50728691821532,-73.18047344438847"
4274061,,"May 27, 2021, 4:04 PM",Shelburne,5637 Shelburne Rd,,Property Damage Only,Opp Direction Sideswipe,Clear,,21SH03708,Shelburne PD.,,,None/Other,Day,Shelburne Museum,None,None,,VT0040700,Parking Lot,None,5637 Shelburne Rd,Dry,,"44.37561172479544,-73.229125025313"
4274726,,"May 27, 2021, 5:00 PM",Williston,2939 St George Rd,,Property Damage Only,Rear-to-rear,Clear,,21A101869,VSP - A1 Williston,,,None/Other,Day,I- 89,None,Heavy Truck,,VTVSP0100,Parking Lot,None,2939 St George Rd,Dry,,"44.4405089855366,-73.1141214039918"
4274718,,"May 27, 2021, 9:25 PM",Burlington,College St,COLLEGE ST,Injury,Other - Explain in Narrative,Clear,,21BU007511,Burlington PD,,,None/Other,Night,S Winooski Ave,None,Bicycle,,VT0040100,Four-way Intersection,Other - Explain in Narrative,College St,Dry,,"44.477157645393206,-73.21104675613371"
4274035,,"May 28, 2021, 2:23 PM",Colchester,574 PRIM ROAD,PRIM RD,Property Damage Only,Head On,Cloudy,,21CC004495,Colchester PD.,,,None/Other,Day,BEAN ROAD,None,None,,VT0040500,Not at a Junction,None,574 PRIM ROAD,Dry,,"44.5444680450158,-73.23909461061086"
4274272,,"May 28, 2021, 3:15 PM",Winooski City,E Spring St,E SPRING ST,Property Damage Only,"No Turns, Thru moves only, Broadside ^<",Cloudy,,21WS002652,Winooski PD.,,,None/Other,Day,Barlow St,None,None,,VT0040400,T - Intersection,None,E Spring St,Dry,,"44.49430776846884,-73.18381782318063"
4274029,,"May 28, 2021, 3:39 PM",Essex,21 Jericho Rd,JERICHO RD,Property Damage Only,Other - Explain in Narrative,Clear,,21ES002892,Essex PD.,,,None/Other,Day,Sand Hill Rd,None,None,,VT0040200,T - Intersection,None,21 Jericho Rd,Dry,,"44.50902900103458,-73.05547138964563"
4274027,,"May 28, 2021, 4:30 PM",Shelburne,3053 US-7,SHELBURNE RD,Property Damage Only,Rear End,Cloudy,,21SH03733,Shelburne PD.,,,None/Other,Day,Tamarack Shores,None,None,,VT0040700,Four-way Intersection,None,3053 US-7,Dry,,"44.41109640915629,-73.21500161553844"
4275052,,"May 28, 2021, 5:55 PM",South Burlington,8 Dorset St,DORSET ST,Property Damage Only,Same Direction Sideswipe,Cloudy,,21SB004661,So. Burlington PD.,,,None/Other,Day,Dorset St,None,None,,VT0040300,Four-way Intersection,Unknown,8 Dorset St,Dry,,"44.46873716564099,-73.18133241680478"
4274056,,"May 28, 2021, 9:48 PM",Williston,121 Govenor Chittenden Road,GOVERNOR CHITTENDEN RD,Property Damage Only,Single Vehicle Crash,Clear,,21WT02562,Williston PD.,,,None/Other,Night,North Williston Road,Alcohol,None,,VT0041000,Not at a Junction,None,121 Govenor Chittenden Road,Dry,,"44.44989257732681,-73.05673344334367"
4274089,,"May 29, 2021, 12:39 PM",Williston,747 Essex Road,ESSEX RD,Injury,Rear End,Clear,,21WT02590,Williston PD.,,,None/Other,Day,,None,None,,VT0041000,Not at a Junction,None,747 Essex Road,Dry,,"44.468988990918966,-73.11308140622177"
4274806,,"May 29, 2021, 2:17 PM",South Burlington,580 Shelburne Rd,,Property Damage Only,Other - Explain in Narrative,Clear,,21SB004681,So. Burlington PD.,,,None/Other,Day,Parking Lot,None,None,,VT0040300,Parking Lot,None,580 Shelburne Rd,Dry,,"44.448773259629334,-73.2080958018757"
4274926,,"May 29, 2021, 2:58 PM",Colchester,1709 BLAKELY ROAD,,Injury,Single Vehicle Crash,Clear,,21CC004526,Colchester PD.,,,None/Other,Day,EDGEWOOD DRIVE,None,None,,VT0040500,Other - Explain in Narrative,None,1709 BLAKELY ROAD,Dry,,"44.52979417292474,-73.18951685062757"
4275241,,"May 29, 2021, 4:13 PM",Williston,Marshall Avenue,MARSHALL AVE,Property Damage Only,Same Direction Sideswipe,Clear,,21WT02596,Williston PD.,,,None/Other,Day,Trader Lane,None,None,,VT0041000,Four-way Intersection,None,Marshall Avenue,Dry,,"44.445038986266034,-73.11507140498279"
4274742,,"May 30, 2021, 2:00 PM",Colchester,18 SEVERANCE GREEN,PERIMETER DR,Property Damage Only,Rear-to-rear,Cloudy,,21CC004566,Colchester PD.,,,None/Other,Day,MCGILLICUDDYS,None,None,,VT0040500,Parking Lot,None,18 SEVERANCE GREEN,Dry,,"44.53011136674117,-73.17559358899233"
4274014,,"May 31, 2021, 8:14 PM",Burlington,N Prospect St,N PROSPECT ST,Injury,Rear End,Clear,,21BU007716,Burlington PD,,,None/Other,Night,North St,None,None,,VT0040100,Not at a Junction,None,N Prospect St,Dry,,"44.485044941475,-73.20154262924896"
4274012,,"June 1, 2021, 8:56 AM",South Burlington,1161 US-2,WILLISTON RD,Injury,"Left Turn and Thru, Broadside v<--",Cloudy,,21SB004739,So. Burlington PD.,,,None/Other,Day,Mary St,None,None,,VT0040300,Not at a Junction,None,1161 US-2,Dry,,"44.468176307197226,-73.17727914418751"
4274441,,"June 1, 2021, 10:57 AM",South Burlington,1080 Shelburne Rd,,Property Damage Only,Other - Explain in Narrative,Clear,,21SB004746,So. Burlington PD.,,,None/Other,Day,Baldwin Ave,None,None,,VT0040300,Parking Lot,None,1080 Shelburne Rd,Dry,,"44.4392624076488,-73.20964219419992"
4274626,,"June 1, 2021, 11:20 AM",Essex,51 Center Rd,CENTER RD,Property Damage Only,Same Direction Sideswipe,Clear,,21ES002989,Essex PD.,,,None/Other,Day,Lyon Ln,None,Heavy Truck,,VT0040200,Not at a Junction,None,51 Center Rd,Dry,,"44.51052014113587,-73.07347128523733"
4274011,,"June 1, 2021, 11:21 AM",Williston,Essex Road,ESSEX RD,Property Damage Only,"No Turns, Thru moves only, Broadside ^<",Cloudy,,21WT02634,Williston PD.,,,None/Other,Day,Williston Road,None,None,,VT0041000,Four-way Intersection,None,Essex Road,Dry,,"44.44968679616057,-73.11106896667008"
4274153,,"June 1, 2021, 12:05 PM",Burlington,Riverside Ave,RIVERSIDE AVE,Property Damage Only,Rear End,Clear,,21BU007746,Burlington PD,,,None/Other,Day,Colchester Ave,None,None,,VT0040100,T - Intersection,None,Riverside Ave,Dry,,"44.48793639340209,-73.18673407541698"
4274464,,"June 1, 2021, 1:08 PM",South Burlington,26 Hinesburg Rd,HINESBURG RD,Property Damage Only,"Left Turn and Thru, Broadside v<--",Clear,,21SB004751,So. Burlington PD.,,,None/Other,Day,Cottage Grove Ave,None,None,,VT0040300,T - Intersection,None,26 Hinesburg Rd,Dry,,"44.46614239794464,-73.17118571373243"
4274024,,"June 1, 2021, 2:13 PM",Essex,29-1 Pettingill Rd,,Property Damage Only,"Left Turn and Thru, Broadside v<--",Clear,,21ES002987,Essex PD.,,,None/Other,Day,Pettingill Rd,None,None,,VT0040200,Y - Intersection,None,29-1 Pettingill Rd,Dry,,"44.55354170583322,-73.03354322132255"
4274528,,"June 1, 2021, 3:04 PM",Winooski City,183 Main St,MAIN ST,Property Damage Only,Rear End,Clear,,21WS002730,Winooski PD.,,,None/Other,Day,E Spring St,None,None,,VT0040400,Four-way Intersection,None,183 Main St,Dry,,"44.49478860224465,-73.18617464119146"
4274003,,"June 1, 2021, 4:16 PM",Colchester,College Parkway,COLLEGE PKWY,Property Damage Only,Rear End,Clear,,21CC004627,Colchester PD.,,,None/Other,Day,Campus Road,None,None,,VT0040500,Not at a Junction,None,College Parkway,Dry,,"44.49300643600751,-73.16646462467762"
4274007,,"June 1, 2021, 4:41 PM",Shelburne,4389 Shelburne Rd,,Property Damage Only,Other - Explain in Narrative,Clear,,21SH03834,Shelburne PD.,,,None/Other,Day,Shelburne Rd,None,None,,VT0040700,Parking Lot,Unknown,4389 Shelburne Rd,Dry,,"44.39232301180062,-73.22077250969159"
4275167,,"June 1, 2021, 4:50 PM",Williston,3697 Oak Hill Rd,OAK HILL RD,Property Damage Only,Same Direction Sideswipe,Clear,,21WT02638,Williston PD.,,,None/Other,Day,South Road,None,None,,VT0041000,Not at a Junction,None,3697 Oak Hill Rd,Dry,,"44.389002962129936,-73.0957028324649"
4274180,,"June 1, 2021, 5:30 PM",Williston,5047 Williston Rd,WILLISTON RD,Property Damage Only,Rear End,Clear,,21WT02639,Williston PD.,,,None/Other,Day,Chad Ln,None,None,,VT0041000,Not at a Junction,None,5047 Williston Rd,Dry,,"44.45557065604373,-73.12471291704966"
4274059,,"June 2, 2021, 12:57 AM",Essex,126 VT-15,,Property Damage Only,Single Vehicle Crash,Clear,,21ES003001,Essex PD.,,,None/Other,Night,Willeys Ct,None,Heavy Truck,,VT0040200,Parking Lot,None,126 VT-15,Dry,,"44.495916561276225,-73.12447713783234"
4274353,,"June 2, 2021, 8:20 AM",Shelburne,Shelburne Road,,Property Damage Only,Rear End,Clear,,21SH03852,Shelburne PD.,,,None/Other,Day,Marsett Road,None,None,,VT0040700,Not at a Junction,None,Shelburne Road,Dry,,"44.36884545316885,-73.23171343231506"
4274281,,"June 2, 2021, 8:34 AM",Colchester,1601 WEST LAKESHORE DR.,W LAKESHORE DR,Property Damage Only,Rear End,Clear,,21CC004647,Colchester PD.,,,None/Other,Day,,None,None,,VT0040500,Driveway,None,1601 WEST LAKESHORE DR.,Dry,,"44.55212383502797,-73.2450438032952"
4274407,,"June 2, 2021, 12:26 PM",Milton,26 US Rt 7 N,,Property Damage Only,Rear End,Clear,,21MT002525,Milton PD.,,,None/Other,Day,,None,None,,VT0040600,Not at a Junction,None,26 US Rt 7 N,Dry,,"44.64246666014247,-73.1155225129371"
4274505,,"June 2, 2021, 2:31 PM",Burlington,124 North Ave,NORTH AVE,Property Damage Only,Other - Explain in Narrative,Clear,,21BU007811,Burlington PD,,,None/Other,Day,Canfield St,None,None,,VT0040100,Other - Explain in Narrative,None,124 North Ave,Dry,,"44.485225886645296,-73.22298769805043"
4275077,,"June 2, 2021, 2:35 PM",Colchester,Roosevelt Highway,ROOSEVELT HWY,Property Damage Only,Rear End,Clear,,21CC004665,Colchester PD.,,,None/Other,Day,Jasper Mine Road,None,None,,VT0040500,Not at a Junction,None,Roosevelt Highway,Dry,,"44.59146372400084,-73.17645511719901"
4274439,,"June 2, 2021, 4:44 PM",South Burlington,Hinesburg Road,HINESBURG RD,Injury,"Left Turn and Thru, Broadside v<--",Clear,,21SB004798,So. Burlington PD.,,,None/Other,Day,Hayes Ave,None,None,,VT0040300,Four-way Intersection,None,Hinesburg Road,Dry,,"44.45224351308868,-73.16101289327737"
4274238,,"June 2, 2021, 5:14 PM",South Burlington,Kennedy Drive,KENNEDY DR,Property Damage Only,Rear End,Clear,,21SB004800,So. Burlington PD.,,,None/Other,Day,Timber Ln,None,None,,VT0040300,Four-way Intersection,None,Kennedy Drive,Dry,,"44.45403813562604,-73.16737462947324"
4273995,,"June 2, 2021, 6:35 PM",Hinesburg,Shelburne Falls Rd,SHELBURNE FALLS RD,Injury,Single Vehicle Crash,Cloudy,,21HB00550,Hinesburg PD.,,,None/Other,Day,Oneil Rd,None,None,,VT0041200,Not at a Junction,"Shoulders (none, low, soft, high)",Shelburne Falls Rd,Dry,,"44.34326896765033,-73.13772140504727"
4274343,,"June 3, 2021, 5:55 AM",Bolton,154 Joiner Ln,INTERSTATE 89,Property Damage Only,Single Vehicle Crash,Clear,,21-2993,Chittenden CSD,,,Deer,Night,Bolton Valley Access Rd,None,None,,VT0040000,Not at a Junction,None,154 Joiner Ln,,,"44.372171706008686,-72.8761604672458"
4273977,,"June 3, 2021, 11:25 AM",Burlington,North Ave,NORTH AVE,Property Damage Only,"No Turns, Thru moves only, Broadside ^<",Cloudy,,21BU007871,Burlington PD,,,None/Other,Day,Forest St,None,None,,VT0040100,Four-way Intersection,None,North Ave,Dry,,"44.520850946705835,-73.26367390659854"
4273983,,"June 3, 2021, 2:41 PM",Williston,8384 US-2,WILLISTON RD,Property Damage Only,Head On,Clear,,21WT02670,Williston PD.,,,None/Other,Day,Johnson Ln,None,None,,VT0041000,Not at a Junction,None,8384 US-2,Dry,,"44.436467229934735,-73.06367765107969"
4273968,,"June 3, 2021, 4:35 PM",Colchester,US Route 2,INTERSTATE 89,Property Damage Only,Rear End,Clear,,21CC004696,Colchester PD.,,,None/Other,Day,I-89 Exit 17,None,None,,VT0040500,Y - Intersection,None,US Route 2,Dry,,"44.59279451159618,-73.17053860634347"
4274115,,"June 3, 2021, 4:55 PM",Colchester,US ROUTE 2,ROOSEVELT HWY,Injury,Single Vehicle Crash,Clear,,21CC004697,Colchester PD.,,,None/Other,Day,RAYMOND ROAD,None,None,,VT0040500,Not at a Junction,None,US ROUTE 2,Dry,,"44.594675830034845,-73.18860855660867"
4274488,,"June 4, 2021, 8:41 AM",South Burlington,911 Dorset St,DORSET ST,Property Damage Only,Rear End,Cloudy,,21SB004860,So. Burlington PD.,,,None/Other,Day,Indian Creek,None,None,,VT0040300,Not at a Junction,None,911 Dorset St,Dry,,"44.44733080869511,-73.1777291819483"
4273959,,"June 4, 2021, 10:17 AM",Huntington,MAIN RD.,MAIN RD,Property Damage Only,Single Vehicle Crash,Clear,,21A101984,VSP - A1 Williston,,,None/Other,Day,ROQUE DR.,None,None,,VTVSP0100,T - Intersection,None,MAIN RD.,Dry,,"44.309184637303055,-72.98546431989473"
4274206,,"June 4, 2021, 2:24 PM",Colchester,COLLEGE PARKWAY,COLLEGE PKWY,Injury,"Left Turn and Thru, Broadside v<--",Cloudy,,21CC004727,Colchester PD.,,,None/Other,Day,JOHNSON AVENUE,None,None,,VT0040500,Other - Explain in Narrative,None,COLLEGE PARKWAY,Dry,,"44.497216382353194,-73.15901860743348"
4274555,,"June 4, 2021, 10:16 PM",Burlington,Pearl St,,Injury,"Left Turn and Thru, Angle Broadside -->v--",Clear,,21BU007990,Burlington PD,,,None/Other,Night,300 Pearl St,None,Bicycle,,VT0040100,Not at a Junction,None,Pearl St,Dry,,"44.48126377113092,-73.20673432931238"
4273941,,"June 5, 2021, 11:22 AM",Burlington,North St,NORTH ST,Property Damage Only,"No Turns, Thru moves only, Broadside ^<",Clear,,21BU008033,Burlington PD,,,None/Other,Day,N Willard St,None,None,,VT0040100,Four-way Intersection,None,North St,Dry,,"44.484939405938775,-73.2058933881198"
4273945,,"June 5, 2021, 2:58 PM",South Burlington,Dorset St,DORSET ST,Property Damage Only,Rear End,Clear,,21SB004910,So. Burlington PD.,,,None/Other,Day,Williston Rd,None,None,,VT0040300,Not at a Junction,None,Dorset St,Dry,,"44.46840898831839,-73.18150142882162"
4273943,,"June 5, 2021, 5:40 PM",Burlington,North Ave,NORTH AVE,Injury,Other - Explain in Narrative,Cloudy,,21BU008056,Burlington PD,,,None/Other,Day,North St,None,Bicycle,,VT0040100,T - Intersection,None,North Ave,Dry,,"44.48443498300942,-73.22234693596572"
4273950,,"June 5, 2021, 5:59 PM",Burlington,Shelburne Rd,SHELBURNE ST,Property Damage Only,"Left Turn and Thru, Angle Broadside -->v--",Clear,,21BU008057,Burlington PD,,,None/Other,Day,I189,None,None,,VT0040100,T - Intersection,None,Shelburne Rd,Dry,,"44.44835014145382,-73.20923201515565"
4273926,,"June 6, 2021, 11:10 AM",Shelburne,5171 Shelburne Road,SHELBURNE RD,Injury,Rear End,Clear,,21SH03961,Shelburne PD.,,,None/Other,Day,Harbor Road,None,None,,VT0040700,Not at a Junction,None,5171 Shelburne Road,Dry,,"44.38118568668963,-73.22721147615061"
4273927,,"June 6, 2021, 11:54 PM",Williston,VT 2A at Industrial Avenue,INDUSTRIAL AVE,Property Damage Only,"No Turns, Thru moves only, Broadside ^<",Clear,,21WT02738,Williston PD.,,,None/Other,Night,Mountain View Rd,None,None,,VT0041000,Four-way Intersection,None,VT 2A at Industrial Avenue,Dry,,"44.464968990161495,-73.11288140593894"
4274667,,"June 7, 2021, 7:18 AM",South Burlington,I-189 MM1,INTERSTATE 189,Injury,Rear End,Clear,,21A102035,VSP - A1 Williston,,,None/Other,Day,Shelburne Road,None,None,,VTVSP0100,Not at a Junction,None,I-189 MM1,Dry,,"44.448961634932395,-73.1997968392756"
4273918,,"June 7, 2021, 3:11 PM",Burlington,Colchester Ave,COLCHESTER AVE,Property Damage Only,Rear End,Clear,,21BU008175,Burlington PD,,,None/Other,Day,Mansfield Ave,None,None,,VT0040100,Not at a Junction,None,Colchester Ave,Dry,,"44.48063431053298,-73.1986907872903"
4273904,,"June 7, 2021, 4:44 PM",Colchester,Roosevelt Highway,ROOSEVELT HWY,Property Damage Only,Rear End,Clear,,21CC004834,Colchester PD.,,,None/Other,Day,Severance Road,None,None,,VT0040500,Four-way Intersection,None,Roosevelt Highway,Dry,,"44.52896364033797,-73.1718313004682"
4273900,,"June 7, 2021, 5:19 PM",Shelburne,724 Pond Rd,POND RD,Property Damage Only,Other - Explain in Narrative,Clear,,21SH03996,Shelburne PD.,,,None/Other,Day,Pond Access Rd,None,None,,VT0040700,Not at a Junction,None,724 Pond Rd,Dry,,"44.37263096841378,-73.16915061326475"
4274095,,"June 7, 2021, 7:24 PM",Burlington,North Beach Campground,,Injury,Head On,Clear,,21BU008188,Burlington PD,,,None/Other,Night,Parking Lot,None,None,,VT0040100,Parking Lot,None,North Beach Campground,Dry,,
4273880,,"June 8, 2021, 8:27 AM",South Burlington,977 Shelburne Rd,,Property Damage Only,Same Direction Sideswipe,Cloudy,,21SB004989,So. Burlington PD.,,,None/Other,Day,Brewer Pkwy,None,Heavy Truck,,VT0040300,Parking Lot,None,977 Shelburne Rd,Dry,,"44.44271515241734,-73.21013622681437"
4273887,,"June 8, 2021, 9:46 AM",South Burlington,71 Hinesburg Rd,HINESBURG RD,Property Damage Only,"Left Turn and Thru, Broadside v<--",Clear,,21SB004991,So. Burlington PD.,,,None/Other,Day,Ruth St,None,None,,VT0040300,T - Intersection,None,71 Hinesburg Rd,Dry,,"44.46514440870348,-73.17102347504391"
4273879,,"June 8, 2021, 12:15 PM",South Burlington,Interstate 89,INTERSTATE 89,Property Damage Only,Same Direction Sideswipe,Clear,,21A102055,VSP - A1 Williston,,,None/Other,Day,Interstate I189 Southbound On-Ramp,None,None,,VTVSP0100,On Ramp,None,Interstate 89,Dry,,"44.449605291147236,-73.17813239108136"
4273991,,"June 8, 2021, 1:25 PM",Winooski City,Main St,MAIN ST,Property Damage Only,Rear End,Clear,,21WS002862,Winooski PD.,,,None/Other,Day,Normand St,None,None,,VT0040400,Not at a Junction,None,Main St,Dry,,"44.500701132206785,-73.18318837865942"
4273886,,"June 8, 2021, 4:46 PM",South Burlington,Dorset St,DORSET ST,Property Damage Only,Same Direction Sideswipe,Clear,,21SB005008,So. Burlington PD.,,,None/Other,Day,Williston Rd,None,None,,VT0040300,Four-way Intersection,,Dorset St,Dry,,"44.469080096485094,-73.1811730258415"
4273882,,"June 8, 2021, 5:20 PM",South Burlington,1001 Shelburne Rd,HANNAFORD DR,Injury,"No Turns, Thru moves only, Broadside ^<",Clear,,21SB005012,So. Burlington PD.,,,None/Other,Day,Shelburne Rd,None,None,,VT0040300,Not at a Junction,None,1001 Shelburne Rd,Dry,,"44.44164844469729,-73.21090213921033"
4273890,,"June 8, 2021, 8:08 PM",Colchester,Exit 16 Off Ramp,I-89 EXIT 16 RAMP A,Injury,Single Vehicle Crash,Clear,,21A102051,VSP - A5 Derby,,,None/Other,Night,,Alcohol,None,,VTVSP0800,Off Ramp,None,Exit 16 Off Ramp,Dry,,"44.50607100437906,-73.18365352084015"
4273883,,"June 8, 2021, 9:14 PM",Williston,Zephyr Road,ZEPHYR RD,Property Damage Only,"No Turns, Thru moves only, Broadside ^<",Clear,,21WT02775,Williston PD.,,,None/Other,Night,Stillwater Lane,None,None,,VT0041000,Four-way Intersection,None,Zephyr Road,Dry,,"44.450058987648355,-73.10488140252255"
4274758,,"June 9, 2021, 10:55 AM",Williston,VT 2A at Industrial Avenue,INDUSTRIAL AVE,Injury,"No Turns, Thru moves only, Broadside ^<",Clear,,21WT02780,Williston PD.,,,None/Other,Day,Mountain View Road,None,None,,VT0041000,Four-way Intersection,None,VT 2A at Industrial Avenue,Dry,,"44.46502112649871,-73.11290031283268"
4274402,,"June 9, 2021, 3:18 PM",Burlington,N Winooski Ave,N WINOOSKI AVE,Injury,Rear End,Clear,,21BU008369,Burlington PD,,,None/Other,Day,Decatur St,None,None,,VT0040100,Y - Intersection,None,N Winooski Ave,Dry,,"44.48631295938124,-73.20982009150065"
4273867,,"June 9, 2021, 3:59 PM",Colchester,Roosevelt Highway,ROOSEVELT HWY,Property Damage Only,Other - Explain in Narrative,Clear,,21CC004900,Colchester PD.,,,None/Other,Day,Blakely Rosf,None,None,,VT0040500,Four-way Intersection,,Roosevelt Highway,Dry,,"44.52883736148039,-73.1718801711327"
4273868,,"June 9, 2021, 9:00 PM",Williston,5876 Williston Road,,Property Damage Only,Rear-to-rear,Clear,,21WT02801,Williston PD.,,,None/Other,Night,Williston Road,None,None,,VT0041000,Parking Lot,None,5876 Williston Road,Dry,,"44.448584537653744,-73.11022178595762"
4248843,,"June 10, 2021, 1:45 PM",Williston,4160 St George Rd,VT-2A,Property Damage Only,Single Vehicle Crash,Clear,"State Highway numbered route, State owned",21WT02825,Williston PD.,10,1.808,None/Other,Day,Lawes Dr,None,Heavy Truck,,VT0041000,Not at a Junction,"Shoulders (none, low, soft, high)",4160 St George Rd,Dry,21,"44.423710501182335,-73.12364941420675"