ObjectID,Mapped,Crash Date,City/Town,Address,AOT Route,Crash Type,Collision Direction,Weather,Road Group,Report Number,Reporting Agency,Road Group ID,AOT Actual Milepoint,Animal,Time of Day,Intersection With,Impairment,Involving,Non Reportable Address,Reporting Agency ID,Road Characteristics,Road Condition,Street Address,Surface Condition,AOT Route ID,Coordinates
4275163,,"June 25, 2021, 2:06 AM",Colchester,Jasper Mine Road,JASPER MINE RD,Property Damage Only,Single Vehicle Crash,Clear,,21CC005378,Colchester PD.,,,None/Other,Night,Pine Haven Road,None,None,,VT0040500,Other - Explain in Narrative,None,Jasper Mine Road,Dry,,"44.60258339037371,-73.20383034178234"
4274314,,"June 25, 2021, 7:30 AM",Richmond,,,Property Damage Only,Single Vehicle Crash,Clear,,21A102343,VSP - A1 Williston,,,Deer,Day,Exit 11,None,None,,VTVSP0100,Not at a Junction,None,,Dry,,
4273634,,"June 25, 2021, 9:05 AM",Williston,St. George Road,SAINT GEORGE RD,Property Damage Only,Same Direction Sideswipe,Clear,,21WT03120,Williston PD.,,,None/Other,Day,Maple Tree Place,None,None,,VT0041000,Four-way Intersection,None,St. George Road,Dry,,"44.444280123424775,-73.11236934113205"
4273714,,"June 25, 2021, 11:51 AM",South Burlington,1389 US-2,WILLISTON RD,Property Damage Only,Rear End,Clear,,21SB005575,So. Burlington PD.,,,None/Other,Day,Stonehouse Com,None,None,,VT0040300,Not at a Junction,,1389 US-2,,,"44.46640121277957,-73.16848674029742"
4273627,,"June 25, 2021, 12:21 PM",Williston,Williston Road,WILLISTON RD,Property Damage Only,Rear End,Clear,,21WT03124,Williston PD.,,,None/Other,Day,Essex Road,None,None,,VT0041000,Four-way Intersection,None,Williston Road,Dry,,"44.44950883176928,-73.1106902048871"
4273638,,"June 25, 2021, 3:23 PM",Winooski City,River St,RIVER ST,Property Damage Only,"Right Turn and Thru, Same Direction Sideswipe/Angle Crash ^^--",Clear,,21WS003175,Winooski PD.,,,None/Other,Day,Hickok St,None,Heavy Truck,,VT0040400,T - Intersection,None,River St,Dry,,"44.4932106493149,-73.19264376160808"
4273628,,"June 25, 2021, 3:32 PM",South Burlington,87 Landfill Rd,,Property Damage Only,Other - Explain in Narrative,Clear,,21SB005585,So. Burlington PD.,,,None/Other,Day,Parking Lot,None,None,,VT0040300,Parking Lot,None,87 Landfill Rd,Dry,,"44.47848171904142,-73.17361474870252"
4273623,,"June 25, 2021, 4:24 PM",Colchester,US ROUTE 2,ROOSEVELT HWY,Property Damage Only,Rear End,Cloudy,,21CC005395,Colchester PD.,,,None/Other,Day,I89,None,None,,VT0040500,Y - Intersection,None,US ROUTE 2,Dry,,"44.59040968209831,-73.1720728225444"
4273901,,"June 26, 2021, 1:15 AM",Milton,W Milton Rd,W MILTON RD,Property Damage Only,Single Vehicle Crash,Clear,,21MT002949,Milton PD.,,,None/Other,Night,Peterson Rd,None,None,,VT0040600,Not at a Junction,None,W Milton Rd,,,"44.63515228902465,-73.16406392318704"
4273785,,"June 26, 2021, 2:00 AM",Essex,75 Old Stage Rd,OLD STAGE RD,Property Damage Only,Single Vehicle Crash,Cloudy,,21ES003615,Essex PD.,,,None/Other,Night,Willoughby Dr,None,None,,VT0040200,Not at a Junction,None,75 Old Stage Rd,Dry,,"44.52062000430954,-73.08009875696764"
4273606,,"June 27, 2021, 10:41 AM",Colchester,US Route 2,ROOSEVELT HWY,Property Damage Only,Opp Direction Sideswipe,Clear,,21CC005469,Colchester PD.,,,None/Other,Day,Raymond Road,None,None,,VT0040500,Not at a Junction,None,US Route 2,Dry,,"44.59450781625858,-73.18811537751627"
4273602,,"June 27, 2021, 12:40 PM",Essex,67 Park St,,Property Damage Only,"Left Turn and Thru, Same Direction Sideswipe/Angle Crash vv--",Clear,,21WT03158,Williston PD.,,,None/Other,Day,South Street,None,None,,VT0041000,Driveway,None,67 Park St,Dry,,"44.48611842731411,-73.11410175972892"
4273600,,"June 27, 2021, 1:45 PM",Williston,5755 Williston Rd,WILLISTON RD,Property Damage Only,"No Turns, Thru moves only, Broadside ^<",Clear,,21WT03162,Williston PD.,,,None/Other,Day,Texas Rd House,None,None,,VT0041000,T - Intersection,None,5755 Williston Rd,Dry,,"44.45013028758468,-73.11227970351393"
4273609,,"June 27, 2021, 4:04 PM",Burlington,Main St,MAIN ST,Property Damage Only,"No Turns, Thru moves only, Broadside ^<",Clear,,21BU009574,Burlington PD,,,None/Other,Day,East Ave,None,None,,VT0040100,Other - Explain in Narrative,None,Main St,Dry,,"44.473054266317405,-73.19134226515655"
4273613,,"June 27, 2021, 6:34 PM",South Burlington,1982 Williston Rd,WILLISTON RD,Property Damage Only,Rear End,Clear,,21SB005645,So. Burlington PD.,,,None/Other,Day,Millham Ct.,None,None,,VT0040300,Not at a Junction,None,1982 Williston Rd,Dry,,"44.46012867354663,-73.1481716342041"
4273986,,"June 28, 2021, 6:48 AM",Richmond,I-89 SB; MM 78.8,,Property Damage Only,Single Vehicle Crash,Rain,,21A102387,VSP - A1 Williston,,,None/Other,Day,EXIT 11,None,None,,VTVSP0100,Not at a Junction,"Road Surface Condition(wet, icy, snow, slush, etc)",I-89 SB; MM 78.8,Wet,,"44.42214740787096,-73.01840773077177"
4275104,,"June 28, 2021, 4:34 PM",Colchester,3436 Roosevelt Highway,ROOSEVELT HWY,Property Damage Only,Rear End,Clear,,21CC005512,Colchester PD.,,,None/Other,Day,Bay Road,None,None,,VT0040500,Four-way Intersection,None,3436 Roosevelt Highway,Dry,,"44.54825411599164,-73.1648546848956"
4273591,,"June 28, 2021, 5:20 PM",Colchester,1985 East Road,EAST RD,Injury,Other - Explain in Narrative,Clear,,21CC005515,Colchester PD.,,,None/Other,Day,Farnsworth Road,None,None,,VT0040500,Not at a Junction,None,1985 East Road,Dry,,"44.56978630174659,-73.12724360233541"
4273590,,"June 28, 2021, 6:12 PM",South Burlington,Hinesburg Rd,HINESBURG RD,Property Damage Only,Rear End,Clear,,21SB005682,So. Burlington PD.,,,None/Other,Day,Cheesefactory Rd,None,None,,VT0040300,T - Intersection,None,Hinesburg Rd,Dry,,"44.41348679077095,-73.15357078875252"
4275001,,"June 28, 2021, 6:46 PM",Burlington,North Ave,NORTH AVE,Property Damage Only,Rear End,Clear,,21BU009656,Burlington PD,,,None/Other,Day,Institute Rd,None,None,,VT0040100,Not at a Junction,None,North Ave,Dry,,"44.49713143191653,-73.23232146170982"
4273581,,"June 29, 2021, 10:41 AM",Colchester,I89 EXIT 16 SB OFF RAMP,I-89 EXIT 16 RAMP C,Property Damage Only,Same Direction Sideswipe,Clear,,21CC005534,Colchester PD.,,,None/Other,Day,ROUTE 7,None,None,,VT0040500,Off Ramp,None,I89 EXIT 16 SB OFF RAMP,Dry,,"44.505157880018864,-73.18134153441953"
4274290,,"June 29, 2021, 11:59 AM",Richmond,56 Railroad St,RAILROAD ST,Property Damage Only,"No Turns, Thru moves only, Broadside ^<",Clear,,21RM00231,Richmond PD.,,,None/Other,Day,Bridge St,None,None,,VT0040800,T - Intersection,None,56 Railroad St,Dry,,"44.40439898360713,-72.9950213616223"
4275369,,"June 29, 2021, 12:45 PM",South Burlington,N4 Stonehedge Dr,SPEAR ST,Property Damage Only,Rear End,Clear,,21SB005714,So. Burlington PD.,,,None/Other,Day,Cedar Glen Dr,None,None,,VT0040300,T - Intersection,None,N4 Stonehedge Dr,Dry,,"44.437685365102986,-73.19090721478636"
4274689,,"June 29, 2021, 12:53 PM",South Burlington,Shelburne Road at Queen City Parkway,SHELBURNE RD,Injury,Rear End,Clear,,21SB005715,So. Burlington PD.,,,None/Other,Day,Queen City Pkwy,None,None,,VT0040300,,None,Shelburne Road at Queen City Parkway,Dry,,"44.44521165573555,-73.20955090459188"
4273577,,"June 29, 2021, 1:10 PM",Burlington,Manhattan Dr,MANHATTAN DR,Property Damage Only,Rear End,Cloudy,,21BU009700,Burlington PD,,,None/Other,Day,N Champlain St,None,None,,VT0040100,Not at a Junction,None,Manhattan Dr,Dry,,"44.48756515053993,-73.21795045459834"
4273580,,"June 29, 2021, 4:13 PM",Williston,Meadowridge Rd,MEADOWRIDGE RD,Property Damage Only,Single Vehicle Crash,Clear,,21WT03206,Williston PD.,,,None/Other,Day,Bayberry Lane,None,None,,VT0041000,Not at a Junction,None,Meadowridge Rd,Dry,,"44.42456073570707,-73.0582008709999"
4274651,,"June 29, 2021, 4:16 PM",Shelburne,5138 Shelburne Rd,SHELBURNE RD,Property Damage Only,Rear End,Cloudy,,21SH04547,Shelburne PD.,,,None/Other,Day,Harbor Rd,None,None,,VT0040700,Not at a Junction,None,5138 Shelburne Rd,Dry,,"44.38101334921009,-73.22742267363299"
4273670,,"June 29, 2021, 6:07 PM",Colchester,218 LOWER MOUNTAIN VIEW DRIVE,,Property Damage Only,Rear-to-rear,Cloudy,,21CC005544,Colchester PD.,,,None/Other,Day,COSTCO,None,None,,VT0040500,Parking Lot,None,218 LOWER MOUNTAIN VIEW DRIVE,Wet,,"44.50495901540637,-73.17542876049166"
4273841,,"June 30, 2021, 6:13 AM",Burlington,I-189 WB,I-189 EXIT 1 RAMP C,Property Damage Only,Rear End,Cloudy,,21A102417,VSP - A1 Williston,,,None/Other,Day,Shelburne Rd. (Rt. 7),None,None,,VTVSP0100,T - Intersection,None,I-189 WB,Dry,,"44.4485273609484,-73.20892519034923"
4274038,,"June 30, 2021, 11:21 AM",Williston,Van Sicklen Rd,VAN SICKLEN RD,Property Damage Only,Single Vehicle Crash,Cloudy,,21WT03217,Williston PD.,,,None/Other,Day,South Brownell Rd,None,None,,VT0041000,Not at a Junction,None,Van Sicklen Rd,Dry,,"44.4305850649686,-73.13341416769396"
4273743,,"June 30, 2021, 11:57 AM",Burlington,Pearl St,PEARL ST,Property Damage Only,Rear End,Cloudy,,21BU009771,Burlington PD,,,None/Other,Day,N Champlain St,None,None,,VT0040100,Four-way Intersection,None,Pearl St,Dry,,"44.48030205039416,-73.21741735595997"
4273654,,"June 30, 2021, 6:39 PM",Burlington,S Winooski Ave,S WINOOSKI AVE,Injury,"Right Turn and Thru, Broadside ^<--",Clear,,21BU009798,Burlington PD,,,None/Other,Day,Pearl St,None,Bicycle,,VT0040100,Four-way Intersection,None,S Winooski Ave,Dry,,"44.48049729246362,-73.21121532621734"
4273572,,"June 30, 2021, 8:30 PM",Burlington,Main St,MAIN ST,Property Damage Only,Rear End,Rain,,21BU009806,Burlington PD,,,None/Other,Night,University Hts,None,None,,VT0040100,Four-way Intersection,"Road Surface Condition(wet, icy, snow, slush, etc)",Main St,Wet,,"44.47473810966384,-73.19509024133406"
4273966,,"July 1, 2021, 8:13 AM",Winooski City,E Allen St,E ALLEN ST,Property Damage Only,Same Direction Sideswipe,Cloudy,,21WS003262,Winooski PD.,,,None/Other,Day,Florida Ave,None,Heavy Truck,,VT0040400,Not at a Junction,None,E Allen St,Dry,,"44.49335618789275,-73.17128404719415"
4273564,,"July 1, 2021, 12:38 PM",Colchester,COLLEGE PARKWAY,COLLEGE PKWY,Property Damage Only,Rear End,Clear,,21CC005588,Colchester PD.,,,None/Other,Day,BARNES AVE,None,None,,VT0040500,,None,COLLEGE PARKWAY,Dry,,"44.50136851711186,-73.15057747891389"
4273545,,"July 1, 2021, 1:21 PM",Essex,3 Kellogg Rd,KELLOGG RD,Injury,Rear End,Clear,,21ES003768,Essex PD.,,,None/Other,Day,Susie Wilson Rd,None,None,,VT0040200,Four-way Intersection,None,3 Kellogg Rd,Dry,,"44.509658997133776,-73.13180141415208"
4273547,,"July 1, 2021, 1:40 PM",Burlington,400 Pine St,,Injury,Other - Explain in Narrative,Clear,,21BU009842,Burlington PD,,,None/Other,Day,400 Pine St,None,Bicycle,,VT0040100,Not at a Junction,None,400 Pine St,Dry,,"44.46822540985042,-73.21477895315441"
4273563,,"July 1, 2021, 7:13 PM",Milton,1216 Us Route 2,,Injury,Rear End,Clear,,21MT003051,Milton PD.,,,None/Other,Night,Sand Bar State Park Entrance,None,None,,VT0040600,Other - Explain in Narrative,None,1216 Us Route 2,Dry,,"44.62577121805004,-73.23993015668974"
4273565,,"July 1, 2021, 7:39 PM",Colchester,1383 WEST LAKESHORE DRIVE,W LAKESHORE DR,Property Damage Only,Single Vehicle Crash,Clear,,21CC005607,Colchester PD.,,,Deer,Night,THAYER BEACH ROAD,None,None,,VT0040500,Not at a Junction,None,1383 WEST LAKESHORE DRIVE,Dry,,"44.553170060528124,-73.24053884380558"
4273553,,"July 1, 2021, 11:24 PM",Williston,4160 St George Rd,,Injury,Single Vehicle Crash,Clear,,21WT03255,Williston PD.,,,None/Other,Night,Lawes Dr,None,None,,VT0041000,Not at a Junction,None,4160 St George Rd,Dry,,"44.424131237426984,-73.12381287303481"
4273538,,"July 2, 2021, 5:45 AM",Richmond,1198 Hinesburg Road,HINESBURG RD,Property Damage Only,Single Vehicle Crash,Rain,,21A102454,VSP - A1 Williston,,,None/Other,Night,Wild Apple Lane,None,None,,VTVSP0100,Not at a Junction,"Road Surface Condition(wet, icy, snow, slush, etc)",1198 Hinesburg Road,Wet,,"44.40036881260763,-73.03587748094657"
4273533,,"July 2, 2021, 7:41 AM",Colchester,PRIM ROAD,PRIM RD,Property Damage Only,Rear End,Rain,,21CC005620,Colchester PD.,,,None/Other,Day,WEST LAKESHORE DRIVE,None,None,,VT0040500,T - Intersection,"Road Surface Condition(wet, icy, snow, slush, etc)",PRIM ROAD,Wet,,"44.551432034974766,-73.23374583446666"
4273846,,"July 2, 2021, 11:01 AM",Essex,126 VT-15,,Injury,Rear End,Rain,,21ES003802,Essex PD.,,,None/Other,Day,Willeys Ct,None,None,,VT0040200,Not at a Junction,None,126 VT-15,Wet,,"44.495997482734495,-73.1244905750219"
4273782,,"July 2, 2021, 11:20 AM",Williston,2719 St George Rd,SAINT GEORGE RD,Property Damage Only,Rear End,Rain,,21WT03269,Williston PD.,,,None/Other,Day,Marshall Ave,Alcohol,None,,VT0041000,Four-way Intersection,None,2719 St George Rd,Wet,,"44.4436210395329,-73.11276444861669"
4274355,,"July 2, 2021, 1:30 PM",Williston,Essex Road,ESSEX RD,Injury,Rear End,Cloudy,,21WT03277,Williston PD.,,,None/Other,Day,@ Hillside Drive,None,None,,VT0041000,Not at a Junction,None,Essex Road,Wet,,"44.46853878228735,-73.11311307073605"
4274404,,"July 2, 2021, 1:49 PM",Winooski City,268 Main St,MAIN ST,Injury,Rear-to-rear,Cloudy,,21WS003287,Winooski PD.,,,None/Other,Day,,None,None,,VT0040400,Not at a Junction,None,268 Main St,Wet,,"44.497595907117365,-73.1847615713101"
4275026,,"July 2, 2021, 3:03 PM",Burlington,North St,NORTH AVE,Injury,Head On,Cloudy,,21BU009918,Burlington PD,,,None/Other,Day,Strong St,None,None,,VT0040100,T - Intersection,None,North St,Wet,,"44.4856193632496,-73.22328047806714"
4274774,,"July 2, 2021, 6:30 PM",South Burlington,Patchen Rd,PATCHEN RD,Property Damage Only,Rear End,Clear,,21SB005817,So. Burlington PD.,,,None/Other,Day,Kirby Rd,None,None,,VT0040300,T - Intersection,None,Patchen Rd,Dry,,"44.47604828866408,-73.17380389126009"
4273544,,"July 2, 2021, 7:04 PM",Winooski City,101 Main St,MAIN ST,Injury,Same Direction Sideswipe,Cloudy,,21WS003294,Winooski PD.,,,None/Other,Night,Maple St,None,None,,VT0040400,Not at a Junction,None,101 Main St,Dry,,"44.49248279307726,-73.18649963974553"
4273515,,"July 4, 2021, 7:42 AM",Winooski City,E Allen St,E ALLEN ST,Property Damage Only,Same Direction Sideswipe,Clear,,21WS003323,Winooski PD.,,,None/Other,Day,Exit 15,None,None,,VT0040400,Not at a Junction,None,E Allen St,Dry,,"44.49328387461023,-73.17286740706243"
4273519,,"July 4, 2021, 1:09 PM",Colchester,178 BEAN ROAD,BEAN RD,Property Damage Only,Single Vehicle Crash,Clear,,21CC005690,Colchester PD.,,,None/Other,Day,,None,None,,VT0040500,Not at a Junction,None,178 BEAN ROAD,Dry,,"44.54010591033635,-73.23869967925874"
4273517,,"July 4, 2021, 3:47 PM",South Burlington,1519 Shelburne Rd,SHELBURNE RD,Property Damage Only,Rear End,Clear,,21SB005891,So. Burlington PD.,,,None/Other,Day,IDX DRIVE,None,None,,VT0040300,Not at a Junction,None,1519 Shelburne Rd,Dry,,"44.43331606077854,-73.21071319307335"
4274182,,"July 4, 2021, 4:53 PM",Williston,St George Rd,SAINT GEORGE RD,Property Damage Only,Rear End,Cloudy,,21WT03314,Williston PD.,,,None/Other,Day,I-89 Southbound Off Ramp,None,None,,VT0041000,Four-way Intersection,None,St George Rd,Dry,,"44.439008496170835,-73.11532898484926"
4274139,,"July 4, 2021, 5:30 PM",Essex,52 Sunderland Way,SUSIE WILSON RD,Injury,Rear End,Cloudy,,21ES003866,Essex PD.,,,None/Other,Day,College Pkwy,None,None,,VT0040200,T - Intersection,None,52 Sunderland Way,Dry,,"44.50430221538915,-73.13783360101479"
4274733,,"July 4, 2021, 6:04 PM",Milton,Park Pl,PARK PL,Property Damage Only,Single Vehicle Crash,Clear,,21MT003089,Milton PD.,,,None/Other,Day,Bombardier Park West,None,None,,VT0040600,Parking Lot,None,Park Pl,Dry,,"44.618205165775436,-73.12510609484421"
4273871,,"July 5, 2021, 2:50 PM",Shelburne,6028 Spear St,SPEAR ST,Property Damage Only,Rear End,Clear,,21SH04696,Shelburne PD.,,,None/Other,Day,Bishop Road,None,None,,VT0040700,T - Intersection,None,6028 Spear St,Dry,,"44.38732679805309,-73.20075633690531"
4274609,,"July 5, 2021, 3:02 PM",South Burlington,155 Dorset St,,Property Damage Only,Other - Explain in Narrative,Clear,,21SB005923,So. Burlington PD.,,,None/Other,Day,Parking Lot,None,None,,VT0040300,Parking Lot,None,155 Dorset St,Dry,,"44.46490348776672,-73.1842121167837"
4273498,,"July 6, 2021, 4:32 PM",Shelburne,6274  RT 116,VT ROUTE 116,Property Damage Only,Single Vehicle Crash,Clear,,21SH04712,Shelburne PD.,,,None/Other,Day,South Brownell Road,None,None,,VT0040700,Not at a Junction,None,6274  RT 116,Dry,,"44.39040597382584,-73.14236871189166"
4273497,,"July 6, 2021, 6:25 PM",South Burlington,575 Dorset St,DORSET ST,Property Damage Only,Rear End,Clear,,21SB005976,So. Burlington PD.,,,None/Other,Day,Interstate 189,None,None,,VT0040300,Not at a Junction,None,575 Dorset St,Dry,,"44.454334076717494,-73.17896611919109"
4273491,,"July 6, 2021, 6:47 PM",Burlington,Shelburne Rd,SHELBURNE ST,Injury,"Left Turn and Thru, Angle Broadside -->v--",Clear,,21BU010242,Burlington PD,,,None/Other,Day,Flynn Ave,None,Bicycle,,VT0040100,Four-way Intersection,None,Shelburne Rd,Dry,,"44.45511974919738,-73.20859962471457"
4273826,,"July 6, 2021, 7:31 PM",Williston,Wellness Drive,WELLNESS DR,Property Damage Only,Single Vehicle Crash,Clear,,21WT03350,Williston PD.,,,None/Other,Night,Marshall Ave,None,None,,VT0041000,Not at a Junction,None,Wellness Drive,Dry,,"44.44524898702948,-73.12602140889459"
4274935,,"July 7, 2021, 12:21 PM",Colchester,70 ROOSEVELT HIGHWAY,ROOSEVELT HWY,Property Damage Only,Same Direction Sideswipe,Rain,,21CC005773,Colchester PD.,,,None/Other,Day,,None,None,,VT0040500,Parking Lot,"Road Surface Condition(wet, icy, snow, slush, etc)",70 ROOSEVELT HIGHWAY,Wet,,"44.5033537677955,-73.18204987547334"
4273488,,"July 7, 2021, 4:29 PM",Williston,2939 St George Rd,SAINT GEORGE RD,Property Damage Only,Same Direction Sideswipe,Cloudy,,21WT03371,Williston PD.,,,None/Other,Day,Sandri's Gas Station,None,None,,VT0041000,Driveway,None,2939 St George Rd,Dry,,"44.44060666380395,-73.11435339048391"
4274188,,"July 8, 2021, 7:00 AM",Essex,198 Colchester Rd,COLCHESTER RD,Property Damage Only,Rear End,Cloudy,,21ES003971,Essex PD.,,,None/Other,Day,,None,None,,VT0040200,Four-way Intersection,None,198 Colchester Rd,Dry,,"44.515518998722314,-73.12259141209587"
4273480,,"July 8, 2021, 7:15 AM",Colchester,304 SEVERANCE ROAD,SEVERANCE RD,Property Damage Only,Single Vehicle Crash,Cloudy,,21CC005801,Colchester PD.,,,None/Other,Day,,None,None,,VT0040500,Not at a Junction,None,304 SEVERANCE ROAD,Dry,,"44.525741595090956,-73.16418341682449"
4273478,,"July 8, 2021, 9:15 AM",Burlington,Pine St,PINE ST,Property Damage Only,"No Turns, Thru moves only, Broadside ^<",Cloudy,,21BU010333,Burlington PD,,,None/Other,Day,Maple St,None,None,,VT0040100,Four-way Intersection,None,Pine St,Dry,,"44.47358761958743,-73.21541981862364"
4273476,,"July 8, 2021, 12:29 PM",Winooski City,86 Lafountain St,LAFOUNTAIN ST,Property Damage Only,Same Direction Sideswipe,Clear,,21WS003389,Winooski PD.,,,None/Other,Day,Franklin St,None,None,,VT0040400,Not at a Junction,None,86 Lafountain St,Dry,,"44.49578975171166,-73.18129530219136"
4273929,,"July 8, 2021, 12:50 PM",Burlington,339 Pine St,PINE ST,Injury,Other - Explain in Narrative,Clear,,21BU010359,Burlington PD,,,None/Other,Day,Pine Pl,None,Bicycle,,VT0040100,Not at a Junction,None,339 Pine St,Dry,,"44.46958517750163,-73.21514235281828"
4274026,,"July 8, 2021, 3:54 PM",Williston,5786 Williston Rd,WILLISTON RD,Property Damage Only,Rear End,Cloudy,,21WT03394,Williston PD.,,,None/Other,Day,Essex Rd,None,None,,VT0041000,Four-way Intersection,Unknown,5786 Williston Rd,Dry,,"44.44972898701011,-73.11137140379999"
4274911,,"July 8, 2021, 4:40 PM",Colchester,Mill Pond Road,MILL POND RD,Property Damage Only,Single Vehicle Crash,Clear,,21CC005812,Colchester PD.,,,None/Other,Day,Donna's Way,Alcohol,None,,VT0040500,Not at a Junction,None,Mill Pond Road,Dry,,"44.525564550714606,-73.15274629845123"
4273474,,"July 9, 2021, 11:18 AM",Westford,WESTFORD-MILTON RD.,WESTFORD MILTON RD,Property Damage Only,Single Vehicle Crash,Cloudy,,21A102539,VSP - A1 Williston,,,None/Other,Day,OLD STAGE RD.,None,None,,VTVSP0100,Not at a Junction,None,WESTFORD-MILTON RD.,Dry,,"44.63073269938156,-73.04222737932048"
4273947,,"July 9, 2021, 2:56 PM",South Burlington,1125 Shelburne Rd,,Property Damage Only,Rear End,Clear,,21SB006079,So. Burlington PD.,,,None/Other,Day,Fayette Drive,None,None,,VT0040300,Parking Lot,None,1125 Shelburne Rd,Dry,,"44.437643647265055,-73.21090382167843"
4274588,,"July 9, 2021, 4:06 PM",Burlington,Maple St,MAPLE ST,Property Damage Only,Rear-to-rear,Cloudy,,21BU010442,Burlington PD,,,None/Other,Day,S Willard St,None,None,,VT0040100,Four-way Intersection,None,Maple St,Dry,,"44.47394735330454,-73.2053173695835"
4275271,,"July 9, 2021, 7:30 PM",South Burlington,238 Sommerfield Ave,,Property Damage Only,Single Vehicle Crash,Clear,,21SB006089,So. Burlington PD.,,,None/Other,Night,Sommerfield Avenue,None,None,,VT0040300,Not at a Junction,None,238 Sommerfield Ave,Dry,,"44.42244416827063,-73.16444433418903"
4274260,,"July 9, 2021, 8:46 PM",Burlington,Riverside Ave,RIVERSIDE AVE,Injury,"Left and Right Turns, Simultaneous Turn Crash --vv--",Clear,,21BU010463,Burlington PD,,,None/Other,Night,Hyde St,None,None,,VT0040100,Y - Intersection,None,Riverside Ave,Dry,,"44.4894777678698,-73.20913987192002"
4274319,,"July 10, 2021, 2:47 PM",Winooski City,265E Allen St,E ALLEN ST,Injury,Other - Explain in Narrative,Clear,,21WS003435,Winooski PD.,,,None/Other,Day,Manseau St,None,None,,VT0040400,Driveway,None,265E Allen St,Dry,,"44.4930164634889,-73.17700080782696"
4273936,,"July 10, 2021, 3:57 PM",Shelburne,4966 Shelburne Road,SHELBURNE RD,Injury,Single Vehicle Crash,Clear,,21SH04836,Shelburne PD.,,,None/Other,Day,Lower Webster Road,None,None,,VT0040700,Not at a Junction,None,4966 Shelburne Road,Dry,,"44.385207657536924,-73.22593099409508"
4273895,,"July 10, 2021, 7:17 PM",Colchester,398 Red Oak Drive,RED OAK DR,Property Damage Only,"Left Turn and Thru, Angle Broadside -->v--",Clear,,21CC005886,Colchester PD.,,,None/Other,Night,River Road,Alcohol,None,,VT0040500,Not at a Junction,None,398 Red Oak Drive,Dry,,"44.54079985182435,-73.27122331689668"
4275051,,"July 11, 2021, 8:50 AM",Williston,,,Property Damage Only,Single Vehicle Crash,Clear,,21A102564,VSP - A1 Williston,,,Deer,Day,Exit 11,None,None,,VTVSP0100,Not at a Junction,None,,Dry,,
4273885,,"July 11, 2021, 10:57 AM",Colchester,46 High Point Center,,Property Damage Only,Rear-to-rear,Clear,,21CC005903,Colchester PD.,,,None/Other,Day,Athen's Diner Parking Lot,None,None,,VT0040500,Parking Lot,None,46 High Point Center,Dry,,"44.503683042090735,-73.1826698980319"
4273492,,"July 11, 2021, 9:41 PM",Essex,Susie Wilson Bypass,SUSIE WILSON BYP,Injury,Single Vehicle Crash,Clear,,21ES004089,Essex PD.,,,None/Other,Night,2A,Alcohol,None,,VT0040200,Not at a Junction,None,Susie Wilson Bypass,Dry,,"44.51491899839099,-73.12932141527064"
4275143,,"July 12, 2021, 3:30 PM",Essex,90 VT-15,,Property Damage Only,"No Turns, Thru moves only, Broadside ^<",Clear,,21ES004102,Essex PD.,,,None/Other,Day,Sunset Rd,None,None,,VT0040200,Parking Lot,Unknown,90 VT-15,Dry,,"44.5110290005026,-73.06545139397304"
4273453,,"July 12, 2021, 4:00 PM",Richmond,I-89 SB Mm78,INTERSTATE 89,Injury,Single Vehicle Crash,Clear,,21A102582,VSP - A1 Williston,,,None/Other,Day,Exit 11,None,None,,VTVSP0100,Not at a Junction,None,I-89 SB Mm78,Dry,,"44.42135898676413,-73.00243136585352"
4275133,,"July 12, 2021, 8:58 PM",Essex,Fort Parkway,FORT PKWY,Injury,Single Vehicle Crash,Clear,,21ES004106,Essex PD.,,,None/Other,Night,Ethan Allen Ave,None,None,,VT0040200,Not at a Junction,None,Fort Parkway,Dry,,"44.50395402589289,-73.1437527361854"
4275159,,"July 13, 2021, 2:41 PM",South Burlington,Williston Rd,WILLISTON RD,Property Damage Only,Rear End,Clear,,21SB006217,So. Burlington PD.,,,None/Other,Day,Midas Dr,None,None,,VT0040300,Four-way Intersection,None,Williston Rd,Dry,,"44.467428554543524,-73.17364700545947"
4273439,,"July 13, 2021, 5:29 PM",Colchester,I89N Exit 17 Off Ramp,I-89 EXIT 17 RAMP D,Injury,Rear End,Clear,,21A102601,VSP - A1 Williston,,,None/Other,Day,Roosevelt Highway VT Route 2,None,None,,VTVSP0100,Off Ramp,None,I89N Exit 17 Off Ramp,Dry,,"44.58984900965663,-73.16902143218212"
4273428,,"July 14, 2021, 11:56 AM",Colchester,WEST LAKESHORE DRIVE,W LAKESHORE DR,Property Damage Only,Rear End,Clear,,21CC005987,Colchester PD.,,,None/Other,Day,BAY HARBOR MARINA,None,None,,VT0040500,Not at a Junction,None,WEST LAKESHORE DRIVE,Dry,,"44.546782476873716,-73.22053667816535"
4273431,,"July 14, 2021, 1:05 PM",Essex,9 Main St,MAIN ST,Injury,Rear End,Clear,,21ES004147,Essex PD.,,,None/Other,Day,Railroad Ave,None,None,,VT0040200,Not at a Junction,None,9 Main St,Dry,,"44.49115313763804,-73.10999310093771"
4273433,,"July 14, 2021, 5:19 PM",South Burlington,275 Kennedy Dr,,Property Damage Only,Same Direction Sideswipe,Clear,,21SB006254,So. Burlington PD.,,,None/Other,Day,Kennedy Drive/Williston Road,None,None,,VT0040300,Not at a Junction,None,275 Kennedy Dr,Dry,,"44.462955365617766,-73.15433532472454"
4273430,,"July 14, 2021, 6:36 PM",Winooski City,293 Main St,MAIN ST,Property Damage Only,"No Turns, Thru moves only, Broadside ^<",Clear,,21WS003510,Winooski PD.,,,None/Other,Day,Burling St,None,None,,VT0040400,Not at a Junction,None,293 Main St,Dry,,"44.497867227787815,-73.18453841638535"
4273423,,"July 15, 2021, 12:27 PM",Williston,Saint George Road,SAINT GEORGE RD,Property Damage Only,Rear End,Clear,,21WT03548,Williston PD.,,,None/Other,Day,Williston Road,None,None,,VT0041000,Four-way Intersection,None,Saint George Road,Dry,,"44.44936383991544,-73.11087714665211"
4274073,,"July 15, 2021, 1:32 PM",Winooski City,Malletts Bay Ave,MALLETTS BAY AVE,Property Damage Only,"No Turns, Thru moves only, Broadside ^<",Clear,,21WS003525,Winooski PD.,,,None/Other,Day,Elm St,Alcohol,None,,VT0040400,T - Intersection,None,Malletts Bay Ave,Dry,,"44.496245830327865,-73.19373587144524"
4274101,,"July 15, 2021, 3:29 PM",South Burlington,1795 Williston Rd,WILLISTON RD,Injury,Rear End,Clear,,21SB006282,So. Burlington PD.,,,None/Other,Day,Kennedy Drive/ Williston Road,None,None,,VT0040300,Not at a Junction,None,1795 Williston Rd,Dry,,"44.46307898748495,-73.15461141995688"