ObjectID,Mapped,Crash Date,City/Town,Address,AOT Route,Crash Type,Collision Direction,Weather,Road Group,Report Number,Reporting Agency,Road Group ID,AOT Actual Milepoint,Animal,Time of Day,Intersection With,Impairment,Involving,Non Reportable Address,Reporting Agency ID,Road Characteristics,Road Condition,Street Address,Surface Condition,AOT Route ID,Coordinates
4273420,,"July 15, 2021, 5:03 PM",Colchester,903 BLAKELY ROAD,BLAKELY RD,Property Damage Only,Single Vehicle Crash,Clear,,21CC006040,Colchester PD.,,,None/Other,Day,THOMAS DRIVE,None,None,,VT0040500,Not at a Junction,None,903 BLAKELY ROAD,Dry,,"44.534756826456864,-73.20507625292709"
4273432,,"July 15, 2021, 5:23 PM",Colchester,713 WEST LAKESHORE DRIVE,,Property Damage Only,Rear-to-rear,Clear,,21CC006041,Colchester PD.,,,None/Other,Day,CALM COVE CIRCLE,None,None,,VT0040500,Parking Lot,None,713 WEST LAKESHORE DRIVE,Dry,,"44.55007260676099,-73.22820387274113"
4273419,,"July 15, 2021, 9:45 PM",Burlington,North St,NORTH ST,Property Damage Only,"No Turns, Thru moves only, Broadside ^<",Clear,,21BU010880,Burlington PD,,,None/Other,Night,Elmwood Ave,None,None,,VT0040100,Five-point or more,None,North St,Dry,,"44.48475228360378,-73.21387314176539"
4273415,,"July 16, 2021, 12:54 AM",Burlington,151 St Paul St,SAINT PAUL ST,Property Damage Only,Single Vehicle Crash,Clear,,21BU010891,Burlington PD,,,None/Other,Night,Main St,None,None,,VT0040100,Four-way Intersection,None,151 St Paul St,Dry,,"44.475880653181214,-73.21400048000929"
4273410,,"July 16, 2021, 11:30 AM",Williston,5048 St George Rd,,Injury,Same Direction Sideswipe,Clear,,21WT03576,Williston PD.,,,None/Other,Day,Laclair Ln,None,None,,VT0041000,Driveway,None,5048 St George Rd,Dry,,"44.41112069863798,-73.12494264223571"
4275394,,"July 16, 2021, 1:49 PM",Burlington,S Union St,S UNION ST,Injury,Other - Explain in Narrative,Clear,,21BU010921,Burlington PD,,,None/Other,Day,King St,None,None,,VT0040100,Not at a Junction,None,S Union St,Dry,,"44.47487222059192,-73.20888342314947"
4273413,,"July 16, 2021, 2:10 PM",Burlington,North St,NORTH ST,Property Damage Only,Rear End,Clear,,21BU010924,Burlington PD,,,None/Other,Day,Elmwood Ave,None,None,,VT0040100,Four-way Intersection,None,North St,Dry,,"44.48475228360378,-73.21387314176539"
4273412,,"July 16, 2021, 2:49 PM",Burlington,College St,COLLEGE ST,Injury,"Right Turn and Thru, Broadside ^<--",Clear,,21BU010927,Burlington PD,,,None/Other,Day,S Winooski Ave,None,Bicycle,,VT0040100,Four-way Intersection,None,College St,Dry,,"44.477157645393206,-73.21104675613371"
4273407,,"July 16, 2021, 7:01 PM",Winooski City,Main St,MAIN ST,Property Damage Only,Single Vehicle Crash,Clear,,21WS003559,Winooski PD.,,,None/Other,Night,Stevens St,Alcohol,None,,VT0040400,T - Intersection,None,Main St,Dry,,"44.49665709093898,-73.18524095623059"
4274859,,"July 16, 2021, 11:04 PM",Williston,Williston Road,WILLISTON RD,Injury,Rear End,Clear,,21WT03584,Williston PD.,,,None/Other,Night,Holland Ln,None,None,,VT0041000,Four-way Intersection,None,Williston Road,Dry,,"44.448424358755425,-73.10816624324478"
4273416,,"July 16, 2021, 11:44 PM",Colchester,Macrae Road,MACRAE RD,Injury,Single Vehicle Crash,Clear,,21CC006090,Colchester PD.,,,None/Other,Night,Parsons Road,None,None,,VT0040500,Four-way Intersection,None,Macrae Road,Dry,,"44.53197424367733,-73.24228318374718"
4274055,,"July 17, 2021, 3:39 AM",Charlotte,6541 ETHAN ALLEN HIGHWAY,,Fatal,Single Vehicle Crash,Cloudy,,21A102669,VSP - A1 Williston,,,None/Other,Night,CLAFLIN FARM ROAD,Alcohol,None,,VTVSP0100,Not at a Junction,None,6541 ETHAN ALLEN HIGHWAY,Dry,,"44.271298951297744,-73.23339143074456"
4274477,,"July 17, 2021, 5:45 PM",South Burlington,Dorset Street,DORSET ST,Property Damage Only,Same Direction Sideswipe,Cloudy,,21UV003822,UVM Police,,,None/Other,Day,Market Street,None,None,,VT0041100,Four-way Intersection,None,Dorset Street,Dry,,"44.46550822538282,-73.18101838228766"
4273844,,"July 17, 2021, 8:57 PM",Burlington,242 N Winooski Ave,,Property Damage Only,Rear-to-rear,Rain,,21BU011008,Burlington PD,,,None/Other,Night,242 N Winooski Ave,None,None,,VT0040100,Off Ramp,Unknown,242 N Winooski Ave,Wet,,"44.48642912435985,-73.20909428470941"
4273392,,"July 18, 2021, 2:19 AM",Burlington,S Winooski Ave,S WINOOSKI AVE,Property Damage Only,Other - Explain in Narrative,Rain,,21BU011030,Burlington PD,,,None/Other,Night,Main St,Alcohol,None,,VT0040100,Not at a Junction,Unknown,S Winooski Ave,Wet,,"44.47600416892318,-73.21099882876064"
4275055,,"July 18, 2021, 4:10 PM",South Burlington,1220 Williston Rd,,Property Damage Only,"Left Turn and Thru, Broadside v<--",Clear,,21SB006374,So. Burlington PD.,,,None/Other,Day,Dunkin' Donuts Entrance,None,None,,VT0040300,Other - Explain in Narrative,None,1220 Williston Rd,Dry,,"44.4680761315581,-73.17517231762444"
4273761,,"July 19, 2021, 4:25 PM",Williston,St George Road,SAINT GEORGE RD,Property Damage Only,Rear End,Clear,,21WT03625,Williston PD.,,,None/Other,Day,Marshall Ave,None,None,,VT0041000,Four-way Intersection,None,St George Road,Dry,,"44.44401868054221,-73.11245454637246"
4273490,,"July 19, 2021, 4:43 PM",Essex,213 Pearl St,PEARL ST,Injury,Rear End,Clear,,21ES004275,Essex PD.,,,None/Other,Day,Susie Wilson Road,None,None,,VT0040200,Not at a Junction,None,213 Pearl St,Dry,,"44.50160792998021,-73.13360426594926"
4273387,,"July 19, 2021, 5:05 PM",Williston,7928 Williston Rd,WILLISTON RD,Property Damage Only,Rear End,Clear,,21WT03626,Williston PD.,,,None/Other,Day,Slate Bar Road,None,None,,VT0041000,Not at a Junction,None,7928 Williston Rd,Dry,,"44.43824484077164,-73.07178410724423"
4273384,,"July 20, 2021, 7:42 AM",Burlington,Colchester Ave,COLCHESTER AVE,Injury,"Right Turn and Thru, Broadside ^<--",Cloudy,,21BU011127,Burlington PD,,,None/Other,Day,Mansfield Ave,None,Bicycle,,VT0040100,Other - Explain in Narrative,None,Colchester Ave,Dry,,"44.48063431053298,-73.1986907872903"
4274511,,"July 20, 2021, 4:45 PM",Winooski City,E Allen St,E ALLEN ST,Property Damage Only,Other - Explain in Narrative,Clear,,21WS003614,Winooski PD.,,,None/Other,Day,Dion St,None,None,,VT0040400,Not at a Junction,None,E Allen St,Dry,,"44.49313479452894,-73.17525454378767"
4273379,,"July 20, 2021, 8:46 PM",Colchester,MALLETTS BAY AVE,MALLETTS BAY AVE,Property Damage Only,Head On,Rain,,21CC006194,Colchester PD.,,,None/Other,Night,LAVIGNE ROAD,None,None,,VT0040500,Not at a Junction,Debris,MALLETTS BAY AVE,Wet,,"44.52437409904883,-73.20466166731737"
4273374,,"July 21, 2021, 12:52 AM",Burlington,212 Elmwood Ave,ELMWOOD AVE,Property Damage Only,Other - Explain in Narrative,Clear,,21BU011184,Burlington PD,,,None/Other,Night,Cedar St,None,None,,VT0040100,Not at a Junction,None,212 Elmwood Ave,Dry,,"44.48587359740496,-73.2139576279387"
4273404,,"July 21, 2021, 2:47 AM",Winooski City,277 E Allen St,E ALLEN ST,Property Damage Only,Rear End,Clear,,21WS003623,Winooski PD.,,,None/Other,Night,Dion St,None,None,,VT0040400,Not at a Junction,None,277 E Allen St,Dry,,"44.49318774672918,-73.17543117560025"
4273370,,"July 21, 2021, 7:59 AM",Burlington,Pearl St,PEARL ST,Property Damage Only,Rear End,Cloudy,,21BU011195,Burlington PD,,,None/Other,Day,S Union St,None,None,,VT0040100,Four-way Intersection,None,Pearl St,Dry,,"44.480551520571936,-73.20931108982809"
4273373,,"July 21, 2021, 4:26 PM",Colchester,COLLEGE PARKWAY,COLLEGE PKWY,Property Damage Only,Rear End,Clear,,21CC006212,Colchester PD.,,,None/Other,Day,JOHNSON AVENUE,None,None,,VT0040500,Four-way Intersection,None,COLLEGE PARKWAY,Dry,,"44.497216454900155,-73.1590060344728"
4273364,,"July 22, 2021, 11:59 AM",South Burlington,Dorset Street at Peoples United Bank,DORSET ST,Property Damage Only,Rear End,Clear,,21SB006510,So. Burlington PD.,,,None/Other,Day,Dorset St,None,None,,VT0040300,Not at a Junction,None,Dorset Street at Peoples United Bank,Dry,,"44.46735898804426,-73.18134142853096"
4273700,,"July 22, 2021, 12:02 PM",Colchester,ROOSEVELT HIGHWAY,ROOSEVELT HWY,Property Damage Only,Rear End,Clear,,21CC006247,Colchester PD.,,,None/Other,Day,BAY ROAD,None,None,,VT0040500,Four-way Intersection,None,ROOSEVELT HIGHWAY,Dry,,"44.54826296823456,-73.16487995519616"
4273368,,"July 22, 2021, 6:17 PM",Williston,800 Marshall Ave Suite10,MARSHALL AVE,Property Damage Only,Rear End,Clear,,21WT03695,Williston PD.,,,None/Other,Day,S Brownell Rd,None,None,,VT0041000,Four-way Intersection,None,800 Marshall Ave Suite10,Dry,,"44.44555052479134,-73.12866386021535"
4273356,,"July 23, 2021, 3:09 AM",Burlington,St Paul St,SAINT PAUL ST,Property Damage Only,Rear End,Clear,,21BU011339,Burlington PD,,,None/Other,Night,Main St,None,None,,VT0040100,Four-way Intersection,None,St Paul St,Dry,,"44.475880653181214,-73.21400048000929"
4275302,,"July 23, 2021, 8:46 AM",Burlington,Main St,MAIN ST,Property Damage Only,"Right Turn and Thru, Broadside ^<--",Clear,,21BU011352,Burlington PD,,,None/Other,Day,Battery St,None,Heavy Truck,,VT0040100,Four-way Intersection,Obstruction in roadway,Main St,Dry,,"44.475723153617125,-73.21868760550272"
4273727,,"July 23, 2021, 4:25 PM",Shelburne,4772 Shelburne Rd,SHELBURNE RD,Property Damage Only,Rear End,Clear,,21SH05162,Shelburne PD.,,,None/Other,Day,Webster Rd,None,None,,VT0040700,Not at a Junction,None,4772 Shelburne Rd,Dry,,"44.38700897265227,-73.2250814376068"
4273349,,"July 24, 2021, 8:21 AM",South Burlington,351 Farrell St,FARRELL ST,Property Damage Only,Single Vehicle Crash,Clear,,21SB006583,So. Burlington PD.,,,None/Other,Day,,None,None,,VT0040300,Not at a Junction,None,351 Farrell St,Dry,,"44.450363101056645,-73.20604517832227"
4274596,,"July 24, 2021, 10:15 PM",Shelburne,Bostwick Rd,,Property Damage Only,"No Turns, Thru moves only, Broadside ^<",Cloudy,,21SH05198,Shelburne PD.,,,None/Other,Night,Route 7 North,None,None,,VT0040700,Four-way Intersection,None,Bostwick Rd,Dry,,"44.36900012211199,-73.2314518855411"
4274554,,"July 24, 2021, 11:09 PM",Essex,2 Brickyard Rd,BRICKYARD RD,Property Damage Only,Other - Explain in Narrative,Clear,,21ES004383,Essex PD.,,,None/Other,Night,Main Street,None,None,,VT0040200,Four-way Intersection,None,2 Brickyard Rd,Dry,,"44.49572899545646,-73.1025314045507"
4273730,,"July 25, 2021, 12:38 PM",South Burlington,1208 Wiliston Rd,,Property Damage Only,"Left Turn and Thru, Angle Broadside -->v--",Cloudy,,21SB006609,So. Burlington PD.,,,None/Other,Day,Dunkin Donuts,None,None,,VT0040300,Crossover,None,1208 Wiliston Rd,Dry,,"44.467916760466736,-73.17551669493116"
4273339,,"July 26, 2021, 4:29 PM",Williston,100 Maple Tree Place,,Property Damage Only,Opp Direction Sideswipe,Clear,,21WT03755,Williston PD.,,,None/Other,Day,Old Navy Parking Lot,None,None,,VT0041000,Parking Lot,None,100 Maple Tree Place,Dry,,"44.44334484347319,-73.11056317324774"
4273329,,"July 27, 2021, 1:53 PM",Richmond,488 Sadlar Rd.,,Property Damage Only,Rear-to-rear,Rain,,21RM00284,Richmond PD.,,,None/Other,Day,Jericho Rd.,None,None,,VT0040800,Driveway,Unknown,488 Sadlar Rd.,Wet,,
4273326,,"July 28, 2021, 11:54 AM",Burlington,Cherry St,CHERRY ST,Injury,Single Vehicle Crash,Clear,,21BU011706,Burlington PD,,,None/Other,Day,Battery St,None,None,,VT0040100,Not at a Junction,None,Cherry St,Dry,,"44.47912349899179,-73.21893451305309"
4273321,,"July 28, 2021, 12:34 PM",Shelburne,Shelburne Road,SHELBURNE RD,Property Damage Only,Rear End,Clear,,21SH05289,Shelburne PD.,,,None/Other,Day,Executive Drive,None,None,,VT0040700,Not at a Junction,None,Shelburne Road,Dry,,"44.40599897564791,-73.21668143574011"
4273323,,"July 28, 2021, 2:07 PM",South Burlington,155 Dorset St,,Property Damage Only,Same Direction Sideswipe,Rain,,21SB006666,So. Burlington PD.,,,None/Other,Day,Dorset St,None,None,,VT0040300,Four-way Intersection,None,155 Dorset St,Wet,,"44.46490348776672,-73.1842121167837"
4274830,,"July 28, 2021, 5:19 PM",Burlington,500 Pine st,,Property Damage Only,Rear End,Clear,,21BU011737,Burlington PD,,,None/Other,Day,500 Pine St,None,None,,VT0040100,Not at a Junction,None,500 Pine st,Dry,,"44.46339309253789,-73.21433684295283"
4275086,,"July 28, 2021, 9:43 PM",Winooski City,1 East St,,Injury,"Left Turn and Thru, Angle Broadside -->v--",Clear,,21WS003722,Winooski PD.,,,None/Other,Night,E Allen St,None,None,,VT0040400,Not at a Junction,None,1 East St,Dry,,"44.49270443371988,-73.18104564174334"
4275201,,"July 29, 2021, 8:51 AM",South Burlington,Williston Road at Doubletree Hotel,WILLISTON RD,Property Damage Only,Rear End,Clear,,21SB006715,So. Burlington PD.,,,None/Other,Day,Delta Hotel,None,None,,VT0040300,Four-way Intersection,None,Williston Road at Doubletree Hotel,Dry,,"44.46848380836356,-73.17853946083176"
4273466,,"July 29, 2021, 2:07 PM",Winooski City,,INTERSTATE 89,Injury,Other - Explain in Narrative,Rain,,21A102806,VSP - A1 Williston,,,None/Other,Day,Winooski River Bridge / Mile Marker 90,None,None,,VTVSP0100,Not at a Junction,None,,Wet,,"44.47478899000624,-73.18072142825511"
4274635,,"July 29, 2021, 3:31 PM",South Burlington,,INTERSTATE 89,Injury,Same Direction Sideswipe,Cloudy,,21A102808,VSP - A1 Williston,,,None/Other,Day,Exit 14w N On Ramp,None,Heavy Truck,,VTVSP0100,On Ramp,None,,Wet,,"44.47274898823988,-73.18215142753593"
4274656,,"July 29, 2021, 9:39 PM",South Burlington,730 Shelburne Rd,SHELBURNE ST,Property Damage Only,Same Direction Sideswipe,Clear,,21SB006741,So. Burlington PD.,,,None/Other,Night,Interstate 189,None,None,,VT0040300,T - Intersection,None,730 Shelburne Rd,Dry,,"44.448291519546004,-73.20922385611868"
4273319,,"July 30, 2021, 12:31 PM",Williston,Williston Road,WILLISTON RD,Property Damage Only,Rear End,Cloudy,,21WT03830,Williston PD.,,,None/Other,Day,St. George Road,None,None,,VT0041000,Four-way Intersection,None,Williston Road,Dry,,"44.449455375043996,-73.11058913962745"
4275365,,"July 30, 2021, 12:39 PM",Williston,18 Taft Corner Shopping Center,TAFT CORNERS SHOPPING CTR,Property Damage Only,Rear-to-rear,Cloudy,,21WT03831,Williston PD.,,,None/Other,Day,Parking Lot,None,None,,VT0041000,Parking Lot,None,18 Taft Corner Shopping Center,Dry,,"44.45045681607844,-73.1101221512911"
4274927,,"July 30, 2021, 1:34 PM",Colchester,ROOSEVELT HIGHWAY,ROOSEVELT HWY,Property Damage Only,Rear End,Clear,,21CC006499,Colchester PD.,,,None/Other,Day,HERCULES DRIVE,None,None,,VT0040500,Four-way Intersection,None,ROOSEVELT HIGHWAY,Dry,,"44.5111191147231,-73.17922262837381"
4274654,,"July 30, 2021, 2:20 PM",Colchester,COLLEGE PARKWAY,COLLEGE PKWY,Property Damage Only,Rear End,Clear,,21CC006501,Colchester PD.,,,None/Other,Day,SIMONS,None,None,,VT0040500,T - Intersection,None,COLLEGE PARKWAY,Dry,,"44.49329273073024,-73.17113400187415"
4273312,,"July 30, 2021, 2:59 PM",Williston,Saint George Road,SAINT GEORGE RD,Property Damage Only,Same Direction Sideswipe,Clear,,21WT03837,Williston PD.,,,None/Other,Day,Williston Road,None,None,,VT0041000,Four-way Intersection,None,Saint George Road,Dry,,"44.44937257014597,-73.11092749169197"
4275160,,"July 30, 2021, 3:40 PM",Colchester,BLAKELY ROAD,BLAKELY RD,Property Damage Only,Rear End,Cloudy,,21CC006505,Colchester PD.,,,None/Other,Day,EAST LAKESHORE DRIVE,None,None,,VT0040500,Four-way Intersection,None,BLAKELY ROAD,Dry,,"44.54447383773674,-73.21557529235308"
4273808,,"July 30, 2021, 5:17 PM",Williston,Williston Road,WILLISTON RD,Property Damage Only,"Left Turn and Thru, Angle Broadside -->v--",Clear,,21WT03842,Williston PD.,,,None/Other,Day,2200 Essex Road Parking Lot,None,None,,VT0041000,Not at a Junction,None,Williston Road,Dry,,"44.44996247024909,-73.11168745930033"
4273308,,"July 30, 2021, 7:46 PM",Burlington,1548 North Ave,NORTH AVE,Property Damage Only,"Right Turn and Thru, Broadside ^<--",Clear,,21BU011885,Burlington PD,,,None/Other,Night,Red Maple Ln,None,None,,VT0040100,Not at a Junction,None,1548 North Ave,Dry,,"44.51556997825246,-73.25653002335518"
4273902,,"July 31, 2021, 3:00 PM",Williston,863 Harvest Lane,,Property Damage Only,Rear-to-rear,Clear,,21WT03866,Williston PD.,,,None/Other,Day,,None,None,,VT0041000,Parking Lot,None,863 Harvest Lane,Dry,,"44.44184892945251,-73.1209488434209"
4273465,,"August 1, 2021, 11:13 AM",Richmond,1324 W Main St,RIVER RD,Property Damage Only,Rear End,Cloudy,,21RM00294,Richmond PD.,,,None/Other,Day,Governor Peck HWY,None,None,,VT0040800,Not at a Junction,Unknown,1324 W Main St,Wet,,"44.42451898619473,-73.01219136882156"
4274283,,"August 2, 2021, 4:39 AM",Hinesburg,2493 Silver Street,SILVER ST,Property Damage Only,Single Vehicle Crash,Clear,,21HB00872,Hinesburg PD.,,,None/Other,Night,Isham Road,None,None,,VT0041200,Not at a Junction,,2493 Silver Street,,,"44.291420439219515,-73.10747087776925"
4273636,,"August 2, 2021, 7:50 AM",Essex,190 Colchester Rd,COLCHESTER RD,Property Damage Only,"Left Turn and Thru, Angle Broadside -->v--",Clear,,21ES004590,Essex PD.,,,None/Other,Day,Susie Wilson Bypass,None,None,,VT0040200,Four-way Intersection,None,190 Colchester Rd,Wet,,"44.515358999282334,-73.12251141236307"
4273452,,"August 2, 2021, 1:07 PM",Williston,956 Industrial Ave,INDUSTRIAL AVE,Property Damage Only,Rear End,Clear,,21WT03891,Williston PD.,,,None/Other,Day,Gail Terrace,None,None,,VT0041000,Not at a Junction,None,956 Industrial Ave,Dry,,"44.464807738440186,-73.11576331506284"
4273421,,"August 2, 2021, 1:32 PM",Colchester,ROOSEVELT HIGHWAY,ROOSEVELT HWY,Property Damage Only,Rear End,Clear,,21CC006594,Colchester PD.,,,None/Other,Day,I89,None,None,,VT0040500,Four-way Intersection,None,ROOSEVELT HIGHWAY,Dry,,"44.60079759256017,-73.2029915219822"
4274100,,"August 2, 2021, 3:09 PM",South Burlington,Williston Rd,WILLISTON RD,Property Damage Only,Rear End,Clear,,21SB006868,So. Burlington PD.,,,None/Other,Day,Dorset St./ Williston Road,None,None,,VT0040300,Not at a Junction,None,Williston Rd,Dry,,"44.46916606223776,-73.18119194458374"
4273301,,"August 2, 2021, 3:31 PM",Colchester,SOUTH PARK DRIVE,S PARK DR,Property Damage Only,Rear End,Clear,,21CC006598,Colchester PD.,,,None/Other,Day,ROOSEVELT HIGHWAY,None,None,,VT0040500,Four-way Intersection,None,SOUTH PARK DRIVE,Dry,,"44.50384982780717,-73.18186703158882"
4273824,,"August 2, 2021, 5:48 PM",Milton,Us Route 7 S,US ROUTE 7,Property Damage Only,Rear End,Clear,,21MT003613,Milton PD.,,,None/Other,Day,Kapica Lane,None,None,,VT0040600,T - Intersection,None,Us Route 7 S,Dry,,"44.6249790174538,-73.13574142401977"
4273734,,"August 2, 2021, 8:45 PM",South Burlington,Williston Road,WILLISTON RD,Property Damage Only,Rear End,Clear,,21WT03903,Williston PD.,,,None/Other,Night,Williston Town Line,None,None,,VT0041000,Not at a Junction,None,Williston Road,Dry,,"44.471784748197216,-73.18858009519133"
4273294,,"August 3, 2021, 7:36 AM",Burlington,Main St,MAIN ST,Property Damage Only,Same Direction Sideswipe,Clear,,21BU012135,Burlington PD,,,None/Other,Day,Summit St,None,None,,VT0040100,Not at a Junction,None,Main St,Dry,,"44.47629496414677,-73.20240447675498"
4273662,,"August 3, 2021, 8:42 AM",Essex,Pearl Street at Susie Wilson Road,FORT PKWY,Injury,Same Direction Sideswipe,Clear,,21ES004607,Essex PD.,,,None/Other,Day,Susie Wilson Rd,None,Heavy Truck,,VT0040200,Not at a Junction,None,Pearl Street at Susie Wilson Road,Dry,,"44.504128996084596,-73.13958141682149"
4273297,,"August 3, 2021, 1:53 PM",Colchester,College Parkway,COLLEGE PKWY,Property Damage Only,Same Direction Sideswipe,Clear,,21CC006630,Colchester PD.,,,None/Other,Day,Campus Road,None,None,,VT0040500,Not at a Junction,Work zone (construction / maintenance / utility),College Parkway,Dry,,"44.495077680612155,-73.16158462228849"
4273706,,"August 3, 2021, 4:23 PM",South Burlington,Williston Rd,WILLISTON RD,Property Damage Only,Rear End,Clear,,21SB006916,So. Burlington PD.,,,None/Other,Day,Aviation Ave,None,None,,VT0040300,Not at a Junction,None,Williston Rd,Dry,,"44.46072902990591,-73.14946123990092"
4273287,,"August 4, 2021, 1:44 PM",Colchester,51 COLLEGE PARKWAY,COLLEGE PKWY,Injury,Rear End,Clear,,21CC006662,Colchester PD.,,,None/Other,Day,,None,None,,VT0040500,Not at a Junction,None,51 COLLEGE PARKWAY,Dry,,"44.49323906137376,-73.16977395282451"
4273311,,"August 4, 2021, 1:56 PM",Colchester,I-89 NB MM 97,INTERSTATE 89,Property Damage Only,Rear End,Clear,,21A102885,VSP - A1 Williston,,,None/Other,Day,EXIT 17,None,Heavy Truck,,VTVSP0100,,,I-89 NB MM 97,Dry,,"44.57224900642213,-73.17766143485613"
4275117,,"August 4, 2021, 2:45 PM",South Burlington,75 Ethan Allen Dr,ETHAN ALLEN DR,Property Damage Only,Other - Explain in Narrative,Clear,,21SB006955,So. Burlington PD.,,,None/Other,Day,Lime Rock Rd,None,Heavy Truck,,VT0040300,Not at a Junction,None,75 Ethan Allen Dr,Dry,,"44.48348960150084,-73.15971212151346"
4273290,,"August 4, 2021, 4:03 PM",Williston,2854 St George Rd,SAINT GEORGE RD,Property Damage Only,"No Turns, Thru moves only, Broadside ^<",Clear,,21WT03941,Williston PD.,,,None/Other,Day,I- 89,None,None,,VT0041000,On Ramp,None,2854 St George Rd,Dry,,"44.440408985582074,-73.1145914042361"
4274399,,"August 5, 2021, 5:01 AM",South Burlington,Williston Road,WHITE ST,Injury,Single Vehicle Crash,Clear,,21SB006971,So. Burlington PD.,,,None/Other,Night,White Street,None,Pedestrian,,VT0040300,Y - Intersection,None,Williston Road,Dry,,"44.467578988298676,-73.17382142572717"
4273537,,"August 5, 2021, 11:27 AM",Essex,14 Camp St,CAMP ST,Property Damage Only,Head On,Clear,,21ES004633,Essex PD.,,,None/Other,Day,,None,None,,VT0040200,Y - Intersection,None,14 Camp St,Dry,,"44.48682899443567,-73.10556140501842"
4273284,,"August 5, 2021, 2:12 PM",Essex,70 Pearl St,PEARL ST,Property Damage Only,Rear End,Clear,,21ES004665,Essex PD.,,,None/Other,Day,Roscoe Ct,None,None,,VT0040200,Four-way Intersection,None,70 Pearl St,Dry,,"44.493798995263234,-73.1186814105808"
4273427,,"August 6, 2021, 11:48 AM",South Burlington,74 Spear St,SPEAR ST,Property Damage Only,Single Vehicle Crash,Clear,,21A102983,VSP - A1 Williston,,,None/Other,Day,East Terrace,None,None,,VTVSP0100,Y - Intersection,None,74 Spear St,Dry,,"44.47190898885494,-73.19236143149304"
4273279,,"August 6, 2021, 4:03 PM",South Burlington,Kennedy Dr,KENNEDY DR,Property Damage Only,Rear End,Clear,,21SB007019,So. Burlington PD.,,,None/Other,Day,Timber Ln,None,None,,VT0040300,Four-way Intersection,None,Kennedy Dr,Dry,,"44.45403813562604,-73.16737462947324"
4274933,,"August 6, 2021, 4:25 PM",South Burlington,3062 Williston Rd,WILLISTON RD,Property Damage Only,Rear End,Clear,,21SB007022,So. Burlington PD.,,,None/Other,Day,Shunpike Rd.,None,None,,VT0040300,Not at a Junction,None,3062 Williston Rd,Dry,,"44.45840816056994,-73.14208348877321"
4273277,,"August 6, 2021, 4:48 PM",South Burlington,102 Dorset St,DORSET ST,Property Damage Only,Rear End,Clear,,21SB007023,So. Burlington PD.,,,None/Other,Day,Williston Rd.,None,None,,VT0040300,Not at a Junction,Other - Explain in Narrative,102 Dorset St,Dry,,"44.46797158838609,-73.18143661797991"
4273726,,"August 7, 2021, 5:58 PM",South Burlington,793 Shelburne Rd,SHELBURNE RD,Property Damage Only,"Right Turn and Thru, Same Direction Sideswipe/Angle Crash ^^--",Rain,,21SB007061,So. Burlington PD.,,,None/Other,Day,Queen City Park Rd.,None,None,,VT0040300,Not at a Junction,None,793 Shelburne Rd,Wet,,"44.44456334931239,-73.20960586898589"
4273266,,"August 7, 2021, 6:02 PM",Burlington,Park St,PARK ST,Property Damage Only,Same Direction Sideswipe,Clear,,21BU012446,Burlington PD,,,None/Other,Day,North St,None,None,,VT0040100,Four-way Intersection,Not reported,Park St,Wet,,"44.484539645577584,-73.21934963320429"
4273265,,"August 8, 2021, 10:32 AM",Essex,55 Upper Main St,UPPER MAIN ST,Property Damage Only,Rear End,Clear,,21ES004725,Essex PD.,,,None/Other,Day,Upper Main St,None,None,,VT0040200,Four-way Intersection,None,55 Upper Main St,Dry,,"44.506738998770686,-73.08889140096272"
4274845,,"August 8, 2021, 3:15 PM",South Burlington,Shelburne Rd,SHELBURNE RD,Property Damage Only,Same Direction Sideswipe,Clear,,21SB007088,So. Burlington PD.,,,None/Other,Day,Queen City Pkwy,None,None,,VT0040300,Not at a Junction,None,Shelburne Rd,Dry,,"44.42156680467293,-73.21201193393634"
4273252,,"August 9, 2021, 11:22 AM",Burlington,298 College St,,Injury,"Left Turn and Thru, Head On ^v--",Clear,,21BU012544,Burlington PD,,,None/Other,Day,YMCA Lot Exit,None,None,,VT0040100,T - Intersection,Other - Explain in Narrative,298 College St,Dry,,"44.47775981300861,-73.20791121679329"
4274612,,"August 9, 2021, 5:24 PM",South Burlington,41 Hinesburg Rd,,Property Damage Only,Same Direction Sideswipe,Clear,,21SB007120,So. Burlington PD.,,,None/Other,Day,Price Chopper,None,None,,VT0040300,Parking Lot,None,41 Hinesburg Rd,Dry,,"44.465988988816136,-73.17158142473644"
4273253,,"August 9, 2021, 6:32 PM",South Burlington,Airport Rd,AIRPORT RD,Property Damage Only,"Left Turn and Thru, Same Direction Sideswipe/Angle Crash vv--",Clear,,21SB007123,So. Burlington PD.,,,None/Other,Day,Airport Dr,None,None,,VT0040300,T - Intersection,None,Airport Rd,Dry,,"44.46426909488117,-73.15714851840707"
4273250,,"August 10, 2021, 7:44 PM",South Burlington,1900 Williston Rd,,Property Damage Only,Rear-to-rear,Clear,,21SB007151,So. Burlington PD.,,,None/Other,Night,,None,None,,VT0040300,Parking Lot,None,1900 Williston Rd,Dry,,"44.46157898751368,-73.15015141716748"
4273246,,"August 11, 2021, 3:07 PM",Colchester,I89 EXIT 17 NB,I-89 EXIT 17 RAMP D,Property Damage Only,Rear End,Clear,,21CC006884,Colchester PD.,,,None/Other,Day,,None,None,,VT0040500,Y - Intersection,None,I89 EXIT 17 NB,Dry,,"44.59089889460988,-73.16998786294792"
4273247,,"August 11, 2021, 3:25 PM",South Burlington,1150 Williston Rd,,Property Damage Only,Rear-to-rear,Clear,,21SB007182,So. Burlington PD.,,,None/Other,Day,,None,None,,VT0040300,Parking Lot,None,1150 Williston Rd,Dry,,"44.468888987983846,-73.17775142640099"
4273244,,"August 11, 2021, 4:40 PM",Williston,2939 St George Rd,SAINT GEORGE RD,Property Damage Only,"Right Turn and Thru, Same Direction Sideswipe/Angle Crash ^^--",Clear,,21WT04103,Williston PD.,,,None/Other,Day,I89 X 12,None,None,,VT0041000,Four-way Intersection,None,2939 St George Rd,Dry,,"44.439948986584916,-73.11469140357158"
4273242,,"August 12, 2021, 3:15 PM",Essex,15 Mohawk Ave,MOHAWK AVE,Property Damage Only,"Left Turn and Thru, Angle Broadside -->v--",Cloudy,,21ES004836,Essex PD.,,,None/Other,Day,Huron Ave,None,None,,VT0040200,T - Intersection,None,15 Mohawk Ave,Dry,,"44.49060899401477,-73.1231014102505"